[
                      {
                        "description": "",
                        "image1": "",
                        "name": "Bad1-Lesson1 (1)",
                        "text1": "সুভাষ তাড়াতাড়ি ছোটে",
                        "text2": "Subhash runs quickly. \nAdverb হল সেই শব্দ, যা বাক্যের verb-টির রূপ আরও ফুটিয়ে তোলে বা তাকে পরিবর্তন করে । এক্ষেত্রে কেমন করে run করে, না quickly । এই quickly হল adverb । ভুল - Subhash runs quick ।"
                      },
                      {
                        "description": "",
                        "image1": "",
                        "name": "Bad1-Lesson1 (2)",
                        "text1": "সামিমা পরিষ্কারভাবে পড়তে পারে",
                        "text2": "Samima can read clearly. \n\"পড়া\"-কে আরো ফুটিয়ে তুলছে সামিমা কিভাবে পড়তে পারে সেটা দিয়ে - পরিষ্কারভাবে (clearly) । clearly হল adverb, যা read verb-কে একটা ভাব প্রদান করল । Samima clearly can read বা Samima can read clear - দুটোই ভুল ।"
                      },
                      {
                        "description": "",
                        "image1": "",
                        "name": "Bad1-Lesson1 (3)",
                        "text1": "সম্ভবত সে কবিতা লেখে",
                        "text2": "Possibly he writes poems. \nPossibly - সম্ভবত । He writes poems possibly না লেখাই ভালো । He possibly writes poems লিখলে ঠিক হবে । poems-এর জায়গায় poetry-ও হতে পারে - he writes poetry ।"
                      },
                      {
                        "description": "",
                        "image1": "",
                        "name": "Bad1-Lesson1 (4)",
                        "text1": "ভাগ্যবশত সে সাঁতার জানত",
                        "text2": "Luckily she could swim. \nLuckily - ভাগ্যবশত । adverb হয় বাক্যের শেষে নয় প্রথমে দিলেই ভালো । লক্ষ্য কর - 'জানত' আছে, কিন্তু যেহেতু ক্ষমতা বুঝিয়েছে (সাঁতার কাটতে পারা) আর অতীতকাল আছে, তাই could swim হল । she knew swimming বা she knew how to swim-ও ঠিক হত ।"
                      },
                      {
                        "description": "",
                        "image1": "",
                        "name": "Bad1-Lesson1 (5)",
                        "text1": "দুর্ভাগ্যবশত কেউ সেখানে উপস্থিত ছিল না",
                        "text2": "Unfortunately nobody was present there. \nদুর্ভাগ্যবশত - Unfortunately (সৌভাগ্যবশত - fortunately), unfortunely নয় । এভাবে সাজাও - কেউ না (nobody) ছিল (was) উপস্থিত (present) । ভুল - anybody was not present বা nobody was absent । মনে রাখবে, there-ও একটা adverb । লিখবে না - nobody there was present ।"
                      },
                      {
                        "description": "",
                        "image1": "",
                        "name": "Bad1-Lesson1 (6)",
                        "text1": "জয়া বুধবার দেরী করে এসেছিল",
                        "text2": "Jaya came late on Wednesday. \nকেমন করে এসেছিল, না দেরী করে, তাই adverb late ব্যবহার হল verb came-এর সঙ্গে । দেরী করে আসা - come late । দেরী করে এসেছিল - came late । দিন আছে বলে (বুধবার) preposition on ব্যবহার হল Wednesday-র আগে । lately এক্ষেত্রে ভুল ইংরিজি, তার মানে সম্পূর্ণ আলাদা ।"
                      },
                      {
                        "description": "",
                        "image1": "",
                        "name": "Bad1-Lesson1 (7)",
                        "text1": "সম্প্রতি আমি একটা চিঠি পেলাম",
                        "text2": "I got a letter lately. \nএইখানে late হবে না, lately (সম্প্রতি) হবে । lately মানে সম্প্রতি । এখানে Lately-এর পরিবর্তে Recently-ও লেখা যায় । সম্প্রতি হলেও অতীতকাল হল (got), কারণ পাওয়াটা হয়ে গেছে । তুমি have got লিখলে ভুল খুব হত না ।"
                      },
                      {
                        "description": "",
                        "image1": "",
                        "name": "Bad1-Lesson1 (8)",
                        "text1": "পরে আর একটা চিঠি পেলাম",
                        "text2": "I got another letter later. \nপরে - later আর চিঠি - letter । দেরী করে - late আর সম্প্রতি - lately । চারটের তফাৎ খেয়াল রাখবে । \"আমি\" উহ্য আছে, কিন্তু ইংরিজিতে I ব্যবহার করতেই হবে ।"
                      },
                      {
                        "description": "",
                        "image1": "",
                        "name": "Bad1-Lesson1 (9)",
                        "text1": "নৌকোটা ধীরে চলছে",
                        "text2": "The boat is moving slowly. \nধীরে - slowly । Slowly the boat is moving লিখলে ভালো হবে না । যখন verb কেমন করে কাজ করছে বোঝাচ্ছে (slowly), তখন verb-এর পর adverb বসবে । যেমন, moving slowly, going fast ইত্যাদি ।  moving-এর জায়গায় going লিখলেও ভুল হত না ।"
                      },
                      {
                        "description": "",
                        "image1": "",
                        "name": "Bad1-Lesson1 (10)",
                        "text1": "জাহাজটা জোরে ছুটছে",
                        "text2": "The ship is running fast. \nfastly ভুল ইংরিজি । slowly-র উল্টো quickly-ও লেখা যায় । Fast the ship is running লিখবে না, কারণ কেমন করে ছুটছে, না fast । তাই আগের নিয়ম অনুযায়ী running fast হবে ।"
                      }
]