[
                      {
                        "description": "",
                        "image1": "",
                        "name": "Bad1-Lesson3 (1)",
                        "text1": "আপনি কি দয়া করে আমায় এক গ্লাস জল দেবেন ?",
                        "text2": "Will you kindly give me a glass of water ? \nkindly - দয়া করে । please-ও লেখা যায় kindly-র জায়গায় । give to me নয়, give me । a glass water বা a water glass ভুল । kindly-র স্থানটা লক্ষ্য কর ।"
                      },
                      {
                        "description": "",
                        "image1": "",
                        "name": "Bad1-Lesson3 (2)",
                        "text1": "শিখেরা নির্ভীকভাবে লড়েছিল",
                        "text2": "The Sikhs fought bravely. \nনির্ভীকভাবে - bravely । fearlessly-ও ঠিক হবে । খেয়াল রাখবে, fight-fought-fought । অতীতকাল বলে fought হল । The Sikhs ব্যবহারটা লক্ষ্য কর । The Sikh বা Sikhs হয় নি ।"
                      },
                      {
                        "description": "",
                        "image1": "",
                        "name": "Bad1-Lesson3 (3)",
                        "text1": "সুস্মিতা তার ইতিহাসের পড়া পুরোপুরি তৈরী করেছে",
                        "text2": "Susmita has prepared her history lessons fully. \nপুরোপুরি - fully । তৈরী করেছে - has prepared । ইতিহাসের পড়া - history lessons । হবে না - his, কারণ সুস্মিতা মেয়ে ।"
                      },
                      {
                        "description": "",
                        "image1": "",
                        "name": "Bad1-Lesson3 (4)",
                        "text1": "বেশী দূরে যেও না",
                        "text2": "Do not go too far. \nবেশী দূরে - too far (এটাও adverb) । ভুল - go to far বা go to too far । এখানে go to হ্য় না । দূরে যেও না - do not go far । বেশী দূরে যেও না - do not go too far । আরেকটা কথা মনে রাখবে, \"ly\" থাকলেই adverb হবে না সবসময়, যেমন lovely । ওটা adjective । উদাহরণ - He is a lovely boy ।"
                      },
                      {
                        "description": "",
                        "image1": "",
                        "name": "Bad1-Lesson3 (5)",
                        "text1": "আমি এটা আগে শুনেছি",
                        "text2": "I have heard this before. \nআগে অর্থে before ব্যবহার হল । যদিও before এমনিতে একটা preposition, কিন্তু এখানে \"আগে\" বোঝাতে adverb হিসেবে ব্যবহার হল । preposition হিসেবে ব্যবহার হলে before you, before 7 PM এরকম হয়, এখানে কার আগে জানা না থাকলেও before হল । Before I have heard it - কিন্তু আবার ভুল অর্থ হয়ে যাবে । শুনেছি - have heard ।"
                      },
                      {
                        "description": "",
                        "image1": "",
                        "name": "Bad1-Lesson3 (6)",
                        "text1": "এই কাজের জন্য রবীনই যথেষ্ট",
                        "text2": "Robin only is good enough for this work. \n\"যথেষ্ট ভালো\" না থাকলেও এখানে তাই বোঝাচ্ছে । অতএব, good enough । এটা একটা বিশেষ ব্যবহার । enough এক adverb । ভুল - enough good । Robin only is enough for this work একেবারে ভুল হত, তা নয় । লক্ষ্য কর - Robin only, যার অর্থ রবীনই ।"
                      },
                      {
                        "description": "",
                        "image1": "",
                        "name": "Bad1-Lesson3 (7)",
                        "text1": "যত তাড়াতাড়ি সম্ভব, ওষুধ আনো",
                        "text2": "Bring medicine as soon as possible. \nএটিও বিশেষ ব্যবহার - as soon as possible, অর্থ - যত তাড়াতাড়ি সম্ভব । as quickly as possible-ও লেখা যায় soon-এর বদলে । as soon as possible দিয়ে শুরু করা যাবে না অবশ্য । আনা - bring ।"
                      },
                      {
                        "description": "",
                        "image1": "",
                        "name": "Bad1-Lesson3 (8)",
                        "text1": "আশা দীপককে যত জোরে পারে মারল",
                        "text2": "Asha hit Dipak as hard as possible. \nযত জোর সম্ভব - as hard as possible । শুধু hard as possible লিখলে ভুল হবে । \"মারল\" অতীতকাল, তাই hit হল, কারণ hit-hit-hit (hited ভুল) । আর hit to Dipak-ও ভুল ।"
                      },
                      {
                        "description": "",
                        "image1": "",
                        "name": "Bad1-Lesson3 (9)",
                        "text1": "সকলের সঙ্গে যতটা সম্ভব সুন্দর ব্যবহার করা উচিৎ",
                        "text2": "One should behave with all as nicely as possible. \nএখানেও সরাসরি কর্তা নেই, তাই one দিয়ে শুরু করা হল । এটা একটা প্রচলিত কায়দা । ব্যবহার করা - behave ।  যতটা সম্ভব সুন্দর - as nicely as possible । লেখা যেত - with all people ।"
                      },
                      {
                        "description": "",
                        "image1": "",
                        "name": "Bad1-Lesson3 (10)",
                        "text1": "কিভাবে যথাসম্ভব সহজভাবে মানুষের সঙ্গে মিশতে পারা যায় ?",
                        "text2": "How can one mix with people as simply as possible ? \nযথাসম্ভব সহজভাবে - as simple as possible । মানুষের সঙ্গে মেশা - mix with people । এখানেও কর্তা নেই বলে one দিয়ে শুরু করা হল ।"
                      }
]