[
                      {
                        "description": "",
                        "image1": "",
                        "name": "BCg2-Lesson3 (1)",
                        "text1": "তুমি/তোমরা যেতে পারতে",
                        "text2": "You could go."
                      },
                       {
                        "description": "",
                        "image1": "",
                        "name": "BCg2-Lesson3 (2)",
                        "text1": "তুমি/তোমরা কি যেতে পারতে ?",
                        "text2": "Could you go ?"
                      },
                       {
                        "description": "",
                        "image1": "",
                        "name": "BCg2-Lesson3 (3)",
                        "text1": "তুমি/তোমরা যেতে পারলে না",
                        "text2": "You could not go."
                      },
                       {
                        "description": "",
                        "image1": "",
                        "name": "BCg2-Lesson3 (4)",
                        "text1": "তুমি/তোমরা বোধহয় যাবে",
                        "text2": "Perhaps you will go."
                      },
                       {
                        "description": "",
                        "image1": "",
                        "name": "BCg2-Lesson3 (5)",
                        "text1": "তুমি/তোমরা যাবে ভাবছিলে",
                        "text2": "You were thinking of going."
                      },
                       {
                        "description": "",
                        "image1": "",
                        "name": "BCg2-Lesson3 (6)",
                        "text1": "তোমায়/তোমাদের যেতে হবে",
                        "text2": "You have to go."
                      },
                      {
                        "description": "",
                        "image1": "",
                        "name": "BCg2-Lesson3 (7)",
                        "text1": "তোমায়/তোমাদের কি যেতে হবে ?",
                        "text2": "Will you have to go ?"
                      },
                       {
                        "description": "",
                        "image1": "",
                        "name": "BCg2-Lesson3 (8)",
                        "text1": "তোমায়/তোমাদের কি যেতে হবে না ?",
                        "text2": "Will you not have to go ?"
                      },
                       {
                        "description": "",
                        "image1": "",
                        "name": "BCg2-Lesson3 (9)",
                        "text1": "তোমার/তোমাদের যাবার দরকার",
                        "text2": "You need to go."
                      },
                       {
                        "description": "",
                        "image1": "",
                        "name": "BCg2-Lesson3 (10)",
                        "text1": "তুমি/তোমরা কেন যাবে ?",
                        "text2": "Why will you go ?"
                      },
                       {
                        "description": "",
                        "image1": "",
                        "name": "BCg2-Lesson3 (11)",
                        "text1": "কেন তুমি/তোমরা যাবে না ?",
                        "text2": "Why will you not go ?"
                      },
                       {
                        "description": "",
                        "image1": "",
                        "name": "BCg2-Lesson3 (12)",
                        "text1": "তুমি/তোমরা কখন যাবে ?",
                        "text2": "When will you go ?"
                      },
                      {
                        "description": "",
                        "image1": "",
                        "name": "BCg2-Lesson3 (13)",
                        "text1": "তুমি/তোমরা কোথায় যাবে ?",
                        "text2": "Where will you go ?"
                      },
                       {
                        "description": "",
                        "image1": "",
                        "name": "BCg2-Lesson3 (14)",
                        "text1": "তুমি/তোমরা কার সঙ্গে যাবে ?",
                        "text2": "With whom will you go ?"
                      },
                       {
                        "description": "",
                        "image1": "",
                        "name": "BCg2-Lesson3 (15)",
                        "text1": "তুমি/তোমরা যেতে চাও",
                        "text2": "You want to go."
                      },
                       {
                        "description": "",
                        "image1": "",
                        "name": "BCg2-Lesson3 (16)",
                        "text1": "তোমার/তোমাদের যেতে ভালো লাগে",
                        "text2": "You love to go."
                      },
                       {
                        "description": "",
                        "image1": "",
                        "name": "BCg2-Lesson3 (17)",
                        "text1": "তোমার/তোমাদের যাবার ইচ্ছে  আছে",
                        "text2": "You wish to go."
                      },
                       {
                        "description": "",
                        "image1": "",
                        "name": "BCg2-Lesson3 (18)",
                        "text1": "তুমি/তোমরা যদি যেতে পারতে !",
                        "text2": "If you could go !"
                      }
]