[
                      {
                        "description": "",
                        "image1": "",
                        "name": "BCg2-Lesson1 (1)",
                        "text1": "আমি যেতে পারতাম",
                        "text2": "I could go."
                      },
                      {
                        "description": "",
                        "image1": "",
                        "name": "BCg2-Lesson1 (2)",
                        "text1": "আমি কি যেতে পারতাম ?",
                        "text2": "Could I go ?"
                      },
                      {
                        "description": "",
                        "image1": "",
                        "name": "BCg2-Lesson1 (3)",
                        "text1": "আমি যেতে পারলাম না",
                        "text2": "I could not go."
                      },
                      {
                        "description": "",
                        "image1": "",
                        "name": "BCg2-Lesson1 (4)",
                        "text1": "আমি বোধহয় যাবো",
                        "text2": "Perhaps I shall go."
                      },
                      {
                        "description": "",
                        "image1": "",
                        "name": "BCg2-Lesson1 (5)",
                        "text1": "আমি যাবো ভাবছিলাম",
                        "text2": "I was thinking of going."
                      },
                      {
                        "description": "",
                        "image1": "",
                        "name": "BCg2-Lesson1 (6)",
                        "text1": "আমায় যেতে হবে",
                        "text2": "I have to go."
                      },
                      {
                        "description": "",
                        "image1": "",
                        "name": "BCg2-Lesson1 (7)",
                        "text1": "আমায় কি যেতে হবে ?",
                        "text2": "Shall I have to go ?"
                      },
                      {
                        "description": "",
                        "image1": "",
                        "name": "BCg2-Lesson1 (8)",
                        "text1": "আমায় কি যেতে হবে না ?",
                        "text2": "Shall I not have to go ?"
                      },
                      {
                        "description": "",
                        "image1": "",
                        "name": "BCg2-Lesson1 (9)",
                        "text1": "আমার যাবার দরকার",
                        "text2": "I need to go."
                      },
                      {
                        "description": "",
                        "image1": "",
                        "name": "BCg2-Lesson1 (10)",
                        "text1": "আমি কেন যাবো ?",
                        "text2": "Why shall I go ?"
                      },
                      {
                        "description": "",
                        "image1": "",
                        "name": "BCg2-Lesson1 (11)",
                        "text1": "কেন আমি যাবো না ?",
                        "text2": "Why shall I not go ?"
                      },
                      {
                        "description": "",
                        "image1": "",
                        "name": "BCg2-Lesson1 (12)",
                        "text1": "আমি কখন যাবো ?",
                        "text2": "When shall I go ?"
                      },
                      {
                        "description": "",
                        "image1": "",
                        "name": "BCg2-Lesson1 (13)",
                        "text1": "আমি কোথায় যাবো ?",
                        "text2": "Where shall I go ?"
                      },
                      {
                        "description": "",
                        "image1": "",
                        "name": "BCg2-Lesson1 (14)",
                        "text1": "আমি কার সঙ্গে যাবো ?",
                        "text2": "With whom shall I go ?"
                      },
                      {
                        "description": "",
                        "image1": "",
                        "name": "BCg2-Lesson1 (15)",
                        "text1": "আমি যেতে চাই",
                        "text2": "I want to go."
                      },
                      {
                        "description": "",
                        "image1": "",
                        "name": "BCg2-Lesson1 (16)",
                        "text1": "আমার যেতে ভালো লাগে",
                        "text2": "I love to go."
                      },
                      {
                        "description": "",
                        "image1": "",
                        "name": "BCg2-Lesson1 (17)",
                        "text1": "আমার যাবার ইচ্ছে আছে",
                        "text2": "I wish to go."
                      },
                      {
                        "description": "",
                        "image1": "",
                        "name": "BCg2-Lesson1 (18)",
                        "text1": "আমি যদি যেতে পারতাম !",
                        "text2": "If I could go !"
                      }
]