[
                      {
                        "description": "",
                        "image1": "",
                        "name": "BCg2-Lesson4 (1)",
                        "text1": "সে/এ যেতে পারত",
                        "text2": "He/It could go."
                      },
                      {
                        "description": "",
                        "image1": "",
                        "name": "BCg2-Lesson4 (2)",
                        "text1": "সে/এ কি যেতে পারত ?",
                        "text2": "Could he/it go ?"
                      },
                      {
                        "description": "",
                        "image1": "",
                        "name": "BCg2-Lesson4 (3)",
                        "text1": "সে/এ যেতে পারল না",
                        "text2": "He/It could not go."
                      },
                      {
                        "description": "",
                        "image1": "",
                        "name": "BCg2-Lesson4 (4)",
                        "text1": "সে/এ বোধহয় যাবে",
                        "text2": "Perhaps he/it will go."
                      },
                      {
                        "description": "",
                        "image1": "",
                        "name": "BCg2-Lesson4 (5)",
                        "text1": "সে/এ যাবে ভাবছিল",
                        "text2": "He/It was thinking of going."
                      },
                      {
                        "description": "",
                        "image1": "",
                        "name": "BCg2-Lesson4 (6)",
                        "text1": "তাকে/একে যেতে হবে",
                        "text2": "He/It has to go."
                      },
                      {
                        "description": "",
                        "image1": "",
                        "name": "BCg2-Lesson4 (7)",
                        "text1": "তাকে/একে কি যেতে হবে ?",
                        "text2": "Will he/it have to go ?"
                      },
                      {
                        "description": "",
                        "image1": "",
                        "name": "BCg2-Lesson4 (8)",
                        "text1": "তাকে/একে কি যেতে হবে না ?",
                        "text2": "Will he/it not have to go ?"
                      },
                      {
                        "description": "",
                        "image1": "",
                        "name": "BCg2-Lesson4 (9)",
                        "text1": "তার/এর যাবার দরকার",
                        "text2": "He/It needs to go."
                      },
                      {
                        "description": "",
                        "image1": "",
                        "name": "BCg2-Lesson4 (10)",
                        "text1": "সে/এ কেন যাবে ?",
                        "text2": "Why will he/it go ?"
                      },
                      {
                        "description": "",
                        "image1": "",
                        "name": "BCg2-Lesson4 (11)",
                        "text1": "কেন সে/এ যাবে না ?",
                        "text2": "Why will he/it not go ?"
                      },
                      {
                        "description": "",
                        "image1": "",
                        "name": "BCg2-Lesson4 (12)",
                        "text1": "সে/এ কখন যাবে ?",
                        "text2": "When will he/it go ?"
                      },
                      {
                        "description": "",
                        "image1": "",
                        "name": "BCg2-Lesson4 (13)",
                        "text1": "সে/এ কোথায় যাবে ?",
                        "text2": "Where will he/it go ?"
                      },
                      {
                        "description": "",
                        "image1": "",
                        "name": "BCg2-Lesson4 (14)",
                        "text1": "সে/এ কার সঙ্গে যাবে ?",
                        "text2": "With whom will he/it go ?"
                      },
                      {
                        "description": "",
                        "image1": "",
                        "name": "BCg2-Lesson4 (15)",
                        "text1": "সে/এ যেতে চায়",
                        "text2": "He/It wants to go."
                      },
                      {
                        "description": "",
                        "image1": "",
                        "name": "BCg2-Lesson4 (16)",
                        "text1": "তার/এর যেতে ভালো লাগে",
                        "text2": "He/It loves to go."
                      },
                      {
                        "description": "",
                        "image1": "",
                        "name": "BCg2-Lesson4 (17)",
                        "text1": "তার/এর যাবার ইচ্ছে আছে",
                        "text2": "He/It wishes to go."
                      },
                      {
                        "description": "",
                        "image1": "",
                        "name": "BCg2-Lesson4 (18)",
                        "text1": "সে/এ যদি যেতে পারত !",
                        "text2": "If he/it could go !"
                      }
]