[
                      {
                        "description": "",
                        "image1": "",
                        "name": "BCg3-Lesson2 (1)",
                        "text1": "আমরা যেতে থাকছি",
                        "text2": "We have been going."
                      },
                       {
                        "description": "",
                        "image1": "",
                        "name": "BCg3-Lesson2 (2)",
                        "text1": "আমরা যেতে থাকবো",
                        "text2": "We shall be going."
                      },
                       {
                        "description": "",
                        "image1": "",
                        "name": "BCg3-Lesson2 (3)",
                        "text1": "আমরা যেতে থাকলাম",
                        "text2": "We had been going."
                      },
                       {
                        "description": "",
                        "image1": "",
                        "name": "BCg3-Lesson2 (4)",
                        "text1": "আমরা কি যেতে থাকছি ?",
                        "text2": "Have we been going ?"
                      },
                       {
                        "description": "",
                        "image1": "",
                        "name": "BCg3-Lesson2 (5)",
                        "text1": "আমরা কি যেতে থাকবো ?",
                        "text2": "Shall we be going ?"
                      },
                       {
                        "description": "",
                        "image1": "",
                        "name": "BCg3-Lesson2 (6)",
                        "text1": "আমরা কি যেতে  থাকছিলাম ?",
                        "text2": "Had we been going ?"
                      },
                       {
                        "description": "",
                        "image1": "",
                        "name": "BCg3-Lesson2 (7)",
                        "text1": "আমরা গিয়েছিলাম",
                        "text2": "We had gone."
                      },
                       {
                        "description": "",
                        "image1": "",
                        "name": "BCg3-Lesson2 (8)",
                        "text1": "আমরা কি গিয়েছিলাম ?",
                        "text2": "Had we gone ?"
                      },
                       {
                        "description": "",
                        "image1": "",
                        "name": "BCg3-Lesson2 (9)",
                        "text1": "আমরা যেতে পারতাম",
                        "text2": "We could have gone. \nExample: We said we could have gone. ঘটনাটা ঘটতে পারতো ।"
                      },
                       {
                        "description": "",
                        "image1": "",
                        "name": "BCg3-Lesson2 (10)",
                        "text1": "আমরা কি যেতে পারতাম ?",
                        "text2": "Could we have gone ?"
                      },
                       {
                        "description": "",
                        "image1": "",
                        "name": "BCg3-Lesson2 (11)",
                        "text1": "আমরা যেতে পারতাম",
                        "text2": "We would have gone. \nExample: Had you told us we would have gone. সম্ভাবনা বোঝাতে ।"
                      },
                       {
                        "description": "",
                        "image1": "",
                        "name": "BCg3-Lesson2 (12)",
                        "text1": "আমরা কি যেতে পারতাম ?",
                        "text2": "Would we have gone ?"
                      },
                       {
                        "description": "",
                        "image1": "",
                        "name": "BCg3-Lesson2 (13)",
                        "text1": "আমাদের যেতে পারা উচিৎ ছিল",
                        "text2": "We should have gone."
                      },
                       {
                        "description": "",
                        "image1": "",
                        "name": "BCg3-Lesson2 (14)",
                        "text1": "আমাদের কি যেতে পারা উচিৎ ছিল ?",
                        "text2": "Should we have gone ?"
                      },
                       {
                        "description": "",
                        "image1": "",
                        "name": "BCg3-Lesson2 (15)",
                        "text1": "আমরা যেতে পারতাম",
                        "text2": "We may have gone."
                      },
                       {
                        "description": "",
                        "image1": "",
                        "name": "BCg3-Lesson2 (16)",
                        "text1": "আমরা কি যেতে পারতাম ?",
                        "text2": "May we have gone ?"
                      },
                       {
                        "description": "",
                        "image1": "",
                        "name": "BCg3-Lesson2 (17)",
                        "text1": "আমরা না গিয়ে পারলাম না",
                        "text2": "We cannot but go."
                      },
                       {
                        "description": "",
                        "image1": "",
                        "name": "BCg3-Lesson2 (18)",
                        "text1": "আমরা না গিয়ে পারলাম না",
                        "text2": "We cannot help going."
                      }
]