[
                      {
                        "description": "",
                        "image1": "",
                        "name": "BCg3-Lesson5 (1)",
                        "text1": "তারা যেতে থাকছে",
                        "text2": "They have been going."
                      },
                       {
                        "description": "",
                        "image1": "",
                        "name": "BCg3-Lesson5 (2)",
                        "text1": "তারা যেতে থাকবে",
                        "text2": "They will be going."
                      },
                       {
                        "description": "",
                        "image1": "",
                        "name": "BCg3-Lesson5 (3)",
                        "text1": "তারা যেতে থাকছিলো",
                        "text2": "They had been going."
                      },
                       {
                        "description": "",
                        "image1": "",
                        "name": "BCg3-Lesson5 (4)",
                        "text1": "তারা কি যেতে থাকছে ?",
                        "text2": "Have they been going ?"
                      },
                       {
                        "description": "",
                        "image1": "",
                        "name": "BCg3-Lesson5 (5)",
                        "text1": "তারা কি যেতে  থাকবে ?",
                        "text2": "Will they be going ?"
                      },
                       {
                        "description": "",
                        "image1": "",
                        "name": "BCg3-Lesson5 (6)",
                        "text1": "তারা কি যেতে থাকছিলো ?",
                        "text2": "Had they been going ?"
                      },
                       {
                        "description": "",
                        "image1": "",
                        "name": "BCg3-Lesson5 (7)",
                        "text1": "তারা গিয়েছিলো",
                        "text2": "They had gone."
                      },
                       {
                        "description": "",
                        "image1": "",
                        "name": "BCg3-Lesson5 (8)",
                        "text1": "তারা  কি গিয়েছিলো ?",
                        "text2": "Had they gone ?"
                      },
                       {
                        "description": "",
                        "image1": "",
                        "name": "BCg3-Lesson5 (9)",
                        "text1": "তারা যেতে পারতো",
                        "text2": "They could have gone. \nExample: Had you told them they would have gone. সম্ভাবনা বোঝাতে ।"
                      },
                       {
                        "description": "",
                        "image1": "",
                        "name": "BCg3-Lesson5 (10)",
                        "text1": "তারা কি যেতে পারতো ?",
                        "text2": "Could they have gone ?"
                      },
                       {
                        "description": "",
                        "image1": "",
                        "name": "BCg3-Lesson5 (11)",
                        "text1": "তারা যেতে পারতো",
                        "text2": "They would have gone. \nExample: They wish they would have gone. সম্ভাবনা বোঝাতে ।"
                      },
                       {
                        "description": "",
                        "image1": "",
                        "name": "BCg3-Lesson5 (12)",
                        "text1": "তারা কি যেতে পারতো ?",
                        "text2": "Would they have gone ?"
                      },
                       {
                        "description": "",
                        "image1": "",
                        "name": "BCg3-Lesson5 (13)",
                        "text1": "তাদের  যেতে পারা উচিৎ ছিল",
                        "text2": "They should have gone."
                      },
                       {
                        "description": "",
                        "image1": "",
                        "name": "BCg3-Lesson5 (14)",
                        "text1": "তাদের কি যেতে পারা উচিৎ ছিল ?",
                        "text2": "Should they have gone ?"
                      },
                       {
                        "description": "",
                        "image1": "",
                        "name": "BCg3-Lesson5 (15)",
                        "text1": "তারা যেতে পারতো",
                        "text2": "They may have gone."
                      },
                       {
                        "description": "",
                        "image1": "",
                        "name": "BCg3-Lesson5 (16)",
                        "text1": "তারা কি যেতে পারতো ?",
                        "text2": "May they have gone ?"
                      },
                       {
                        "description": "",
                        "image1": "",
                        "name": "BCg3-Lesson5 (17)",
                        "text1": "তারা না গিয়ে পারবে না",
                        "text2": "They cannot but go."
                      },
                       {
                        "description": "",
                        "image1": "",
                        "name": "BCg3-Lesson5 (18)",
                        "text1": "তারা না গিয়ে পারবে না",
                        "text2": "They cannot help going."
                      }
]