[
                      {
                        "description": "",
                        "image1": "",
                        "name": "BCg3-Lesson1 (1)",
                        "text1": "আমি যেতে থাকছি",
                        "text2": "I have been going."
                      },
                      {
                        "description": "",
                        "image1": "",
                        "name": "BCg3-Lesson1 (2)",
                        "text1": "আমি  যেতে  থাকবো",
                        "text2": "I shall be going."
                      },
                      {
                        "description": "",
                        "image1": "",
                        "name": "BCg3-Lesson1 (3)",
                        "text1": "আমি যেতে থেকেছিলাম",
                        "text2": "I had been going."
                      },
                      {
                        "description": "",
                        "image1": "",
                        "name": "BCg3-Lesson1 (4)",
                        "text1": "আমি কি যেতে থাকছি ?",
                        "text2": "Have I been going ?"
                      },
                      {
                        "description": "",
                        "image1": "",
                        "name": "BCg3-Lesson1 (5)",
                        "text1": "আমি কি যেতে থাকবো ?",
                        "text2": "Shall I be going ?"
                      },
                      {
                        "description": "",
                        "image1": "",
                        "name": "BCg3-Lesson1 (6)",
                        "text1": "আমি কি যেতে  থাকছিলাম ?",
                        "text2": "Had I been going ?"
                      },
                      {
                        "description": "",
                        "image1": "",
                        "name": "BCg3-Lesson1 (7)",
                        "text1": "আমি গিয়েছিলাম",
                        "text2": "I had gone."
                      },
                      {
                        "description": "",
                        "image1": "",
                        "name": "BCg3-Lesson1 (8)",
                        "text1": "আমি কি গিয়েছিলাম ?",
                        "text2": "Had I gone ?"
                      },
                      {
                        "description": "",
                        "image1": "",
                        "name": "BCg3-Lesson1 (9)",
                        "text1": "আমি যেতে পারতাম",
                        "text2": "I could have gone. \nExample: I said I could have gone. ঘটনাটা ঘটতে পারতো ।"
                      },
                      {
                        "description": "",
                        "image1": "",
                        "name": "BCg3-Lesson1 (10)",
                        "text1": "আমি কি যেতে পারতাম ?",
                        "text2": "Could I have gone ?"
                      },
                      {
                        "description": "",
                        "image1": "",
                        "name": "BCg3-Lesson1 (11)",
                        "text1": "আমি যেতে পারতাম",
                        "text2": "I would have gone. \nExample: Had you told me I would have gone. সম্ভাবনা বোঝাতে ।"
                      },
                      {
                        "description": "",
                        "image1": "",
                        "name": "BCg3-Lesson1 (12)",
                        "text1": "আমি কি যেতাম ?",
                        "text2": "Would I have gone ?"
                      },
                      {
                        "description": "",
                        "image1": "",
                        "name": "BCg3-Lesson1 (13)",
                        "text1": "আমার যেতে পারা উচিৎ ছিল",
                        "text2": "I should have gone."
                      },
                      {
                        "description": "",
                        "image1": "",
                        "name": "BCg3-Lesson1 (14)",
                        "text1": "আমার কি যেতে পারা উচিৎ ছিল ?",
                        "text2": "Should I have gone ?"
                      },
                      {
                        "description": "",
                        "image1": "",
                        "name": "BCg3-Lesson1 (15)",
                        "text1": "আমি যেতে পারতাম",
                        "text2": "I may have gone."
                      },
                      {
                        "description": "",
                        "image1": "",
                        "name": "BCg3-Lesson1 (16)",
                        "text1": "আমি কি যেতে পারতাম ?",
                        "text2": "May I have gone ?"
                      },
                      {
                        "description": "",
                        "image1": "",
                        "name": "BCg3-Lesson1 (17)",
                        "text1": "আমি না গিয়ে পারলাম না",
                        "text2": "I cannot but go."
                      },
                      {
                        "description": "",
                        "image1": "",
                        "name": "BCg3-Lesson1 (18)",
                        "text1": "আমি না গিয়ে পারলাম না",
                        "text2": "I cannot help going."
                      }
]