[
      {
        "description": "",
        "image1": "",
        "name": "BCP1-Lesson1 (1)",
        "text1": "<font color='#553388'><b>আমি হই</b></font>",
        "text2": "I <font color='#559900'>am</font>. <br> second line"
      },
      {
        "description": "",
        "image1": "",
        "name": "BCP1-Lesson1 (2)",
        "text1": "<font color='#228822'>তুমি</font> হও",
        "text2": "<font color='#228822'>You </font><i>are.</i>"
      },
      {
        "description": "",
        "image1": "",
        "name": "BCP1-Lesson1 (3)",
        "text1": "আমরা হই",
        "text2": "We are."
      },
      {
        "description": "",
        "image1": "",
        "name": "BCP1-Lesson1 (4)",
        "text1": "তোমরা হও",
        "text2": "You are."
      },
      {
        "description": "",
        "image1": "",
        "name": "BCP1-Lesson1 (5)",
        "text1": "সে (ছেলে) হয়",
        "text2": "He is."
      },
      {
        "description": "",
        "image1": "",
        "name": "BCP1-Lesson1 (6)",
        "text1": "সে (মেয়ে) হয়",
        "text2": "She is."
      },
      {
        "description": "",
        "image1": "",
        "name": "BCP1-Lesson1 (7)",
        "text1": "তারা হয়",
        "text2": "They are."
      },
      {
        "description": "",
        "image1": "",
        "name": "BCP1-Lesson1 (8)",
        "text1": "এটি হয়",
        "text2": "It is."
      },
      {
        "description": "",
        "image1": "",
        "name": "BCP1-Lesson1 (9)",
        "text1": "এগুলি হয়",
        "text2": "These are. \nIt-এর plural হল these, আবার this-এর plural ও হল these ।"
      },
      {
        "description": "",
        "image1": "",
        "name": "BCP1-Lesson1 (10)",
        "text1": "আমি ছিলাম",
        "text2": "I was."
      },
      {
        "description": "",
        "image1": "",
        "name": "BCP1-Lesson1 (11)",
        "text1": "তুমি ছিলে",
        "text2": "You were."
      },
      {
        "description": "",
        "image1": "",
        "name": "BCP1-Lesson1 (12)",
        "text1": "আমরা ছিলাম",
        "text2": "We were."
      },
      {
        "description": "",
        "image1": "",
        "name": "BCP1-Lesson1 (13)",
        "text1": "তোমরা ছিলে",
        "text2": "You were."
      },
      {
        "description": "",
        "image1": "",
        "name": "BCP1-Lesson1 (14)",
        "text1": "সে  (ছেলে) ছিল",
        "text2": "He was."
      },
      {
        "description": "",
        "image1": "",
        "name": "BCP1-Lesson1 (15)",
        "text1": "সে (মেয়ে) ছিল",
        "text2": "She was."
      },
      {
        "description": "",
        "image1": "",
        "name": "BCP1-Lesson1 (16)",
        "text1": "তারা ছিল",
        "text2": "They were."
      },
      {
        "description": "",
        "image1": "",
        "name": "BCP1-Lesson1 (17)",
        "text1": "এটি ছিল",
        "text2": "It was."
      },
      {
        "description": "",
        "image1": "",
        "name": "BCP1-Lesson1 (18)",
        "text1": "এগুলি ছিল",
        "text2": "These were. \nIt-এর plural হল these, আবার this-এর plural ও হল these । it আর these-এর অর্থ একই, দুটোকে বদলা বদলি করে ব্যবহার করা যায় ।"
      },
      {
        "description": "",
        "image1": "",
        "name": "BCP1-Lesson1 (19)",
        "text1": "আমি হব",
        "text2": "I shall."
      },
      {
        "description": "",
        "image1": "",
        "name": "BCP1-Lesson1 (20)",
        "text1": "তুমি হবে",
        "text2": "You will."
      },
      {
        "description": "",
        "image1": "",
        "name": "BCP1-Lesson1 (21)",
        "text1": "আমরা হব",
        "text2": "We shall."
      },
      {
        "description": "",
        "image1": "",
        "name": "BCP1-Lesson1 (22)",
        "text1": "তোমরা হবে",
        "text2": "You will."
      },
      {
        "description": "",
        "image1": "",
        "name": "BCP1-Lesson1 (23)",
        "text1": "সে (ছেলে) হবে",
        "text2": "He will. @He shall হয় না ।"
      },
      {
        "description": "",
        "image1": "",
        "name": "BCP1-Lesson1 (24)",
        "text1": "সে (মেয়ে) হবে",
        "text2": "She will. @She shall হবে না ।"
      },
      {
        "description": "",
        "image1": "",
        "name": "BCP1-Lesson1 (25)",
        "text1": "তারা হবে",
        "text2": "They will."
      },
      {
        "description": "",
        "image1": "",
        "name": "BCP1-Lesson1 (26)",
        "text1": "এটি হবে",
        "text2": "It will. @It shall হবে না ।"
      },
      {
        "description": "",
        "image1": "",
        "name": "BCP1-Lesson1 (27)",
        "text1": "এগুলি হবে",
        "text2": "These will."
      },
      {
        "description": "",
        "image1": "",
        "name": "BCP1-Lesson1 (28)",
        "text1": "আমার আছে",
        "text2": "I have. \nMy have হবে না, যদিও \"আমার\" কথাটা আছে ।"
      },
      {
        "description": "",
        "image1": "",
        "name": "BCP1-Lesson1 (29)",
        "text1": "তোমার আছে",
        "text2": "You have. \nYour have হবে না, যদিও \"তোমার\" কথাটা আছে ।"
      },
      {
        "description": "",
        "image1": "",
        "name": "BCP1-Lesson1 (30)",
        "text1": "আমাদের আছে",
        "text2": "We have. \nWe has হয় না বা Our have হবে না, যদিও \"আমাদের\" কথাটা আছে ।"
      }
]
