[
                      {
                        "description": "",
                        "image1": "",
                        "name": "BCP1-Lesson4 (1)",
                        "text1": "আমি সুখী/আনন্দিত",
                        "text2": "I am happy. \nএর ইংরাজী I happy হবে না কেননা আগেই আমরা জেনেছি ইংরাজী করার সময় - আমি হই সুখী/আনন্দিত- এভাবে বাংলাটা করে নিতে হবে ।"
                      },
                      {
                        "description": "",
                        "image1": "",
                        "name": "BCP1-Lesson4 (2)",
                        "text1": "সে দুঃখী",
                        "text2": "He/She is sad. \nআগের মতোই একই নিয়মে । The sad বা a sad ভুল ইংরাজী ।"
                      },
                      {
                        "description": "",
                        "image1": "",
                        "name": "BCP1-Lesson4 (3)",
                        "text1": "তারা কুঁড়ে",
                        "text2": "They are lazy. \nকুঁড়ে ইংরাজী lazy । lazies কিন্তু হবে না কখনো, যদিও They are আছে । Adjective বলে lazy-র সঙ্গে কিছু জুড়বে না, আগে বহুবচন যতই থাকুক ।"
                      },
                      {
                        "description": "",
                        "image1": "",
                        "name": "BCP1-Lesson4 (4)",
                        "text1": "সে(মেয়েটি) সুন্দর",
                        "text2": "She is nice. \nএখানে সুন্দর মানে beautiful না করাই ভালো। Beautiful কথাটা সাধারণতঃ বাইরের রূপ বোঝাতে বলে থাকি আমরা । Nice শব্দটা ভালো মানুষ বলতে ব্যবহার করা যায়। \"সুন্দরী\" বললে অবশ্য beautiful লিখতে হত ।"
                      },
                      {
                        "description": "",
                        "image1": "",
                        "name": "BCP1-Lesson4 (5)",
                        "text1": "দেব সুন্দর",
                        "text2": "Deb is beautiful."
                      },
                      {
                        "description": "",
                        "image1": "",
                        "name": "BCP1-Lesson4 (6)",
                        "text1": "তাজমহল অসাধারণ ",
                        "text2": "The Tajmahal is great. \nতাজমহল পৃথিবীতে একটাই । তাই এর আগে the বসানো হয় ।"
                      },
                      {
                        "description": "",
                        "image1": "",
                        "name": "BCP1-Lesson4 (7)",
                        "text1": "গাছটি বড়ো",
                        "text2": "The tree is big. \nগাছটি বলা হয়েছে বলে গাছের আগে the বসেছে । Large এখানে ব্যবহার হবে না ।"
                      },
                      {
                        "description": "",
                        "image1": "",
                        "name": "BCP1-Lesson4 (8)",
                        "text1": "পিঁপড়ে ছোটো",
                        "text2": "Ant is small. \nযেহেতু পিঁপড়ে প্রজাতি বোঝানো হচ্ছে তাই এর আগে the বসানো হয় নি। আর small এর আগে the বসানো হয় নি কারণ আলাদা করে 'ছোটো' কোনো পিঁপড়েকে বলা হচ্ছে না ।"
                      },
                      {
                        "description": "",
                        "image1": "",
                        "name": "BCP1-Lesson4 (9)",
                        "text1": "সূর্য উজ্জ্বল",
                        "text2": "The sun is bright. \nযেহেতু সূর্য একটাই তাই সূর্যের আগে The  বসেছে ।"
                      },
                      {
                        "description": "",
                        "image1": "",
                        "name": "BCP1-Lesson4 (10)",
                        "text1": "রাত্রিটা অন্ধকার",
                        "text2": "The night is dark."
                      },
                      {
                        "description": "",
                        "image1": "",
                        "name": "BCP1-Lesson4 (11)",
                        "text1": "চাঁদ  শুভ্র",
                        "text2": "The moon is white. \nএখানেও চাঁদ একটা বলে এর আগে the হয়েছে ।"
                      },
                      {
                        "description": "",
                        "image1": "",
                        "name": "BCP1-Lesson4 (12)",
                        "text1": "কাক কালো",
                        "text2": "Crow is black. \nপ্রজাতি বোঝাচ্ছে বলে The crow হবে না । কাকটা কালো হলে The crow হত ।"
                      },
                      {
                        "description": "",
                        "image1": "",
                        "name": "BCP1-Lesson4 (13)",
                        "text1": "চা-টা গরম",
                        "text2": "The tea is hot. \nএখানে tea এর আগে the এসেছে কারণ সব চা নয়- ঐ বিশেষ চা-টা গরম বলে । Heat হবে না, hot হবে, কারণ adjective-টা hot ।"
                      },
                      {
                        "description": "",
                        "image1": "",
                        "name": "BCP1-Lesson4 (14)",
                        "text1": "আইসক্রিম ঠান্ডা",
                        "text2": "Ice-cream is cold. \nএখানে ice-cream এর আগে the বসেনি কারণ সব আইসক্রিমই ঠান্ডা ।"
                      },
                      {
                        "description": "",
                        "image1": "",
                        "name": "BCP1-Lesson4 (15)",
                        "text1": "সে একটি ভাল মেয়ে",
                        "text2": "She is a good girl. \nসে একটি মেয়ে -এর ইংরাজী হয়- She is a girl.  তার সঙ্গে যোগ হয়েছে \"ভাল\" কথাটা । তাই হলো - She is a good girl ।"
                      },
                      {
                        "description": "",
                        "image1": "",
                        "name": "BCP1-Lesson4 (16)",
                        "text1": "আমি একটি ছোটো ছেলে",
                        "text2": "I am a small boy. \nআগে যেমন বলা আছে -আমি হই একটি ছোটো ছেলে- ধরে নিয়ে ইংরাজী করতে হবে ।"
                      },
                      {
                        "description": "",
                        "image1": "",
                        "name": "BCP1-Lesson4 (17)",
                        "text1": "তিনি একজন বয়স্ক মানুষ",
                        "text2": "He is an old man. \nএখানে শুধু old -এই বিশেষণটা এসেছে । a,e,i,o,u (vowel) দিয়ে কোন শব্দ শুরু হলে তার আগে an বসে । অন্য সব ক্ষেত্রে a বসে । বাকীটা আমাদের জানা ।"
                      },
                      {
                        "description": "",
                        "image1": "",
                        "name": "BCP1-Lesson4 (18)",
                        "text1": "ফুলটি সুন্দর",
                        "text2": "The flower is beautiful. \nযেহেতু ফুলটি বলা হয়েছে তাই the flower  হয়েছে ।"
                      },
                      {
                        "description": "",
                        "image1": "",
                        "name": "BCP1-Lesson4 (19)",
                        "text1": "এই ফুলটি সুন্দর",
                        "text2": "This flower is beautiful. \nফুলটি বললে the flower  হয়, কিন্তু এই ফুলটি বললে this the flower হবে না । শুধু this flower হবে। the beautiful কখনো হয় না ।"
                      },
                      {
                        "description": "",
                        "image1": "",
                        "name": "BCP1-Lesson4 (20)",
                        "text1": "এটি একটি সুন্দর ফুল",
                        "text2": "This is a beautiful flower. \nআগেরটার সঙ্গে এটার তফাৎটা খেয়াল করতে হবে । এখানে this-এর জায়গায় it-ও হতে পারে ।"
                      },
                      {
                        "description": "",
                        "image1": "",
                        "name": "BCP1-Lesson4 (21)",
                        "text1": "এই পেনটি নীল",
                        "text2": "This pen is blue. \nশুধু \"পেনটি নীল\"  হলে ইংরাজী হতো- the pen is blue. কিন্তু \"এই পেনটি নীল\" বলে ইংরাজী হলো- this pen is blue ।"
                      },
                      {
                        "description": "",
                        "image1": "",
                        "name": "BCP1-Lesson4 (22)",
                        "text1": "এটি একটি নীল পেন",
                        "text2": "It is a blue pen. \nআগের বাক্যটা খেয়াল করো তাহলে তফাতটা বোঝা যাবে । এটি একটি নীল পেন আর এই পেনটি নীল বাংলায় মানে এক হলেও ইংরাজী করার সময় বাংলাটা দেখে করতে হবে ।"
                      },
                      {
                        "description": "",
                        "image1": "",
                        "name": "BCP1-Lesson4 (23)",
                        "text1": "এই খেলার মাঠটা বড়ো",
                        "text2": "This playground is big. \n'এই খেলার মাঠ' আর শুধু 'খেলার মাঠটি' -তফাৎ আছে । প্রথমটা this  আর দ্বিতীয়টা the  হবে ।"
                      },
                      {
                        "description": "",
                        "image1": "",
                        "name": "BCP1-Lesson4 (24)",
                        "text1": "এটি একটি বড়ো খেলার মাঠ",
                        "text2": "It is a big playground. \nখেলার মাঠটা বড়ো আর এটি বড়ো খেলার মাঠ- তফাৎ মেনে ইংরাজী হচ্ছে, খেয়াল রাখতে হবে । It না লিখে This-ও লেখা যেতে পারে ।"
                      },
                      {
                        "description": "",
                        "image1": "",
                        "name": "BCP1-Lesson4 (25)",
                        "text1": "তারা লম্বা লোক",
                        "text2": "They are tall people. \nতারা হয় লম্বা লোক- এভাবে ইংরাজী করতে হবে । person হল না, people হল, কারণ বহুবচন They আছে আগে ।"
                      },
                      {
                        "description": "",
                        "image1": "",
                        "name": "BCP1-Lesson4 (26)",
                        "text1": "এখানে কিছু বেঁটে লোকেরা",
                        "text2": "Here are some short men. \nসাজিয়ে নাও, এখানে আছে কিছু বেঁটে লোকেরা । বেঁটে লোকেদের ইংরাজী- short men. বাকীটা আমাদের জানা ।"
                      },
                      {
                        "description": "",
                        "image1": "",
                        "name": "BCP1-Lesson4 (27)",
                        "text1": "এই একটি হাসির/মজার ছবি",
                        "text2": "Here is a funny film. \nহাসির ছবি ইংরাজী funny film. It is a funny film বা This is a funny film-ও ঠিক । This film is funny বললে ভাবটা ঠিক এক থাকছে না ।"
                      },
                      {
                        "description": "",
                        "image1": "",
                        "name": "BCP1-Lesson4 (28)",
                        "text1": "আমার বয়স ছ'বছর",
                        "text2": "I am six years old / My age is six years. \nযদিও আমার বয়স আছে তবু- I am six years old- ঠিক আছে । একে এভাবেও লেখা যায়-  My age is six years ।"
                      },
                      {
                        "description": "",
                        "image1": "",
                        "name": "BCP1-Lesson4 (29)",
                        "text1": "তার কুড়ি বছর বয়স",
                        "text2": "She/He is twenty years old. \nHe is twenty old years ভুল ইংরাজী । এরকমভাবেও সাজানো যায়, তার বয়স হয় কুড়ি বছর, যার ইংরাজী হল His/her age is twenty years ।"
                      },
                      {
                        "description": "", 
                        "image1": "",
                        "name": "BCP1-Lesson4 (30)",
                        "text1": "আজ সোমবার",
                        "text2": "Today is Monday. \nএখানেও ইংরাজী করার সময় -আজ হয় সোমবার- ধরে নিয়ে ইংরাজী করতে হবে । দিন বোঝাতে সবসময়  Capital হবে । যেমন-  Monday, Tuesday  ইত্যাদি ।"
                      },
                      {
                        "description": "",
                        "image1": "",
                        "name": "BCP1-Lesson4 (31)",
                        "text1": "গতকাল রোববার ছিলো",
                        "text2": "Yesterday was Sunday. \nগতকাল মানে yesterday,  আর যেহেতু ঘটনাটা ঘটে গেছে তাই ক্রিয়ার কাল অতীত । তাই was হয়েছে । Sunday was yesterday লিখলে ভুল হবে ।"
                      },
                      {
                        "description": "",
                        "image1": "",
                        "name": "BCP1-Lesson4 (32)",
                        "text1": "আগামীকাল মঙ্গলবার",
                        "text2": "Tomorrow is Tuesday. \nআগামীকাল মানে tomorrow. এখানে ক্রিয়ার কাল যদিও ভবিষ্যৎ, আমরা সাধারণতঃ is লিখে থাকি । তবে is এর জায়গায় will be লিখলেও চলবে, কিন্তু শুধু will  লিখলে হবে না ।"
                      },
                      {
                        "description": "",
                        "image1": "",
                        "name": "BCP1-Lesson4 (33)",
                        "text1": "এখন দশটা বাজে",
                        "text2": "Now it is ten o'clock. \nঘড়ির সময় বোঝাতে o'clock ব্যবহার হয় ('বাজে' - এই অর্থে) । সাজিয়ে নাও, এখন এটা হয় দশটা বা এটা হয় দশটা এখন । তাই It is ten o'clock now-ও লেখা যেতে পারে ।"
                      },
                      {
                        "description": "",
                        "image1": "",
                        "name": "BCP1-Lesson4 (34)",
                        "text1": "এখন দুপুর বারোটা বাজে",
                        "text2": "It is twelve noon now. \nদুপুর বারোটা বোঝাতে ইংরাজীতে twelve noon ব্যবহার করা হয় । বাকিটা আগের মত ।"
                      },
                      {
                        "description": "",
                        "image1": "",
                        "name": "BCP1-Lesson4 (35)",
                        "text1": "এখন মধ্যরাত",
                        "text2": "It is midnight now. \nসাজিয়ে নাও, এটা হয় মধ্যরাত এখন বা এখন এটা হয় মধ্যরাত । মধ্যরাত বোঝাতে midnight ।"
                      }
]