[ 
                      {
                        "description": "",
                        "image1": "",
                        "name": "BCP2-Lesson3 (1)",
                        "text1": "এটা সন্ধ্যা ৬ টায়",
                        "text2": "It is at 6 PM. \nনির্দিষ্ট সময় বোঝাল বলে at ব্যবহার হল । PM-এর মধ্যে সন্ধ্যে লুকিয়ে আছে । PM 6 ভুল ইংরিজি ।"
                      },
                      {
                        "description": "",
                        "image1": "",
                        "name": "BCP2-Lesson3 (2)",
                        "text1": "এটা সোমবার সন্ধ্যা ৬ টায়",
                        "text2": "It is at 6 in the evening on Monday. \nআগের তিনটি বাক্য এখানে একত্র করা হয়েছে । 6 PM in the evening- ভুল ইংরিজি ।"
                      },
                      {
                        "description": "",
                        "image1": "",
                        "name": "BCP2-Lesson3 (3)",
                        "text1": "এটা কেন ?",
                        "text2": "Why is it ? \nপ্রশ্নবোধক বাক্যে যা দিয়ে প্রশ্ন সেটা আগে আসবে । তাই Why আগে এল । তারপর verb, তারপর noun । প্রশ্ন বলে  noun-verb না হয়ে verb-noun হল ।"
                      },
                      {
                        "description": "",
                        "image1": "",
                        "name": "BCP2-Lesson3 (4)",
                        "text1": "এটা বৃষ্টির কারণে",
                        "text2": "It is because of rain. \nবৃষ্টির-of rain , কারণ- because । rain because বা rain cause ভুল ইংরিজি । \"জন্য\" এবং \"কারণ\" -এর তফাৎ করতে হবে ।  জন্য -For , কারণ - Because ।"
                      },
                      {
                        "description": "",
                        "image1": "",
                        "name": "BCP2-Lesson3 (5)",
                        "text1": "আকাশে মেঘ আছে",
                        "text2": "Clouds are in the sky. \nNoun-verb নাও - \"মেঘ\" আর \"আছে\" । এবার \"আকাশে\" মানে আকাশের ভিতর- in the sky । Clouds are there in the sky বা There are clouds in the sky  ও লেখা যায় ।"
                      },
                      {
                        "description": "",
                        "image1": "",
                        "name": "BCP2-Lesson3 (6)",
                        "text1": "কিছু মেঘ পাহাড়গুলোর উর্দ্ধে",
                        "text2": "Some clouds are above the mountains. \nএখানে \"কিছু মেঘ\" কর্তা পাহাড়গুলো নয় । যেহেতু মেঘগুলি পাহাড় ছুঁয়ে নেই বা উপরে নেই  তাই above হবে, on হবে না । কিছু - some ।"
                      },
                      {
                        "description": "",
                        "image1": "",
                        "name": "BCP2-Lesson3 (7)",
                        "text1": "সেই পাহাড়গুলো মেঘগুলোর নীচে",
                        "text2": "Those mountains are under the clouds. \nএইখানে কিন্তু কর্তা হল \"পাহাড়\" । Above-এর উল্টো Under - নীচে । সেই - Those । মেঘগুলো বলে the clouds ।"
                      },
                      {
                        "description": "",
                        "image1": "",
                        "name": "BCP2-Lesson3 (8)",
                        "text1": "আমি বাড়িতে",
                        "text2": "I am at home. \nআমি আছি বাড়িতে । বাড়ি অর্থে home আর house দুটোই ব্যবহার হলেও তফাৎ আছে । house হল ইঁটকাঠের কাঠামো, আর home হল নিবাস, যেখানে লোক থাকে । যে বাড়ি তৈরী হচ্ছে, সেটা house হবেই, কারণ সেখানে লোক থাকেনা । house-এর আগে in হয়, আর home-এর আগে at । আবার in the house, কিন্তু at home ।"
                      },
                      {
                        "description": "",
                        "image1": "",
                        "name": "BCP2-Lesson3 (9)",
                        "text1": "আমি ছাদের নীচে",
                        "text2": "I am under roof. \nছাদ হল roof, আর নীচে হল under । নির্দিষ্ট করে কোনো ছাদের কথা বলা হয় নি বলে a roof বা the roof হল না ।"
                      },
                      {
                        "description": "",
                        "image1": "",
                        "name": "BCP2-Lesson3 (10)",
                        "text1": "ছাদটি আমার উপরে",
                        "text2": "The roof is above me. \nএখানে \"ছাদ\" কর্তা হয়ে গেল, \"আমি\" নয় । on হল না, above  হল, কারণ ছাদ আমার মাথার উর্ধে । above I বা above my ভুল ইংরিজি । \"আমার\" থাকলেও ।"
                      },
                      {
                        "description": "",
                        "image1": "",
                        "name": "BCP2-Lesson3 (11)",
                        "text1": "আমি কোথায় ?",
                        "text2": "Where am I ? \nপ্রশ্নবোধক বাক্যে যা দিয়ে প্রশ্ন সেটা আগে আসবে । তাই where আগে এল । তারপর verb, তারপর noun । প্রশ্ন বলে  noun-verb না হয়ে verb-noun হল ।"
                      },
                      {
                        "description": "",
                        "image1": "",
                        "name": "BCP2-Lesson3 (12)",
                        "text1": "তুমি কোথায় ?",
                        "text2": "Where are you ?"
                      },
                      {
                        "description": "",
                        "image1": "",
                        "name": "BCP2-Lesson3 (13)",
                        "text1": "সে কোথায় ?",
                        "text2": "Where is he/she ?"
                      },
                      {
                        "description": "",
                        "image1": "",
                        "name": "BCP2-Lesson3 (14)",
                        "text1": "সে একটি ট্রেনে",
                        "text2": "He/ She is in a train. \nএটা বুঝে নিতে হবে যে ট্রেনে মানে ট্রেনের ভেতর ।"
                      },
                      {
                        "description": "",
                        "image1": "",
                        "name": "BCP2-Lesson3 (15)",
                        "text1": "আমরা পাঁচ জনও ট্রেনে",
                        "text2": "Five of us are also in the train. \nআমরা পাঁচজন we five বা us five হবে না - five of us হবে । একাধিক লোক বলে are হল । also-র ব্যবহার লক্ষ্য কর । also কথাটা five of us-এর বা in the train-এর পরেও ব্যবহার করা যায় ।"
                      },
                      {
                        "description": "",
                        "image1": "",
                        "name": "BCP2-Lesson3 (16)",
                        "text1": "আমরা আমাদের আসনে আছি",
                        "text2": "We are on our seats. \n\"আসনে\" লেখা থাকলেও \"আসনের ওপর\" নিজেই ঠিক করে নিতে হবে - তাই on our seats । in  বা at ভুল হবে । seat হবে এখানে, sit নয় । seat হল আসন (noun) আর sit হল বসা (verb) ।"
                      },
                      {
                        "description": "",
                        "image1": "",
                        "name": "BCP2-Lesson3 (17)",
                        "text1": "ট্রেনটি রাত্রে",
                        "text2": "The train is at night. \nট্রেনটি আছে রাত্রে, এভাবে সাজাও । at night হয়, আবার in the night-ও হয় ।  মনে রেখ - বছর হলে in, দিন বা date হলে on, তারপর night, evening, morning হলে in, আবার নির্দিষ্ট সময় হলে at ।"
                      },
                      {
                        "description": "",
                        "image1": "",
                        "name": "BCP2-Lesson3 (18)",
                        "text1": "এখন সাড়ে দশটা",
                        "text2": "It is half past ten now. \nতুমি কর্তা আগে ধরার চেষ্টা কর । now কর্তা নয়, তাই now is half past ten হবে না । এখানে কর্তা নেই বলে it is দিয়ে শুরু হল । সাড়ে দশটা - half past ten, মানে আধঘন্টা পেরিয়ে দশটা । half ten বা ten half ভুল ।"
                      },
                      {
                        "description": "",
                        "image1": "",
                        "name": "BCP2-Lesson3 (19)",
                        "text1": "দুপুর ২ টার আগে তিনটি ট্রেন আছে",
                        "text2": "There are three trains before 2 PM. \nএই There are three trains  দিয়ে \"সেখানে আছে তিনটি ট্রেন\" এমনটা বোঝায়, এটা একটা বিশেষ ব্যবহার । \"তিনটি ট্রেন\" হল কর্তা, তাই three trains are before 2 PM বা three trains are there before 2 PM-ও ঠিক হত । দুপুর বারোটার পর বলে PM হল ।"
                      },
                      {
                        "description": "",
                        "image1": "",
                        "name": "BCP2-Lesson3 20)",
                        "text1": "রাত্রি ১১ টার পরে কোনো ট্রেন নেই",
                        "text2": "No train is there after 11 PM. \n\"কোনো ট্রেন নেই\"-কে \"না ট্রেন আছে\", এভাবে ঘুরিয়ে নাও । নঙর্থক থাকলে ইংরিজিতে সবসময় এরকম ঘোরাবে । তাই no train is হবে ।আগের মতই There is no train after 11 PM বা no train is after 11 PM-ও ঠিক হবে ।"
                      },
                      {
                        "description": "",
                        "image1": "",
                        "name": "BCP2-Lesson3 (21)",
                        "text1": "আমরা কোথায় ?",
                        "text2": "Where are we ? \nপ্রশ্ন আছে, তাই Noun-verb না হয়ে verb-noun হল । যেটা দিয়ে প্রশ্ন, সেটা দিয়ে শুরু ।"
                      },
                      {
                        "description": "",
                        "image1": "",
                        "name": "BCP2-Lesson3 (22)",
                        "text1": "তারা কোথায় ?",
                        "text2": "Where are they ?"
                      },
                      {
                        "description": "",
                        "image1": "",
                        "name": "BCP2-Lesson3 (23)",
                        "text1": "তারা ব্যারাকপুরে",
                        "text2": "They are at Barrackpore. \nব্যারাকপুর পশ্চিমবঙ্গের মধ্যে অপেক্ষাকৃত কম পরিচিত স্থান, তাই at ব্যাবহার হল । The Barrackpore হয় না, কারণ Barrackpore হল proper noun ।"
                      },
                      {
                        "description": "",
                        "image1": "",
                        "name": "BCP2-Lesson3 (24)",
                        "text1": "ব্যারাকপুর পশ্চিমবঙ্গের একটি পুরানো শহর",
                        "text2": "Barrackpore is an old city of West Bengal. \nএইভাবে ভাবো, কর্তা কে, না Barrackpore । সেটা কী, না সেটা একটা old city । তাই Barrackpore is an old city । Old city-টা কার, না পশ্চিমবঙ্গের । তাই old city of West Bengal । in West Bengal-ও লেখা যেত । Barrackpore is West Bengal's old city  না লেখাই ভাল ।"
                      },
                      {
                        "description": "",
                        "image1": "",
                        "name": "BCP2-Lesson3 (25)",
                        "text1": "বি টি রোড কোলকাতা থেকে ব্যারাকপুর পর্যন্ত",
                        "text2": "B. T. Road is from Kolkata to Barrackpore. \nকর্তা হল বি টি রোড । সেটা হল কলকাতা থেকে ব্যারাকপুর পর্যন্ত । থেকে-পর্যন্ত বলে from-to  হল ।"
                      }
]