[
                      {
                        "description": "",
                        "image1": "",
                        "name": "BCP2-Lesson2 (1)",
                        "text1": "আমি একজন লম্বা লোক",
                        "text2": "I am a tall man."
                      },
                      {
                        "description": "",
                        "image1": "",
                        "name": "BCP2-Lesson2 (2)",
                        "text1": "আমার বয়স ৫২ বছর",
                        "text2": "I am 52 years old. \nএটা একটি বিশেষ ব্যবহার - আমি ৫২ বছর বয়স্ক । লক্ষ্য কর, 52 years old - 52 old years বা 52 years of old হবে না । My age is 52 years-ও ঠিক । কিন্তু my age is 52 years old ভুল ইংরিজি ।"
                      },
                      {
                        "description": "",
                        "image1": "",
                        "name": "BCP2-Lesson2 (3)",
                        "text1": "আমি আমার বাড়ীর সামনে আছি",
                        "text2": "I am in front of my house. \nআগে noun আর পরে verb ধরে সাজাও, তুমি আছ আমার বাড়ির সামনে । \"In front of\" মানে সামনে । my house in front of বা my house's front ভুল প্রয়োগ ।  তেমনই I have in front of my house ভুল, আমার অধীনে তো কোন জিনিশ নেই ।"
                      },
                      {
                        "description": "",
                        "image1": "",
                        "name": "BCP2-Lesson2 (4)",
                        "text1": "আমার বাড়ী আমার পিছনে",
                        "text2": "My house is behind me."
                      },
                      {
                        "description": "",
                        "image1": "",
                        "name": "BCP2-Lesson2 (5)",
                        "text1": "তুমি কে ?",
                        "text2": "Who are you ? \nপ্রশ্নবোধক বাক্যে যা দিয়ে প্রশ্ন সেটা আগে আসবে । তাই who আগে এল । তারপর verb, তারপর noun । প্রশ্ন বলে  noun-verb না হয়ে verb-noun হল ।"
                      },
                      {
                        "description": "",
                        "image1": "",
                        "name": "BCP2-Lesson2 (6)",
                        "text1": "আমরা কে/কারা ?",
                        "text2": "Who are we ? \nপ্রশ্নবোধক বাক্যে যা দিয়ে প্রশ্ন সেটা আগে আসবে । তাই who আগে এল । তারপর verb, তারপর noun । প্রশ্ন বলে  noun-verb না হয়ে verb-noun হল ।"
                      },
                      {
                        "description": "",
                        "image1": "",
                        "name": "BCP2-Lesson2 (7)",
                        "text1": "সে কে ?",
                        "text2": "Who is he ? \nআগের মত একই হবে, who আগে বসবে ।"
                      },
                      {
                        "description": "",
                        "image1": "",
                        "name": "BCP2-Lesson2 (8)",
                        "text1": "তারা কারা ?",
                        "text2": "Who are they ? \nএকই প্রকার ।"
                      },
                      {
                        "description": "",
                        "image1": "",
                        "name": "BCP2-Lesson2 (9)",
                        "text1": "তারা সীতা এবং গীতা",
                        "text2": "They are Sita and Gita."
                      },
                      {
                        "description": "",
                        "image1": "",
                        "name": "BCP2-Lesson2 (10)",
                        "text1": "সীতা এবং গীতা এক লাইনে আছে",
                        "text2": "Sita and Gita are in a line. \nসাজিয়ে নাও, সীতা এবং গীতা আছে এক লাইনে । যেহেতু এখানে লাইনের ভিতর বোঝাচ্ছে তাই in a line হল ।"
                      },
                      {
                        "description": "",
                        "image1": "",
                        "name": "BCP2-Lesson2 (11)",
                        "text1": "সীতা গীতার পিছনে আছে",
                        "text2": "Sita is after Gita. \nযেহেতু এক লাইনেই সীতা গীতার পরে আছে তাই after হল । After এখানে যেমন স্থানের ক্ষেত্রে ব্যবহার হল তেমনই সময়ের ক্ষেত্রেও ব্যবহার হবে ।"
                      },
                      {
                        "description": "",
                        "image1": "",
                        "name": "BCP2-Lesson2 (12)",
                        "text1": "গীতা সীতার আগে আছে",
                        "text2": "Gita is in front of Sita."
                      },
                      {
                        "description": "",
                        "image1": "",
                        "name": "BCP2-Lesson2 (13)",
                        "text1": "এটা কে ?",
                        "text2": "Who is it ? \nপ্রশ্নবোধক বাক্যে যা দিয়ে প্রশ্ন সেটা আগে আসবে । তাই who আগে এল ।"
                      },
                      {
                        "description": "",
                        "image1": "",
                        "name": "BCP2-Lesson2 (14)",
                        "text1": "এটা কি ?",
                        "text2": "What is it ? \nএকই হবে ।"
                      },
                      {
                        "description": "",
                        "image1": "",
                        "name": "BCP2-Lesson2 (15)",
                        "text1": "এটি একটি বিদ্যালয়",
                        "text2": "This is a school."
                      },
                      {
                        "description": "",
                        "image1": "",
                        "name": "BCP2-Lesson2 (16)",
                        "text1": "বিদ্যালয়টি রাস্তার শেষে",
                        "text2": "The school is at the end of the road. \nআগে Noun-Verb সাজিয়ে নাও, বিদ্যালয়টি হয় রাস্তার শেষে । রাস্তা যেখানে শেষ হয়েছে বিদ্যালয়টি সেখানেই, তাই At ব্যবহার করা হল , রাস্তা শেষ হবার পর হলে After হত ।"
                      },
                      {
                        "description": "",
                        "image1": "",
                        "name": "BCP2-Lesson2 (17)",
                        "text1": "বিদ্যালয়ের বাঁদিকে একটি দোকান আছে",
                        "text2": "A shop is on the left side of the school. \nআগে Noun-Verb । সাজিয়ে নাও, একটি দোকান আছে বাঁ দিকে বিদ্যালয়টির । এখানে In বা At হবে না যেহেতু বাঁ দিকের ভিতরে (in) অথবা বাঁদিকের কোন নির্দ্দিষ্ট স্থানের (at) উল্লেখ নেই, তাই এখানে On the left side ব্যবহার হবে । There is a shop on the left side of the school - এটাও ঠিক ।"
                      },
                      {
                        "description": "",
                        "image1": "",
                        "name": "BCP2-Lesson2 (18)",
                        "text1": "বিদ্যালয়ের ডানদিকে একটা বাগান আছে",
                        "text2": "A garden is on the right side of the school. \nএকদম আগের নিয়মেই হবে । School's right side-ও লেখা যায়, কিন্তু সেটা ভাল ইংরিজি নয়, কারণ তাতে জড় পদার্থের সঙ্গে Apostrophe (')-এর ব্যবহার হচ্ছে ।"
                      },
                      {
                        "description": "",
                        "image1": "",
                        "name": "BCP2-Lesson2 (19)",
                        "text1": "বিদ্যালয় এবং বাগানটির মধ্যিখানে একটি সরু গলি আছে",
                        "text2": "There is a narrow lane between the school and the garden. \nA narrow lane is between the school and the garden - এটাও ঠিক । কি আছে ? সরু গলি, সেটা দিয়ে শুরু । সরুর ইংরিজি narrow । গলির ইংরিজি lane । তারপর আসবে \"বিদ্যালয় এবং বাগানটির মধ্যিখানে\" । এখানে the school and the garden between হবে না, between the school and the garden হবে । সেটাই প্রয়োগ ।"
                      },
                      {
                        "description": "",
                        "image1": "",
                        "name": "BCP2-Lesson2 (20)",
                        "text1": "বিদ্যালয়ের কাল সোমবার থেকে শুক্রবার",
                        "text2": "The school is from Monday to Friday. \nকাল মানে ব্যাপ্তি । ইংরিজিতে সেটা না দিলেও চলে । থেকে-পর্যন্ত বলে from-to হল । Monday-তে বড় হাতের M হল proper noun বলে ।"
                      },
                      {
                        "description": "",
                        "image1": "",
                        "name": "BCP2-Lesson2 (21)",
                        "text1": "ছাত্ররা বাগানে আছে",
                        "text2": "The students are in the garden. \nসাজাও, ছাত্ররা আছে বাগানের ভেতর । মনে রাখবে, preposition বলে সবসময় তা noun-এর আগে বসবে । তাই in the garden । নির্দিষ্ট ছাত্র বলে the students ।"
                      },
                      {
                        "description": "",
                        "image1": "",
                        "name": "BCP2-Lesson2 (22)",
                        "text1": "এখন সকাল ১০ টা",
                        "text2": "It is 10 in the morning. \nএখানে লক্ষ্য কর, বাক্যের কোন কর্তা নেই । কে দশটা বাজাচ্ছে, জানা নেই । এইসব ক্ষেত্রে it is দিয়ে শুরু করা হয় । যেমন, it is cold, it is hot, it is raining ইত্যাদি । সকাল বেশ খানিকটা সময় জুড়ে বলে আর তার মধ্যে একটা সময় বলে in the morning হল, যেন সকালের মধ্যে দশটা ।"
                      },
                      {
                        "description": "",
                        "image1": "",
                        "name": "BCP2-Lesson2 (23)",
                        "text1": "এটা কখন ?",
                        "text2": "When is it ? \nপ্রশ্নবোধক বাক্যে যা দিয়ে প্রশ্ন সেটা আগে আসবে । তাই when আগে এল । তারপর verb, তারপর noun । প্রশ্ন বলে  noun-verb না হয়ে verb-noun হল ।"
                      },
                      {
                        "description": "",
                        "image1": "",
                        "name": "BCP2-Lesson2 (24)",
                        "text1": "অনুষ্ঠানটি সোমবার",
                        "text2": "The programme is on Monday. \nThe programme is Monday হবে না, preposition থাকবেই - কারণ Mondayতে বোঝাচ্ছে । সময়ের ক্ষেত্রে খুব নির্দিষ্ট সময় হলে at  হয় (যেমন at 10 PM বা at noon বা at sunrise), দিন ও তারিখ হলে on হয় (on Monday, on 6th April ইত্যাদি) আর বছর বা মাস হলে in হয় (যেমন in the year 2014, in the month of April ইত্যাদি ।"
                      },
                      {
                        "description": "",
                        "image1": "",
                        "name": "BCP2-Lesson2 (25)",
                        "text1": "এটা সন্ধ্যাবেলায়",
                        "text2": "It is in the evening. \nসাজাও, এটা হয় সন্ধ্যাবেলায় । আগের নিয়মে in the evening হবে, কারণ evening বেশ খানিকটা সময় । It is the evening ভুল ।"
                      }
]