[
                      {
                        "description": "",
                        "image1": "",
                        "name": "BCP3-Lesson3 (1)",
                        "text1": "যুদ্ধের আগে আমাদের কোন গাড়ী ছিল না । যুদ্ধের আগে আমাদের কি কোন গাড়ী ছিল না ?",
                        "text2": "We did not have a car before the war. Did we not have a car before the war ? \nউত্তরটা হল we did not have a car । তাই প্রশ্নটা হল did we not have a car ?"
                      },
                      {
                        "description": "",
                        "image1": "",
                        "name": "BCP3-Lesson3 (2)",
                        "text1": "যুদ্ধের পরে তাদের খুব বেশী টাকা ছিল না । যুদ্ধের পরে তাদের কি খুব বেশী টাকা ছিল না ?",
                        "text2": "They did not have lot of money after the war. Did they not have lot of money after the war ?"
                      },
                      {
                        "description": "",
                        "image1": "",
                        "name": "BCP3-Lesson3 (3)",
                        "text1": "আমি ছাদটির নীচে ছিলাম",
                        "text2": "I was under the roof. \nঅতীত কাল বলে was হল । I was under roof হবে না ।"
                      },
                      {
                        "description": "",
                        "image1": "",
                        "name": "BCP3-Lesson3 (4)",
                        "text1": "আমরা নদীটির ডানদিকে ছিলাম",
                        "text2": "We were on the right side of the river. \n\"We\" বহুবচন বলে were হল । In the right side হবে না on the right side হবে ।"
                      },
                      {
                        "description": "",
                        "image1": "",
                        "name": "BCP3-Lesson3 (5)",
                        "text1": "২০১০ সালে তুমি ধনী লোক ছিলে",
                        "text2": "You were a rich man in 2010. \nYou এর পরে were হয় । শুধু rich man হয় না, a rich man হবে । In 2010 you were a rich man-এটাও লেখা যায় ।"
                      },
                      {
                        "description": "",
                        "image1": "",
                        "name": "BCP3-Lesson3 (6)",
                        "text1": "সে তখন তার আসনে বসেছিল",
                        "text2": "He was on his seat then. \nHe আছে বলে was হল । বসে ছিল থাকলেও on his seat হবে । \"Sit\" হবে না কারণ সেটা verb ।"
                      },
                      {
                        "description": "",
                        "image1": "",
                        "name": "BCP3-Lesson3 (7)",
                        "text1": "তখন তার বয়স ৫২ বছর ছিল",
                        "text2": "Then she was 52 years old. \nThen her age was 52 years বা she was 52 years old - এগুলিও লেখা যায় । Her age then was 52 years old-এটা ভুল ইংরিজি ।"
                      },
                      {
                        "description": "",
                        "image1": "",
                        "name": "BCP3-Lesson3 (8)",
                        "text1": "তারা সকালবেলায় তাদের বাড়ীতে ছিল",
                        "text2": "They were in their house in the morning. \nThey বহুবচন বলে were হল । They were in the morning in their house-এটা হবে না ।"
                      },
                      {
                        "description": "",
                        "image1": "",
                        "name": "BCP3-Lesson3 (9)",
                        "text1": "সুমিত এবং দীপিকা সব সময়েই অভিজিতের বন্ধু ছিল",
                        "text2": "Sumit and Dipika were always Abhijit’s friend. \nদ্বিবচন বলে were হল । \"Abhijit\" প্রাণী বলে apostrophe (') ব্যাবহার হল । এখানে friends ও লেখা যায় ।"
                      },
                      {
                        "description": "",
                        "image1": "",
                        "name": "BCP3-Lesson3 (10)",
                        "text1": "মেঘগুলি পাহাড়ের উর্দ্ধে ছিল",
                        "text2": "The clouds were above the mountain. \nউর্দ্ধে বলে above হল on হল না ।"
                      },
                      {
                        "description": "",
                        "image1": "",
                        "name": "BCP3-Lesson3 (11)",
                        "text1": "আমাদের দেশের সাধুরা মহান ছিলেন",
                        "text2": "The saints of our country were great."
                      },
                      {
                        "description": "",
                        "image1": "",
                        "name": "BCP3-Lesson3 (12)",
                        "text1": "অনুষ্ঠানটি রবিবার সন্ধ্যা ৭ টায় ছিল",
                        "text2": "The programme was on Sunday at 7 in the evening. \nএখানে in the evening এর পরিবর্তে 7 PM লেখা যেত ।"
                      },
                      {
                        "description": "",
                        "image1": "",
                        "name": "BCP3-Lesson3 (13)",
                        "text1": "সকাল ৬ টার আগে এবং রাত ১১ টার পরে কোন ট্রেন ছিল না",
                        "text2": "There was no train before 6 AM and after 11 PM. \nএখানে no train was before 6 AM and after 11 PM ও লেখা যেত, কিন্তু there was not train ভুল ইংরিজি ।"
                      },
                      {
                        "description": "",
                        "image1": "",
                        "name": "BCP3-Lesson3 (14)",
                        "text1": "সকাল ৬ টা থেকে রাত ১১ টার মধ্যে অনেক ট্রেন ছিল",
                        "text2": "There were many trains between 6 AM and 11 PM. \nMany trains আছে বলে were হল । এখানে between এর ব্যাবহার লক্ষ্যণীয় ।"
                      },
                      {
                        "description": "",
                        "image1": "",
                        "name": "BCP3-Lesson3 (15)",
                        "text1": "পুকুরের মধ্যে কোন জল ছিল না",
                        "text2": "There was no water inside the pond. \nNo water was inside the pond ও হতে পারে । There was not water ভুল ইংরিজি ।"
                      },
                      {
                        "description": "",
                        "image1": "",
                        "name": "BCP3-Lesson3 (16)",
                        "text1": "কিন্তু তার বাইরে ব্যাঙগুলি ছিল",
                        "text2": "But there were frogs outside it. \nFrogs আছে বলে were হল । There have frogs বা there had frogs ভুল ইংরিজি ।"
                      },
                      {
                        "description": "",
                        "image1": "",
                        "name": "BCP3-Lesson3 (17)",
                        "text1": "সব গল্পগুলিই ভূতের ছিল",
                        "text2": "All stories were about ghosts. \nভূতের সম্বন্ধে বলে about ব্যাবহার হল । নির্দ্দিষ্ট কোন ভূত নয় বলে the ghost হল না ।"
                      },
                      {
                        "description": "",
                        "image1": "",
                        "name": "BCP3-Lesson3 (18)",
                        "text1": "তারা কেউই দলের সঙ্গে ছিল না",
                        "text2": "None of them was with the team. \nতাদের কেউই নয় অর্থে none of them হল । None আছে বলে was হল were হল না । None of they ভুল ইংরিজি ।"
                      },
                      {
                        "description": "",
                        "image1": "",
                        "name": "BCP3-Lesson3 (19)",
                        "text1": "আমরা দুজনেই আমাদের বিছানায় ছিলাম",
                        "text2": "Both of us were on our beds. \n\"আমরা দুজনেই\" বোঝাতে both of us ব্যাবহার হল, both of we হল না । দ্বিবচন আছে বলে were হল ।  On the bed - বিছানায় বসে থাকা । In the bed - যখন ঘুমানোর জন্য বিছানায় যায় ।"
                      },
                      {
                        "description": "",
                        "image1": "",
                        "name": "BCP3-Lesson3 (20)",
                        "text1": "তোমরা সবাই খেলাতে দেরীতে এসেছিলে",
                        "text2": "All of you were late for the match. \nতোমরা সবাই - all of you. এখানে you all ও হতে পারে, কিন্তু all of your ভুল ইংরিজি । \"খেলাতে\" কে করে নিতে হবে \"খেলার জন্য\" বহুবচন আছে বলে were হল । Match এর অর্থ লক্ষ্য কর, যখন ক্রিকেট খেলা হচ্ছে, তখন তাকে cricket match বলা হয়, কিন্তু যখন ক্রিকেট একটি খেলা বলা হয়, তখন তাকে cricket is a game বলা হয় ।"
                      },
                      {
                        "description": "",
                        "image1": "",
                        "name": "BCP3-Lesson3 (21)",
                        "text1": "তাদের প্রত্যেকেই ভাল ছিল",
                        "text2": "Everyone of them was good. \n\"প্রত্যেকেই\" - everyone. এখানে them হবে they হবে না । প্রত্যেকে একবচন বলে was হল । They everyone ভুল ইংরিজি ।"
                      }
]
