[
                      {
                        "description": "",
                        "image1": "",
                        "name": "BCP3-Lesson5 (1)",
                        "text1": "আমরা তোমাদের সকলকে দেখি",
                        "text2": "We see all of you. \nWe এর পরে see হয় । We sees ভুল ইংরিজি । সাজিয়ে নাও, \"সকলকে তোমাদের মধ্যে\" তাই All of you হল । All you - ভুল ইংরিজি ।"
                      },
                      {
                        "description": "",
                        "image1": "",
                        "name": "BCP3-Lesson5 (2)",
                        "text1": "তুমি আমাকে দেখ",
                        "text2": "You see me. \nYou see I হয় না কারণ \"আমাকে\" আছে তাই You see me হবে । You see at me বা You are seeing me - ভুল ইংরিজি । You look at me ঠিক ইংরিজি ।"
                      },
                      {
                        "description": "",
                        "image1": "",
                        "name": "BCP3-Lesson5 (3)",
                        "text1": "সে (ছেলে) তাকে (মেয়ে) দেখে",
                        "text2": "He sees her. \nHe আছে বলে Verb-এর পর 's'  যোগ হল, তাই He sees হল । \"তাকে\" আছে বলে Her হল । He sees she - ভুল ইংরিজি ।"
                      },
                      {
                        "description": "",
                        "image1": "",
                        "name": "BCP3-Lesson5 (4)",
                        "text1": "সে (মেয়ে) তাকে (ছেলে) দেখে",
                        "text2": "She sees him. \nএকই ভাবে She আছে বলে Sees হল । \"তাকে\" অর্থে Him হল ।"
                      },
                      {
                        "description": "",
                        "image1": "",
                        "name": "BCP3-Lesson5 (5)",
                        "text1": "তারা তাদের কুকুরকে দেখে",
                        "text2": "They see their dog. \nশুধুমাত্র he, she, it এর ক্ষেত্রে verb-এর পরে 's' যোগ হয় । অন্য সব ক্ষেত্রে (I, we, they, you ইত্যাদি) verb একই থাকবে ।"
                      },
                      {
                        "description": "",
                        "image1": "",
                        "name": "BCP3-Lesson5 (6)",
                        "text1": "বাঁদরটি তাদের দেখে",
                        "text2": "The monkey sees them. \n\"তাদের\" অর্থে them হল ।"
                      },
                      {
                        "description": "",
                        "image1": "",
                        "name": "BCP3-Lesson5 (7)",
                        "text1": "আমি তোমাকে দেখি না",
                        "text2": "I do not see you. \nI not see you বা I no see you ভুল ইংরিজি । নঞর্থক করতে verb-এর আগে সব সময়েই do not বা does not হবে । Present Indefinite Tense-এ I,we,they,you এর পরে do not এবং বাকীতে does not হবে ।"
                      },
                      {
                        "description": "",
                        "image1": "",
                        "name": "BCP3-Lesson5 (8)",
                        "text1": "আমরা তোমাদের সবাইকে দেখি না",
                        "text2": "We do not see all of you. \nআগেই বলা হয়েছে We does not হয় না ।"
                      },
                      {
                        "description": "",
                        "image1": "",
                        "name": "BCP3-Lesson5 (9)",
                        "text1": "তুমি আমাকে দেখ না",
                        "text2": "You do not see me. \nYou does not see me বা You not see me ভুল ইংরিজি ।"
                      },
                      {
                        "description": "",
                        "image1": "",
                        "name": "BCP3-Lesson5 (10)",
                        "text1": "সে (ছেলে) তাকে (মেয়ে) দেখে না",
                        "text2": "He does not see her. \nHe do not see বা He not see ভুল ইংরিজি ।"
                      },
                      {
                        "description": "",
                        "image1": "",
                        "name": "BCP3-Lesson5 (11)",
                        "text1": "সে (মেয়ে) তাকে (ছেলে) দেখে না",
                        "text2": " She does not see him. \nShe is not seeing him ঠিক হলেও Present Indefinite Tense বলে ভুল হবে ।"
                      },
                      {
                        "description": "",
                        "image1": "",
                        "name": "BCP3-Lesson5 (12)",
                        "text1": "তারা তাদের কুকুরকে দেখে না",
                        "text2": "They do not see their dog. \nআগেই বলা হয়েছে they-এর পরে do not হয়, does not হয় না ।"
                      },
                      {
                        "description": "",
                        "image1": "",
                        "name": "BCP3-Lesson5 (13)",
                        "text1": "বাঁদরটি তাদের দেখে না",
                        "text2": "The monkey does not see them. \nএখানে \"বাঁদরটি\" Third Person Singular Number বলে does not হল । Monkey not sees বা Monkey not see এগুলো ভুল ইংরিজি ।"
                      },
                      {
                        "description": "",
                        "image1": "",
                        "name": "BCP3-Lesson5 (14)",
                        "text1": "আমার দিকে তাকাও",
                        "text2": "Look at me. \nনির্দ্দেশ বোঝাচ্ছে বলে Look at me হল, এখানে \"তুমি\" উহ্য । Look me বা Look I ভুল ইংরিজি । You look at me লেখার দরকার নেই । এরকম নির্দেশের আরো উদাহরণ - Come to me (আমার কাছে এসো), Give the ball to me (বলটা আমায় দাও), Run fast (তাড়াতাড়ি ছোটো) ।"
                      },
                      {
                        "description": "",
                        "image1": "",
                        "name": "BCP3-Lesson5 (15)",
                        "text1": "দয়া করে আমার দিকে তাকিও না",
                        "text2": "Please do not look at me. \nনির্দ্দেশ নঞর্থক থাকলে সব সময় do not দিয়ে শুরু হয় । \"দয়া করে\" বলে please ব্যাবহার হল । Please not look at me ভুল ইংরিজি ।"
                      },
                      {
                        "description": "",
                        "image1": "",
                        "name": "BCP3-Lesson5 (16)",
                        "text1": "তুমি কি আদৌ আমার দিকে তাকাও ?",
                        "text2": "Do you look at me at all ? \nPresent Indefinite Tense-এ প্রশ্ন থাকলে do you, do I, does he ইত্যাদি হয় । You-এর ক্ষেত্রে look-এর পরে 'S' যোগ হয় না বলে প্রশ্নে do you ব্যাবহার হল does you হল না । At all-আদৌ ।"
                      },
                      {
                        "description": "",
                        "image1": "",
                        "name": "BCP3-Lesson5 (17)",
                        "text1": "আমাকে কি বাঁদরের মত দেখতে ?",
                        "text2": " Do I look like a Monkey ? \nউত্তরটা ভেবে নাও, \"I look like a monkey\" এবারে তাহলে প্রশ্নটা হল \"Do I look like a monkey\" ? এখানে ''মত'' বোঝাতে \"like\" ব্যাবহার হল । যার মত দেখতে তার আগে like ব্যাবহার করা হয় ।"
                      },
                      {
                        "description": "",
                        "image1": "",
                        "name": "BCP3-Lesson5 (18)",
                        "text1": "তাকে হ্যালো বল",
                        "text2": "Say hello to him. \nএখানে নির্দ্দেশ আছে বলে Say দিয়ে শুরু হল । Say-এর পরে সবসময়েই to বসবে, যেমন Say to him, Say him-ভুল ইংরিজি । Say to him hello ও লেখা যায় । Tell hello - ভাল ইংরিজি নয় ।"
                      },
                      {
                        "description": "",
                        "image1": "",
                        "name": "BCP3-Lesson5 (19)",
                        "text1": "তারা সকলকে হ্যালো বলে",
                        "text2": "They say hello to all. \nThey আছে বলে say হল, says হল না । লক্ষ্য কর, say to হল ।"
                      },
                      {
                        "description": "",
                        "image1": "",
                        "name": "BCP3-Lesson5 (20)",
                        "text1": "অরুণ আমাকে হ্যালো বলে",
                        "text2": "Arun says to me, \"Hello\". \nArun says hello to me ও লেখা যায় । Arun বলে says হল ।"
                      },
                      {
                        "description": "",
                        "image1": "",
                        "name": "BCP3-Lesson5 (21)",
                        "text1": "অরুণ কি আমাদের হ্যালো বলে ?",
                        "text2": "Does Arun say hello to us ? \nআগে উত্তরটা ভেবে নাও, Arun says hello to us, তাই প্রশ্নটা হবে Does Arun say hello to us ? Does Arun says - ভুল ইংরিজি কারণ do, do not, does, does not এগুলির পরে verb এর অপরিবর্তিত রূপ ব্যবহার হয় ।"
                      }
]