[
                      {
                        "description": "",
                        "image1": "",
                        "name": "BCP4-Lesson8 (1)",
                        "text1": "আমি এই কাজটা পারছিলাম না",
                        "text2": "I was not being able to do this work. \nআগের মতই, শুধু অতীতকাল বলে was হল ।"
                      },
                      {
                        "description": "",
                        "image1": "",
                        "name": "BCP4-Lesson8 (2)",
                        "text1": "আমাদের সবাইকে ভালোবাসা উচিৎ",
                        "text2": "We should love all. \nউচিৎ - should । I, you, we ইত্যাদি যা-ই আগে বসুক না কেন, উচিৎ সবসময় should, এবং তারপর verb-ও অপরিবর্তিত থাকে (should love, should see ইত্যাদি) । love to all ভুল । \"আমাদের\" আছে বলে my হবে না ।"
                      },
                      {
                        "description": "",
                        "image1": "",
                        "name": "BCP4-Lesson8 (3)",
                        "text1": "তোমার কি করা উচিৎ ?",
                        "text2": "What should you do ?\nতোমার করা উচিৎ - You should do । ঘোরাও, Should you do ? এবার গোড়ায় জোড়ো what । মনে রাখবে, you do should হয় না, যেমন you do can, you do could ভুল ইংরিজি ।"
                      },
                      {
                        "description": "",
                        "image1": "",
                        "name": "BCP4-Lesson8 (4)",
                        "text1": "শ্রেয়ার তিনটে গানের চেয়ে কম গাওয়া উচিৎ নয়",
                        "text2": "Shreya should not sing less than three songs. \nকর্তা - Shreya । গাওয়া উচিৎ নয় - should not sing । তিনটে গানের চেয়ে কম - less than three songs ।"
                      },
                      {
                        "description": "",
                        "image1": "",
                        "name": "BCP4-Lesson8 (5)",
                        "text1": "তোমাদের কী কী জিনিস সঙ্গে নিয়ে যাওয়া উচিৎ ?",
                        "text2": "What things should you take with you ? \nকর্তা - তোমাদের (তোমরা) । সঙ্গে নিয়ে যাওয়া উচিৎ - should take with you (\"তোমার সঙ্গে\" না থাকলেও with you দিতেই হবে) । কী কী জিনিস - which things । which which things ইংরিজিতে লিখলে ভুল হবে, which things হবে ।"
                      },
                      {
                        "description": "",
                        "image1": "",
                        "name": "BCP4-Lesson8 (6)",
                        "text1": "সুদীপ ফোন কিনতে বাধ্য",
                        "text2": "Sudip must buy a phone. \nবাধ্যতা বোঝাতে must ব্যবহার হয় । ঠিক can  বা should-এর মতই verb অপরিবর্তিত রূপে ব্যবহার হয় ।"
                      },
                      {
                        "description": "",
                        "image1": "",
                        "name": "BCP4-Lesson8 (7)",
                        "text1": "সুদীপকে ফোন কিনতেই হবে",
                        "text2": "Sudip has to buy a phone. \nএটাও বাধ্যতা বোঝাচ্ছে, কিন্তু মাত্রা একটু হলেও কম । এইরকম ক্ষেত্রে has to buy, has to get, has to play হয় । মাত্রার তফাৎ করা না গেলে has to-র জায়গায় must বা must-এর জায়গায় has to ব্যবহার করতেই পারো, ভুল কিছু হবে না । has buy নয়, has to buy । একবচন বলে has হল, have হল না ।"
                      },
                      {
                        "description": "",
                        "image1": "",
                        "name": "BCP4-Lesson8 (8)",
                        "text1": "তোমাকে কি আজ ফিরতেই হবে ?",
                        "text2": "Must you return today ? \nউত্তর - you must return today, তাই প্রশ্ন - must you return today ? ফেরা (verb) - return । ভুল - on today ।"
                      },
                      {
                        "description": "",
                        "image1": "",
                        "name": "BCP4-Lesson8 (9)",
                        "text1": "তাদের দুজনকে ভালো খেলতেই হবে",
                        "text2": "Both of them have to play well. \nতাদের দুজন - both of them । খেলতেই হবে - have to play (দ্বিবচন বলে have হল) । both of they বা both them ভুল ইংরিজি ।"
                      },
                      {
                        "description": "",
                        "image1": "",
                        "name": "BCP4-Lesson8 (10)",
                        "text1": "সুমতি খুশী হতে পারে না",
                        "text2": "Sumati can not be happy. \n\"হওয়া\" আছে, তাই be ব্যবহার হল । খুশী হতে পারে - can be happy । খুশী হতে পারে না - can not be happy । ভুল - can not happy ।"
                      },
                      {
                        "description": "",
                        "image1": "",
                        "name": "BCP4-Lesson8 (11)",
                        "text1": "সে (মেয়ে) দুঃখী হতেও পারে",
                        "text2": "She may be sad. \nসম্ভাবনা বোঝাল বলে may হল, আর \"হওয়া\" আছে বলে may-এর পর be এল । She may sad  ভুল ।"
                      },
                      {
                        "description": "",
                        "image1": "",
                        "name": "BCP4-Lesson8 (12)",
                        "text1": "তোমার কি দুঃখিত হওয়া উচিৎ নয় ?",
                        "text2": "Should you not be sorry ? \nদুঃখী - sad, আর দুঃখিত - sorry । উত্তর - you should  not be sorry, যেহেতু তুমি (you) হওয়া উচিৎ নয় (should not be) দুঃখিত (sorry) । এবার ঘোরালেই প্রশ্ন পাওয়া যাবে ।"
                      },
                      {
                        "description": "",
                        "image1": "",
                        "name": "BCP4-Lesson8 (13)",
                        "text1": "সে ভবিষ্যতে ভালো গোলকীপার হতে বাধ্য",
                        "text2": "He must be a good goalkeeper in future. \nসে হতে বাধ্য - he must be । ভবিষ্যতে - in future ।"
                      }
]