[
                      {
                        "description": "",
                        "image1": "",
                        "name": "BCP4-Lesson4 (1)",
                        "text1": "দুধ কেন মাংসের চেয়ে ভালো প্রোটিন ?",
                        "text2": "Why is milk better protein than meat ? \nচেয়ে ভালো - better than । উত্তরটা ভাবো - milk is better protein than meat । তাই প্রশ্নে is milk হল, আর প্রথমে why জুড়ে গেল । লক্ষ্য কর, taller বা shorter বললে মাপকাঠি যে উচ্চতা (height), সেটা বোঝাই যায়, উহ্য । কিন্তু এখানে দুধ মাংসের চেয়ে কোন মাপকাঠিতে ভালো, সেটা বলা রয়েছে - প্রোটিন । তাই better protein than meat হল । taller height than কখনো হবে না, কারণ tall একমাত্র height-এরই হয় ।"
                      },
                      {
                        "description": "",
                        "image1": "",
                        "name": "BCP4-Lesson4 (2)",
                        "text1": "সবাই শচীনের চেয়ে খারাপ খেলোয়াড়",
                        "text2": "All are worse players than Sachin. \nমাপকাঠিটা হল player । তাই worse players than হল  (লক্ষ্য কর, all আছে তাই players হল), শুধু worse than হল না । worst players কিন্তু ভুল ইংরিজি এক্ষেত্রে, কারণ worst মানে হল সবচেয়ে খারাপ । একাধিক বোঝাচ্ছে বলে all are হল ।"
                      },
                      {
                        "description": "",
                        "image1": "",
                        "name": "BCP4-Lesson4 (3)",
                        "text1": "ভালবাসা কি ঘৃণার চেয়ে বড় নয় ?",
                        "text2": "Is not love greater than hate ? \nএখানে বড় কিন্তু big নয়, great (মহান) । উত্তর দাও - Love is not greater than hate । প্রশ্ন কর তাই - Is not love greater than hate ?"
                      },
                      {
                        "description": "",
                        "image1": "",
                        "name": "BCP4-Lesson4 (4)",
                        "text1": "ভালবাসা কিভাবে ঘৃণার চেয়ে ছোট ?",
                        "text2": "How is love lesser than hate ? \nউত্তর - love is lesser than hate (greater-এর উলটো lesser) । প্রশ্ন - Is love lesser than hate ? এবারে how জোড়া হল ।"
                      },
                      {
                        "description": "",
                        "image1": "",
                        "name": "BCP4-Lesson4 (5)",
                        "text1": "খরগোশ কচ্ছপের চেয়ে দ্রুততর প্রাণী",
                        "text2": "Rabbit is faster animal than tortoise. \nদ্রুততর - faster । এভাবে সাজাবে, খরগোশ দ্রুততর প্রাণী কচ্ছপের চেয়ে । The rabbit হল না, কারণ rabbit জাতিকে বোঝানো হচ্ছে । More faster ভুল ইংরিজি । হয় faster হবে, নয় more fast হবে ।"
                      },
                      {
                        "description": "",
                        "image1": "",
                        "name": "BCP4-Lesson4 (6)",
                        "text1": "কোন প্রাণী কচ্ছপের চেয়ে ধীরগামী ?",
                        "text2": "Which animal is slower than tortoise ? \nকোন প্রাণী - which animal (what animal নয়) । চেয়ে ধীরগামী - slower than ।  The tortoise হবে না ।"
                      },
                      {
                        "description": "",
                        "image1": "",
                        "name": "BCP4-Lesson4 (7)",
                        "text1": "শ্রাবন্তী কি শুভশ্রীর চেয়ে সুন্দরী ছিল না ?",
                        "text2": "Was not Shrabanti more beautiful than Shubhashri ? \nলক্ষ্য কর, beautifuler  হল না । শব্দ বড় হলে তার সঙ্গে er যোগ না করে more beautiful, more honest এরকম লেখা হ্য় । ছিল না - was not । প্রশ্ন আছে বলে সেটা আগে এল । যার চেয়ে সুন্দরী তার আগে than বসে, খেয়াল রাখবে ।"
                      },
                      {
                        "description": "",
                        "image1": "",
                        "name": "BCP4-Lesson4 (8)",
                        "text1": "নতুন পার্টিটা কি অন্যদের চেয়ে সৎ ?",
                        "text2": "Is the new party more honest than others ? \nকর্তা - নতুন পার্টিটা (The new party) । অন্যদের চেয়ে সৎ - more honest than others । তাই উত্তর হল - The new party is more honest than others । অতএব প্রশ্ন - Is the new party more honest than others ? ভুল - honester ।"
                      },
                      {
                        "description": "",
                        "image1": "",
                        "name": "BCP4-Lesson4 (9)",
                        "text1": "কে সবচেয়ে ভাল অধিনায়ক - সৌরভ না ধোনি ?",
                        "text2": "Who is the best captain - Sourav or Dhoni ? \nভালো-চেয়ে ভালো-সবচেয়ে ভালো - Good-better-best । most good বা bestest হয় না, ভুল ইংরিজি । তেমনি captainest-ও ভুল । best, highest, tallest-এর আগে সবসময় the বসবে, কারণ সবচেয়ে ভালো অধিনায়ক একজন নির্দিষ্ট মানুষ ।"
                      },
                      {
                        "description": "",
                        "image1": "",
                        "name": "BCP4-Lesson4 (10)",
                        "text1": "সবচেয়ে খারাপ জিনিসের দাম কি সবচেয়ে কম হয় ?",
                        "text2": "Is the price of the worst thing the lowest ? \nখারাপ-চেয়ে খারাপ-সবচেয়ে খারাপ - bad-worse-worst । ভুল - badest । কম-চেয়ে কম-সবচেয়ে কম - low-lower-lowest । ভুল - lessest, lest । দামের ক্ষেত্রে কম - এরকম আছে বলে low শব্দ ব্যবহার হল । Is the price of the worst thing is the lowest ? - ভুল ইংরিজি । worst আর lowest - ২টোর আগেই the বসল, লক্ষ্য রাখো । Does the worst thing have the lowest price ? - ঠিক ইংরিজি, কারণ দামের অধিকারী জিনিস ।"
                      },
                      {
                        "description": "",
                        "image1": "",
                        "name": "BCP4-Lesson4 (11)",
                        "text1": "তবে সবসময়ই সবচেয়ে ভালো জিনিসের দাম সবচেয়ে বেশী হয়",
                        "text2": "But the best thing always has the highest price. \nআগে lowest ব্যবহার হয়েছিল, এবার highest ব্যবহার হল । But the price of the best thing is always the highest - এটাও ঠিক হত ।  \"তবে\" এক্ষেত্রে therefore  নয়, কারণ therefore ব্যবহার হয় \"কারণ\" বোঝাতে (এটার জন্য ওটা), যেটা এখানে প্রযোজ্য নয় । এখানে but হল, এই but \"কিন্ত\" অর্থে ব্যবহার হল না, \"তবে\" অর্থে ব্যবহার হল । best আর highest ২টোর আগেই the  বসল । সবসময় - always ।"
                      },
                      {
                        "description": "",
                        "image1": "",
                        "name": "BCP4-Lesson4 (12)",
                        "text1": "সবচেয়ে বুদ্ধিমতী মেয়েটি কি সবচেয়ে সুন্দরী হবে ?",
                        "text2": "Will the most intelligent girl be the most beautiful ? \nপ্রথমে কর্তা ধর - সবচেয়ে বুদ্ধিমতী মেয়েটি (the most intelligent girl) । তারপর কাল ধর - ভবিষ্যৎ কাল, অতএব will হবে । আগেই বলা হয়েছে, will the most beautiful হবে না, will be the most beautiful হবে । উত্তর তাই হল, the most intelligent girl will be the most beautiful । প্রশ্ন করার জন্য এবার ঘোরাও, Will the most intelligent girl be the most beautiful ? লক্ষ্য কর, intelligentest বা beautifulest হল না, শব্দগুলো বড় বলে । শেষে most beautiful girl দেওয়ার দরকার নেই ।"
                      }
]