[
                      {
                        "description": "",
                        "image1": "",
                        "name": "BCP4-Lesson1 (1)",
                        "text1": "ভালো হও",
                        "text2": "Be good. \nএটি একটি বিশেষ ব্যবহার । \"হও\" অর্থে be ব্যবহার হল, তুমি উহ্য আছে । Become good বা You be good ভাল ব্যবহার নয় ।"
                      },
                      {
                        "description": "",
                        "image1": "",
                        "name": "BCP4-Lesson1 (2)",
                        "text1": "সবার কাছে সুন্দর থাকো",
                        "text2": "Be nice to all. \nকামনা করলে be nice, be good এরকম হয় । You nice to all ভুল ইংরিজি । nice for all বা nice at all-ও ভুল ইংরিজি । Everybody হল না, all হল, কারণ \"সবার\" আছে তাই ।"
                      },
                      {
                        "description": "",
                        "image1": "",
                        "name": "BCP4-Lesson1 (3)",
                        "text1": "সহজ হও",
                        "text2": "Be simple. \nBe the simple বা To be simple ভুল ইংরিজি ।"
                      },
                      {
                        "description": "",
                        "image1": "",
                        "name": "BCP4-Lesson1 (4)",
                        "text1": "শক্তিশালী হও",
                        "text2": "Be strong. \nBe strength ভুল । To be strong বা Be the strong-ও ভুল ।"
                      },
                      {
                        "description": "",
                        "image1": "",
                        "name": "BCP4-Lesson1 (5)",
                        "text1": "ভালো ফুটবলার হও ও ভালো খেলো",
                        "text2": "Be a good footballer and play well. \nBe good footballer হবে না । আবার play good হয় না ।"
                      },
                      {
                        "description": "",
                        "image1": "",
                        "name": "BCP4-Lesson1 (6)",
                        "text1": "ডাক্তার হও ও প্রত্যেকের সেবা কর",
                        "text2": "Be a doctor and serve everyone. \nদুটো বাক্যবন্ধের তফাৎ লক্ষ্য কর । Be a doctor হল, কিন্তু be serve everyone হল না । \"হওয়া\" অর্থেই be ব্যবহার হয়, \"করা\" অর্থে নয় ।"
                      },
                      {
                        "description": "",
                        "image1": "",
                        "name": "BCP4-Lesson1 (7)",
                        "text1": "আমি খুশী হব",
                        "text2": "I shall be happy. \nএকইভাবে \"হওয়া\" আছে বলে be happy হল । ভবিষ্যৎকাল বলে I shall  হল ।  I shall happy কখনো হবে না । I will be happy এক্ষেত্রে ভুল ।"
                      },
                      {
                        "description": "",
                        "image1": "",
                        "name": "BCP4-Lesson1 (8)",
                        "text1": "তুমি দুঃখিত হবে",
                        "text2": "You will be sad. \n\"হওয়া\" আছে বলে will be sad হল । You-এর পরে will হয় ।"
                      },
                      {
                        "description": "",
                        "image1": "",
                        "name": "BCP4-Lesson1 (9)",
                        "text1": "আমাদের দেরী হবে না",
                        "text2": "We shall not be late. \nWe-এর পর shall হয় । Our shall be late ভুল হবে । not-এর স্থান shall-এর পরে, be-এর পরে নয় ।"
                      },
                      {
                        "description": "",
                        "image1": "",
                        "name": "BCP4-Lesson1 (10)",
                        "text1": "তার কি দেরী হবে ?",
                        "text2": "Will he/she be late ? \nপ্রশ্ন বলে আগে উত্তরটা ভেবে নাও - he/she will be late । এবার ঘোরাও, Will he/she be late ? কখনো কিন্তু Will be he/she late হবে না । He/she-এর পর will হয়, shall হয় না ।"
                      },
                      {
                        "description": "",
                        "image1": "",
                        "name": "BCP4-Lesson1 (11)",
                        "text1": "তাদের কি দেরী হবে না ?",
                        "text2": "Will they not be late ? \nউত্তরটা ভাবো - They will not be late । তাই প্রশ্নটা হবে - Will they not be late ? They-র পর will  হয়, shall  নয় । তাদের আছে বলে them  কিন্তু হবে না ।"
                      },
                      {
                        "description": "",
                        "image1": "",
                        "name": "BCP4-Lesson1 (12)",
                        "text1": "তোমাদের কেন দেরী হবে ?",
                        "text2": "Why will you be late ? \nউত্তরটা ভেবে নাও - You will be late । তাই প্রশ্নটা হল - Will you be late ? এবারে গোড়ায় Why জোড়ো, কারণ প্রশ্নে why, what, when ইত্যাদি সবসময় প্রথমে বসে । \"তোমাদের\" আছে বলেই your বসাবে না ।"
                      }
]