[
                      {
                        "image1": "do",
                        "name": "Bvb1-Lesson1 (1)",
                        "ltext1": "left",
                        "rtext1": "right",
                        "utext1": "up",
                        "dtext1": "down",
                        "text1": "Do \n \nকরা \n \nI do it. \n \nআমি এটা করি । \n \nHe does  his lessons. \n \nসে তার পড়া করে । \n \nGolapi will do the work carefully. \n \nগোলাপী তার কাজটা যত্ন করে করবে । \n \nDo Did Done \n \nTranslate: সে এটা করেছে",
                        "description": ""
                      },
                      {
                        "image1": "go",
                        "name": "Bvb1-Lesson1 (2)",
                        "text1": "Go \n \nযাওয়া \n \nYou go there. \n \nতুমি সেখানে যাও । \n \nMalati went to the market. \n \nমালতী বাজারে গিয়েছিল । \n \nSwapan is going through bad time. \n \nস্বপন বাজে সময়ের মধ্যে দিয়ে যাচ্ছে । \n \nGo    Went    Gone \n \nTranslate:  তুমি কি সেখানে যাবে ?",
                        "description": ""
                      },
                      {
                        "image1": "",
                        "name": "Bvb1-Lesson1 (3)",
                        "text1": "Come \n \nআসা \n \nShefali came here to meet her mother. \n \nশেফালি এখানে তার মায়ের সঙ্গে দেখা করতে এসেছিল । \n \nGouri will come from Kolkata. \n \nগৌরী কলকাতা থেকে আসবে । \n \nCome on, you can do it. \n \nএগিয়ে এসো, তুমি পারবে । \n \nCome Came Come \n \nTranslate: তুমি কি আজ আসবে ?",
                        "description": ""
                      },
                      {
                        "image1": "",
                        "name": "Bvb1-Lesson1 (4)",
                        "text1": "Get \n \nআনা, পাওয়া \n \nShall I get a book for you ? \n \nআমি কি তোমার জন্য একটা বই আনবো ? \n \nMunai had got a new pen. \n \nমুনাই একটা নতুন পেন পেল । \n \nGet ready for your class. \n \nক্লাসের জন্য তৈরী হও । \n \nGet  Got  Got \n \nTranslate:  তুমি কি বইটা পেয়েছো ?",
                        "description": ""
                      },
                      {
                        "image1": "",
                        "name": "Bvb1-Lesson1 (5)",
                        "text1": "Put \n \nরাখা, স্থাপন করা \n \nPut the book on the table. \n \nবইটা টেবিলে রাখো । \n \nShe put it with care. \n \nসে যত্ন করে এটি রাখলো । \n \nHas he put off the lamp ? \n \nসে কি আলো নিভিয়েছে ? \n \nPut  Put  Put \n \nTranslate: এটা ওখানে রাখো",
                        "description": ""
                      },
                      {
                        "image1": "",
                        "name": "Bvb1-Lesson1 (6)",
                        "text1": "Keep \n \nরাখা \n \nYou may keep the chalk near blackboard. \n \nতুমি ব্ল্যাকবোর্ডের কাছে চকটি রাখতে পারো । \n \nKeep your word. \n \nতোমার কথা রেখো । \n \nKeep on doing the good things. \n \nভালো কাজ করাটা চালিয়ে যাও । \n \nKeep  Kept  Kept \n \nTranslate: এটা ওখানে রেখেছো ?",
                        "description": ""
                      },
                      {
                        "image1": "",
                        "name": "Bvb1-Lesson1 (7)",
                        "text1": "Give \n \nদেওয়া \n \nGive me a pen. \n \nআমাকে একটা পেন দাও । \n \nSumit gave it a try. \n \nসুমিত চেষ্টা করে দেখলো । \n \nDo not give up. \n \nহাল ছেড়ো না । \n \nGive   Gave    Given \n \nTranslate: আমাকে বইটা দাও",
                        "description": ""
                      },
                      {
                        "image1": "",
                        "name": "Bvb1-Lesson1 (8)",
                        "text1": "",
                        "description": "Take \n \nনেওয়া \n \nTake a pencil with you. \n \nতোমার সঙ্গে একটি পেনসিল নাও । \n \nThe doctor took care of the patient. \n \nডাক্তার রোগীটির যত্ন নিয়েছিলেন । \n \nStudents have taken part in the function. \n \nছাত্রছাত্রীরা অনুষ্ঠানে অংশ নিয়েছে । \n \nTake   Took    Taken \n \nTranslate: তুমি কি কলমটা নিয়েছো ?"
                      },
                      {
                        "image1": "",
                        "name": "Bvb1-Lesson1 (9)",
                        "text1": "Want \n \nচাওয়া \n \nI want your help. \n \nআমি তোমার সাহায্য চাই । \n \nDo you want a room ? \n \nতোমার কি ঘর চাই ? \n \nBeggars wanted food, but did not get. \n \nভিখারীরা খাবার চেয়েছিল, কিন্তু পায়নি । \n \nWant   Wanted   Wanted \n \nTranslate: তুমি কী চাও ?",
                        "description": ""
                      },
                      {
                        "image1": "",
                        "name": "Bvb1-Lesson1 (10)",
                        "text1": "Make \n \nতৈরী করা \n \nShe makes dolls. \n \nসে পুতুল তৈরী করে । \n \nThe car is made in India. \n \nগাড়িটি ভারতে তৈরী । \n \nHe has made up his mind to do it. \n \nসে এটা করবেই ঠিক করে ফেলেছে । \n \nMake   Made    Made \n \nTranslate: সে বাড়িটা তৈরী করছে",
                        "description": ""
                      }
]