[
                      {
                        "image1": "",
                        "name": "Bvb1-Lesson2 (1)",
                        "text1": "Break \n \nভাঙা \n \nChildren break toys. \n \nবাচ্চারা খেলনা ভাঙে । \n \nThe thief broke the back door. \n \nচোরটি পেছনের দরজাটি ভেঙেছিল । \n \nTheir friendship has broken up. \n \nতাদের বন্ধুত্ব ভেঙে গিয়েছে । \n \nBreak	Broke	Broken \n \nTranslate: সে টিভিটা ভেঙেছে",
                        "description": ""
                      },
                      {
                        "image1": "",
                        "name": "Bvb1-Lesson2 (2)",
                        "text1": "Work \n \nকাজ করা \n \nHis father works in a factory and makes cars. \n \nতার বাবা একটি কারখানায় কাজ করে ও গাড়ি তৈরী করে । \n \nThis television does not work anymore. \n \nএই টিভিটা আর কাজ করে না । \n \nLet us work out the sum. \n \nচল, অঙ্কটা শেষ করি । \n \nWork	Worked	 Worked \n \nTranslate: তুমি কোথায় কাজ করো ?",
                        "description": ""
                      },
                      {
                        "image1": "",
                        "name": "Bvb1-Lesson2 (3)",
                        "text1": "Eat \n \nখাওয়া \n \nI eat fruits. \n \nআমি ফল খাই । \n \nMadhabi never ate meat. \n \nমাধবী কখনো মাংস খায় নি । \n \nHave you ever eaten chowmin before ? \n \nতুমি কি আগে কখনো চাউমিন খেয়েছো ? \n \nEat	Ate	 Eaten \n \nTranslate: তুমি তাড়াতাড়ি খেয়ে নাও",
                        "description": ""
                      },
                      {
                        "image1": "",
                        "name": "Bvb1-Lesson2 (4)",
                        "text1": "Drink \n \nপান করা \n \nI drink water. \n \nআমি জল পান করি । \n \nThey drank water, but did not eat food. \n \nতারা জল খেলো, কিন্তু খাবার খেল না । \n \nHave you drunk Pepsi before ? \n \nতুমি কি আগে পেপসি খেয়েছো ? \n \nDrink	 Drank	Drunk \n \nTranslate: তুমি জল খেয়েছো ?",
                        "description": ""
                      },
                      {
                        "image1": "",
                        "name": "Bvb1-Lesson2 (5)",
                        "text1": "See \n \nদেখা \n \nSamiran can see the ball. \n \nসমীরণ বলটা দেখতে পাচ্ছে । \n \nI saw Deb in a shooting. \n \nআমি দেবকে একটা শুটিঙে দেখেছিলাম । \n \nSee if it works. \n \nদেখে নাও এটা কাজ করে কিনা । \n \nSee	Saw	  Seen \n \nTranslate: তুমি আজ চাঁদ দেখেছো ?",
                        "description": ""
                      },
                      {
                        "image1": "",
                        "name": "Bvb1-Lesson2 (6)",
                        "text1": "Look \n \nতাকানো \n \nDo not look at me. \n \nআমার দিকে তাকিয়ো না । \n \nSabitri is looking at the sun. \n \nসাবিত্রী সূর্যের দিকে তাকিয়ে আছে । \n \nTapan has to look after his dog. \n \nতপনকে তার কুকুরের দেখভাল করতে হয় । \n \nLook	Looked	Looked \n \nTranslate: আমার দিকে তাকাও",
                        "description": ""
                      },
                      {
                        "image1": "",
                        "name": "Bvb1-Lesson2 (7)",
                        "text1": "Hear \n \nশোনা \n \nCan you hear me ? \n \nতুমি কি আমায় শুনতে পাচ্ছো ? \n \nChandana had heard the call. \n \nচন্দনা ডাকটা শুনতে পেলো । \n \nHe is hard of hearing. \n \nসে কানে কম শোনে । \n \nHear	Heard	Heard \n \nTranslate: হ্যাঁ, খবরটা আমি শুনেছি",
                        "description": ""
                      },
                      {
                        "image1": "",
                        "name": "Bvb1-Lesson2 (8)",
                        "text1": "Say \n \nবলা \n \nBharati and Anjana say 'hello' to me everyday. \n \nভারতী ও অঞ্জনা রোজ আমায় 'হ্যালো' বলে । \n \nHe said, \"But I am Shombhu\". \n \nসে বলল, \"কিন্তু আমি যে শম্ভু\" । \n \nThe clock says noon. \n \nঘড়ি বলছে, দুপুর হয়েছে । \n \nSay	 Said	Said \n \nTranslate: সে কি বললো ?",
                        "description": ""
                      },
                      {
                        "image1": "",
                        "name": "Bvb1-Lesson2 (9)",
                        "text1": "Tell \n \nবলা \n \nManjul tells Shiuli to do work. \n \nমঞ্জুল শিউলিকে কাজ করতে বলে । \n \nLakshmi told Sanoka, \"I shall go tomorrow\". \n \nলক্ষ্মী সনকাকে বললো, \"আমি কাল যাবো\"। \n \nNever tell a lie. \n \nকখনো মিথ্যা বোলো না । \n \nTell	  Told	 Told \n \nTranslate: তোমার নাম বলো",
                        "description": ""
                      },
                      {
                        "image1": "",
                        "name": "Bvb1-Lesson2 (10)",
                        "text1": "Speak \n \nকথা বলা \n \nHe speaks the truth. \n \nসে সত্যি কথা বলে । \n \nThe teacher said,\"Speak out loudly\". \n \nশিক্ষক বললেন, \"জোরে বলো\" । \n \nShanu spoke for his class. \n \nশানু তার ক্লাসের হয়ে কথা বললো । \n \nSpeak	 Spoke	 Spoken \n \nTranslate: সে ইংরেজী বলতে পারে",
                        "description": ""
                      }
]