[
                      {
                        "image1": "",
                        "name": "Bvb1-Lesson3 (1)",
                        "text1": "Call \n \nডাকা \n \nRabin calls Shyamal loudly. \n \nরবিন শ্যামলকে চেঁচিয়ে ডাকে । \n \nI was called at 5 p.m. last evening. \n \nআমাকে কাল সন্ধ্যে ৫টায় ডাকা হয়েছিল । \n \nShe got a phone-call. \n \nসে একটা ফোন পেয়েছিল । \n \nCall	Called	Called \n \nTranslate: তাকে ডেকে দাও",
                        "description": ""
                      },
                      {
                        "image1": "",
                        "name": "Bvb1-Lesson3 (2)",
                        "text1": "Ask \n \nজিজ্ঞাসা করা, চাওয়া \n \nHema asks many questions. \n \nহেমা অনেক প্রশ্ন জিজ্ঞেস করে । \n \nAnu asked Shyamali for help. \n \nঅনু শ্যামলীর কাছে সাহায্য চেয়েছিল । \n \nShould we ask them for meeting ? \n \nআমাদের কি তাদের একটা মিটিঙে ডাকা উচিৎ ? \n \nAsk	Asked	Asked \n \nTranslate: দেবু জিজ্ঞেস করলো, \"তুমি কেমন আছ\" ?",
                        "description": ""
                      },
                      {
                        "image1": "",
                        "name": "Bvb1-Lesson3 (3)",
                        "text1": "",
                        "description": ""
                      },
                      {
                        "image1": "",
                        "name": "Bvb1-Lesson3 (4)",
                        "text1": "",
                        "description": ""
                      },
                      {
                        "image1": "",
                        "name": "Bvb1-Lesson3 (5)",
                        "text1": "",
                        "description": ""
                      },
                      {
                        "image1": "",
                        "name": "Bvb1-Lesson3 (6)",
                        "text1": "",
                        "description": ""
                      },
                      {
                        "image1": "",
                        "name": "Bvb1-Lesson3 (7)",
                        "text1": "",
                        "description": ""
                      },
                      {
                        "image1": "",
                        "name": "Bvb1-Lesson3 (8)",
                        "text1": "",
                        "description": ""
                      },
                      {
                        "image1": "",
                        "name": "Bvb1-Lesson3 (9)",
                        "text1": "",
                        "description": ""
                      },
                      {
                        "image1": "",
                        "name": "Bvb1-Lesson3 (10)",
                        "text1": "",
                        "description": ""
                      }
]