[
                      {
                        "description": "",
                        "image1": "",
                        "name": "Bad1-Lesson2 (1)",
                        "text1": " জোরে বৃষ্টি পড়ছে",
                        "text2": "It is raining heavily. <br> <br>এটি একটি বিশেষ ব্যবহার । fast বা quickly বৃষ্টির ক্ষেত্রে না ব্যবহার করে heavily ব্যবহার হল । আরো লক্ষ্য কর (আগে বলা হয়েছে), কর্তা না থাকলে it is দিয়ে শুরু করা হয় । rain is raining ভুল । rain is falling বাজে ইংরিজি । heavily বাক্যের প্রথমে বসালে ভুল হবে, কারণ raining-এর সঙ্গে heavily-র নিকট সম্পর্ক আছে ।"
                      },
                      {
                        "description": "",
                        "image1": "",
                        "name": "Bad1-Lesson2 (2)",
                        "text1": "তরুণ কি বাজেভাবে ফেল করেছে ?",
                        "text2": "Has Tarun failed badly ? <br> <br>বাজেভাবে - badly । ভাব (কেমন করে) বোঝাল বলে শেষে লাগল badly । ভুল - failed bad ।"
                      },
                      {
                        "description": "",
                        "image1": "",
                        "name": "Bad1-Lesson2 (3)",
                        "text1": "মিজানুর ও পুষ্পিতা ভালোভাবে ইংরিজি লেখে",
                        "text2": "Mijanur and Pushpita write English well. <br> <br>Well  হল \"ভালভাবে\", goodly হয় না । goodly ভুল ইংরিজি । \"মিজানুর ও পুষ্পিতা ভালো ইংরিজি লেখে\" থাকলে Mijanur and Pushpita write good English হত । Mijanur and Pushpita write well English ভুল ।"
                      },
                      {
                        "description": "",
                        "image1": "",
                        "name": "Bad1-Lesson2 (4)",
                        "text1": "ভোরবেলা তাড়াতাড়ি উঠে পড়",
                        "text2": "Get up early in the morning. <br> <br>এখানে \"তাড়াতাড়ি\" বোঝাতে কিন্তু quickly বা fast হবে না, early হবে । early  মানে \"আগে\" । in the morning হল, আগে যেমন বলা হয়েছে । get up - উঠে পড়া । নির্দেশ আছে, get up দিয়ে শুরু হল ।"
                      },
                      {
                        "description": "",
                        "image1": "",
                        "name": "Bad1-Lesson2 (5)",
                        "text1": "আমরা এখানে প্রতিদিন আসব",
                        "text2": "We shall come here daily. <br> <br>daily - প্রতিদিন । We shall come daily here লিখো না ।"
                      },
                      {
                        "description": "",
                        "image1": "",
                        "name": "Bad1-Lesson2 (6)",
                        "text1": "আমি ইতিপূর্বেই ওর সঙ্গে কথা বলেছি",
                        "text2": "I have spoken to him already. <br> <br>ইতিপূর্বেই - already । যদিও adverb প্রথমে বা শেষে দেওয়ার কথা বলা হয়েছে, I have already spoken to him ঠিক । খেয়াল রাখবে, speak to, say to হয় । spoken him ভুল । told him ঠিক ইংরিজি, কিন্তু কারো সঙ্গে কথা বলা speak to him হয়, tell নয় ।"
                      },
                      {
                        "description": "",
                        "image1": "",
                        "name": "Bad1-Lesson2 (7)",
                        "text1": "দুঃখের সঙ্গে প্রতিমা গান করেছিল",
                        "text2": "Pratima sang sadly. <br> <br>sadly - দুঃখের সঙ্গে । মনে রাখবে, sing-sang-sung । এখানে অতীতকাল । with sadly ভুল, with sadness লিখতে পারো । sadly-র ভেতরেই 'সঙ্গে'-র ভাবটা আছে । তাছাড়া adverb-এর সঙ্গে preposition বসে না ।"
                      },
                      {
                        "description": "",
                        "image1": "",
                        "name": "Bad1-Lesson2 (8)",
                        "text1": "মৃত্যুর সময় সে আমায় শক্ত করে ধরে ছিল",
                        "text2": "He held me strongly at the time of death. <br> <br>strongly বসল, hardly নয় (hardly মানে সম্পূর্ণ আলাদা) । এখানেও মাঝে বসল strongly, কারণ verb held-এর (hold-এর অতীতকাল) ভাব বোঝাতে adverb strongly তার পরেই ব্যবহার হল । মৃত্যুর সময় নির্দিষ্ট বলে at ব্যবহার হল । at death time ভুল । \"ধরা\" এখানে catch হবে না । এটা বাস ধরা বা ক্যাচ ধরা নয় যে catch ব্যবহার হবে ।"
                      },
                      {
                        "description": "",
                        "image1": "",
                        "name": "Bad1-Lesson2 (9)",
                        "text1": "সে কাজ প্রায় করেই না",
                        "text2": "He hardly works. <br> <br>\"সে কাজ করেই না\" মানে সে খুবই কম কাজ করে । এইসব ক্ষেত্রে hardly ব্যবহার হয় । hardly-র অর্থ \"শক্তভাবে\" মোটেই নয় । মজা হল, he works hard মানে হল সে পরিশ্রম করে কাজ করে, কিন্তু he works hardly মানে হল সে কম কাজ করে । He hardly does not work আবার ভুল, কারণ কম কাজ করাই works hardly হল ।"
                      },
                      {
                        "description": "",
                        "image1": "",
                        "name": "Bad1-Lesson2 (10)",
                        "text1": "কচ্ছপটা ধীরে ধীরে কিন্তু নিশ্চিতভাবে হাঁটছিল",
                        "text2": "The tortoise was walking slowly but surely. <br> <br>নিশ্চিতভাবে - surely । ঘটমান অতীত বলে was walking হল । \"ধীরে ধীরে\" আছে বলে কিন্তু slowly slowly হবে না, একবার slowly হবে, কারণ slow কথাটার ভেতরেই \"ধীরে ধীরে\" ভাবটা আছে ।"
                      }
]