[
                      {
                        "description": "",
                        "image1": "",
                        "name": "BCg1-Lesson4 (1)",
                        "text1": "সে/এ যায়",
                        "text2": "He/It goes."
                      },
                      {
                        "description": "",
                        "image1": "",
                        "name": "BCg1-Lesson4 (2)",
                        "text1": "সে/এ যাচ্ছে",
                        "text2": "He/It is going."
                      },
                      {
                        "description": "",
                        "image1": "",
                        "name": "BCg1-Lesson4 (3)",
                        "text1": "সে/এ যাবে",
                        "text2": "He/It will go."
                      },
                      {
                        "description": "",
                        "image1": "",
                        "name": "BCg1-Lesson4 (4)",
                        "text1": "সে/এ গিয়েছে",
                        "text2": "He/It has gone."
                      },
                      {
                        "description": "",
                        "image1": "",
                        "name": "BCg1-Lesson4 (5)",
                        "text1": "সে/এ যায় না",
                        "text2": "He/It does not go."
                      },
                      {
                        "description": "",
                        "image1": "",
                        "name": "BCg1-Lesson4 (6)",
                        "text1": "সে/এ যাচ্ছে না",
                        "text2": "He/It is not going."
                      },
                      {
                        "description": "",
                        "image1": "",
                        "name": "BCg1-Lesson4 (7)",
                        "text1": "সে/এ যাবে না",
                        "text2": "He/It will not go."
                      },
                      {
                        "description": "",
                        "image1": "",
                        "name": "BCg1-Lesson4 (8)",
                        "text1": "সে/এ গিয়েছিল",
                        "text2": "He/It went."
                      },
                      {
                        "description": "",
                        "image1": "",
                        "name": "BCg1-Lesson4 (9)",
                        "text1": "সে/এ যাচ্ছিল",
                        "text2": "He/It was going."
                      },
                      {
                        "description": "",
                        "image1": "",
                        "name": "BCg1-Lesson4 (10)",
                        "text1": "সে/এ যায় নি",
                        "text2": "He/It did not go."
                      },
                      {
                        "description": "",
                        "image1": "",
                        "name": "BCg1-Lesson4 (11)",
                        "text1": "সে/এ যেতে পারে",
                        "text2": "He/It can go."
                      },
                      {
                        "description": "",
                        "image1": "",
                        "name": "BCg1-Lesson4 (12)",
                        "text1": "সে/এ যেতে পারে না",
                        "text2": "He/It can not go."
                      },
                      {
                        "description": "",
                        "image1": "",
                        "name": "BCg1-Lesson4 (13)",
                        "text1": "সে/এ যায় কি ?",
                        "text2": "Does he go ?"
                      },
                      {
                        "description": "",
                        "image1": "",
                        "name": "BCg1-Lesson4 (14)",
                        "text1": "সে/এ যায় না কি ?",
                        "text2": "Does he not go ?"
                      },
                      {
                        "description": "",
                        "image1": "",
                        "name": "BCg1-Lesson4 (15)",
                        "text1": "সে/এ গিয়েছে কি ?",
                        "text2": "Has he gone ?"
                      },
                      {
                        "description": "",
                        "image1": "",
                        "name": "BCg1-Lesson4 (16)",
                        "text1": "সে/এ গেছে না/ গিয়েছে না কি ?",
                        "text2": "Has he not gone ?"
                      },
                      {
                        "description": "",
                        "image1": "",
                        "name": "BCg1-Lesson4 (17)",
                        "text1": "সে/এ গিয়েছিল কি ?",
                        "text2": "Did he go ?"
                      },
                      {
                        "description": "",
                        "image1": "",
                        "name": "BCg1-Lesson4 (18)",
                        "text1": "সে/এ যায় নি কি ?",
                        "text2": "Did he not go ?"
                      },
                      {
                        "description": "",
                        "image1": "",
                        "name": "BCg1-Lesson4 (19)",
                        "text1": "সে/এ যেতে পারে কি ?",
                        "text2": "May he/it go ?"
                      },
                      {
                        "description": "",
                        "image1": "",
                        "name": "BCg1-Lesson4 (20)",
                        "text1": "তার/এর যাওয়া উচিত",
                        "text2": "He/It should go."
                      },
                      {
                        "description": "",
                        "image1": "",
                        "name": "BCg1-Lesson4 (21)",
                        "text1": "সে/এ কি যাবে ?",
                        "text2": "Will he/it go ?"
                      },
                      {
                        "description": "",
                        "image1": "",
                        "name": "BCg1-Lesson4 (22)",
                        "text1": "সে-ই/এ-ই যাবে",
                        "text2": "He/It only will go."
                      },
                      {
                        "description": "",
                        "image1": "",
                        "name": "BCg1-Lesson4 (23)",
                        "text1": "তাকে/একে যেতেই হবে",
                        "text2": "He/It must go."
                      },
                      {
                        "description": "",
                        "image1": "",
                        "name": "BCg1-Lesson4 (24)",
                        "text1": "সে/এ কি যাবে না ?",
                        "text2": "Will he/it not go ?"
                      }
]