[
                      {
                        "description": "",
                        "image1": "",
                        "name": "BCg1-Lesson5 (1)",
                        "text1": "তারা/এরা যায়",
                        "text2": "They go."
                      },
                      {
                        "description": "",
                        "image1": "",
                        "name": "BCg1-Lesson5 (2)",
                        "text1": "তারা/এরা যাচ্ছে",
                        "text2": "They are going."
                      },
                      {
                        "description": "",
                        "image1": "",
                        "name": "BCg1-Lesson5 (3)",
                        "text1": "তারা/এরা যাবে",
                        "text2": "They will go."
                      },
                      {
                        "description": "",
                        "image1": "",
                        "name": "BCg1-Lesson5 (4)",
                        "text1": "তারা/এরা গিয়েছে",
                        "text2": "They have gone."
                      },
                      {
                        "description": "",
                        "image1": "",
                        "name": "BCg1-Lesson5 (5)",
                        "text1": "তারা/এরা যায় না",
                        "text2": "They do not go."
                      },
                      {
                        "description": "",
                        "image1": "",
                        "name": "BCg1-Lesson5 (6)",
                        "text1": "তারা/এরা যাচ্ছে না",
                        "text2": "They are not going."
                      },
                      {
                        "description": "",
                        "image1": "",
                        "name": "BCg1-Lesson5 (7)",
                        "text1": "তারা/এরা যাবে না",
                        "text2": "They will not go."
                      },
                      {
                        "description": "",
                        "image1": "",
                        "name": "BCg1-Lesson5 (8)",
                        "text1": "তারা/এরা গিয়েছিল",
                        "text2": "They went."
                      },
                      {
                        "description": "",
                        "image1": "",
                        "name": "BCg1-Lesson5 (9)",
                        "text1": "তারা/এরা যাচ্ছিল",
                        "text2": "They were going."
                      },
                      {
                        "description": "",
                        "image1": "",
                        "name": "BCg1-Lesson5 (10)",
                        "text1": "তারা/এরা যায় নি",
                        "text2": "They did not go."
                      },
                      {
                        "description": "",
                        "image1": "",
                        "name": "BCg1-Lesson5 (11)",
                        "text1": "তারা/এরা যেতে পারে",
                        "text2": "They can go."
                      },
                      {
                        "description": "",
                        "image1": "",
                        "name": "BCg1-Lesson5 (12)",
                        "text1": "তারা/এরা যেতে পারে না",
                        "text2": "They can not go."
                      },
                      {
                        "description": "",
                        "image1": "",
                        "name": "BCg1-Lesson5 (13)",
                        "text1": "তারা/এরা কি যায় ?",
                        "text2": "Do they go ?"
                      },
                      {
                        "description": "",
                        "image1": "",
                        "name": "BCg1-Lesson5 (14)",
                        "text1": "তারা/এরা কি যায় না ?",
                        "text2": "Do they not go ?"
                      },
                      {
                        "description": "",
                        "image1": "",
                        "name": "BCg1-Lesson5 (15)",
                        "text1": "তারা/এরা কি গিয়েছে ?",
                        "text2": "Have they gone ?"
                      },
                      {
                        "description": "",
                        "image1": "",
                        "name": "BCg1-Lesson5 (16)",
                        "text1": "তারা/এরা কি গেছিল না/গিয়েছিল না ?",
                        "text2": "Have not they gone ?"
                      },
                      {
                        "description": "",
                        "image1": "",
                        "name": "BCg1-Lesson5 (17)",
                        "text1": "তারা/এরা কি গিয়েছিল ?",
                        "text2": "Did they go ?"
                      },
                      {
                        "description": "",
                        "image1": "",
                        "name": "BCg1-Lesson5 (18)",
                        "text1": "তারা/এরা কি গিয়েছিল না ?",
                        "text2": "Did they not go ?"
                      },
                      {
                        "description": "",
                        "image1": "",
                        "name": "BCg1-Lesson5 (19)",
                        "text1": "তারা/এরা যেতে পারে কি ?",
                        "text2": "May they go ?"
                      },
                      {
                        "description": "",
                        "image1": "",
                        "name": "BCg1-Lesson5 (20)",
                        "text1": "তাদের/এদের যাওয়া উচিত",
                        "text2": "They should go."
                      },
                      {
                        "description": "",
                        "image1": "",
                        "name": "BCg1-Lesson5 (21)",
                        "text1": "তারা/এরা কি যাবে ?",
                        "text2": "Will they go ?"
                      },
                      {
                        "description": "",
                        "image1": "",
                        "name": "BCg1-Lesson5 (22)",
                        "text1": "তারা/এরাই যাবে",
                        "text2": "They only will go."
                      },
                      {
                        "description": "",
                        "image1": "",
                        "name": "BCg1-Lesson5 (23)",
                        "text1": "তাদের/এদের যেতেই হবে",
                        "text2": "They must go."
                      },
                      {
                        "description": "",
                        "image1": "",
                        "name": "BCg1-Lesson5 (24)",
                        "text1": "তারা/এরা কি যাবে না ?",
                        "text2": "Will they not go ?"
                      }
]