[
                      {
                        "description": "",
                        "image1": "",
                        "name": "BCG1-Lesson3 (1)",
                        "text1": "তুমি/তোমরা যাও",
                        "text2": "You go."
                      },
                      {
                        "description": "",
                        "image1": "",
                        "name": "BCG1-Lesson3 (2)",
                        "text1": "তুমি/তোমরা যাচ্ছ",
                        "text2": "You are going."
                      },
                      {
                        "description": "",
                        "image1": "",
                        "name": "BCG1-Lesson3 (3)",
                        "text1": "তুমি/তোমরা যাবে",
                        "text2": "You will go."
                      },
                      {
                        "description": "",
                        "image1": "",
                        "name": "BCG1-Lesson3 (4)",
                        "text1": "তুমি/তোমরা গিয়েছ",
                        "text2": "You have gone."
                      },
                      {
                        "description": "",
                        "image1": "",
                        "name": "BCG1-Lesson3 (5)",
                        "text1": "তুমি/তোমরা যাও না",
                        "text2": "You do not go."
                      },
                      {
                        "description": "",
                        "image1": "",
                        "name": "BCG1-Lesson3 (6)",
                        "text1": "তুমি/তোমরা যাচ্ছ না",
                        "text2": "You are not going."
                      },
                      {
                        "description": "",
                        "image1": "",
                        "name": "BCG1-Lesson3 (7)",
                        "text1": "তুমি/তোমরা যাবে না",
                        "text2": "You will not go."
                      },
                      {
                        "description": "",
                        "image1": "",
                        "name": "BCG1-Lesson3 (8)",
                        "text1": "তুমি/তোমরা গিয়েছিলে",
                        "text2": "You went."
                      },
                      {
                        "description": "",
                        "image1": "",
                        "name": "BCG1-Lesson3 (9)",
                        "text1": "তুমি/তোমরা যাচ্ছিলে",
                        "text2": "You were going."
                      },
                      {
                        "description": "",
                        "image1": "",
                        "name": "BCG1-Lesson3 (10)",
                        "text1": "তুমি/তোমরা যাও নি",
                        "text2": "You did not go."
                      },
                      {
                        "description": "",
                        "image1": "",
                        "name": "BCG1-Lesson3 (11)",
                        "text1": "তুমি/তোমরা যেতে পার",
                        "text2": "You can go."
                      },
                      {
                        "description": "",
                        "image1": "",
                        "name": "BCG1-Lesson3 (12)",
                        "text1": "তুমি/তোমরা যেতে পার না",
                        "text2": "You can not go."
                      },
                      {
                        "description": "",
                        "image1": "",
                        "name": "BCG1-Lesson3 (13)",
                        "text1": "তুমি/তোমরা কি যাও ?",
                        "text2": "Do you go ?"
                      },
                      {
                        "description": "",
                        "image1": "",
                        "name": "BCG1-Lesson3 (14)",
                        "text1": "তুমি/তোমরা কি যাও না ?",
                        "text2": "Do you not go ?"
                      },
                      {
                        "description": "",
                        "image1": "",
                        "name": "BCG1-Lesson3 (15)",
                        "text1": "তুমি/তোমরা কি গিয়েছো ?",
                        "text2": "Have you gone ?"
                      },
                      {
                        "description": "",
                        "image1": "",
                        "name": "BCG1-Lesson3 (16)",
                        "text1": "তুমি/তোমরা  গেছিলে না /গিয়েছিলে না ?",
                        "text2": "Have you not gone ?"
                      },
                      {
                        "description": "",
                        "image1": "",
                        "name": "BCG1-Lesson3 (17)",
                        "text1": "তুমি/তোমরা কি গিয়েছিলে ?",
                        "text2": "Did you go ?"
                      },
                      {
                        "description": "",
                        "image1": "",
                        "name": "BCG1-Lesson3 (18)",
                        "text1": "তুমি/তোমরা যাও নি ?",
                        "text2": "Did you not go ?"
                      },
                      {
                        "description": "",
                        "image1": "",
                        "name": "BCG1-Lesson3 (19)",
                        "text1": "তুমি/তোমরা যেতে পার কি ?",
                        "text2": "May you go ?"
                      },
                      {
                        "description": "",
                        "image1": "",
                        "name": "BCG1-Lesson3 (20)",
                        "text1": "তোমার/তোমাদের যাওয়া উচিত",
                        "text2": "You should go."
                      },
                      {
                        "description": "",
                        "image1": "",
                        "name": "BCG1-Lesson3 (21)",
                        "text1": "তুমি/তোমরা কি যাবে ?",
                        "text2": "Will you go ?"
                      },
                      {
                        "description": "",
                        "image1": "",
                        "name": "BCG1-Lesson3 (22)",
                        "text1": "তুমিই/তোমরাই যাবে",
                        "text2": "You only will go."
                      },
                      {
                        "description": "",
                        "image1": "",
                        "name": "BCG1-Lesson3 (23)",
                        "text1": "তোমায়/তোমাদের যেতেই হবে",
                        "text2": "You must go."
                      },
                      {
                        "description": "",
                        "image1": "",
                        "name": "BCG1-Lesson3 (24)",
                        "text1": "তুমি/তোমরা কি যাবে না ?",
                        "text2": "Will you not go ?"
                      }
]