[
                      {
                        "description": "",
                        "image1": "",
                        "name": "BCg1-Lesson2 (1)",
                        "text1": "আমরা যাই",
                        "text2": "We go."
                      },
                       {
                        "description": "",
                        "image1": "",
                        "name": "BCg1-Lesson2 (2)",
                        "text1": "আমরা যাচ্ছি",
                        "text2": "We are going."
                      },
                       {
                        "description": "",
                        "image1": "",
                        "name": "BCg1-Lesson2 (3)",
                        "text1": "আমরা যাবো",
                        "text2": "We shall go."
                      },
                       {
                        "description": "",
                        "image1": "",
                        "name": "BCg1-Lesson2 (4)",
                        "text1": "আমরা গিয়েছি",
                        "text2": "We have gone."
                      },
                       {
                        "description": "",
                        "image1": "",
                        "name": "BCg1-Lesson2 (5)",
                        "text1": "আমরা যাই না",
                        "text2": "We do not go."
                      },
                       {
                        "description": "",
                        "image1": "",
                        "name": "BCg1-Lesson2 (6)",
                        "text1": "আমরা যাচ্ছি না",
                        "text2": "We are not going."
                      },
                       {
                        "description": "",
                        "image1": "",
                        "name": "BCg1-Lesson2 (7)",
                        "text1": "আমরা যাবো না",
                        "text2": "We shall not go."
                      },
                       {
                        "description": "",
                        "image1": "",
                        "name": "BCg1-Lesson2 (8)",
                        "text1": "আমরা গিয়েছিলাম",
                        "text2": "We went."
                      },
                       {
                        "description": "",
                        "image1": "",
                        "name": "BCg1-Lesson2 (9)",
                        "text1": "আমরা যাচ্ছিলাম",
                        "text2": "We were going."
                      },
                       {
                        "description": "",
                        "image1": "",
                        "name": "BCg1-Lesson2 (10)",
                        "text1": "আমরা যাই নি",
                        "text2": "We did not go."
                      },
                       {
                        "description": "",
                        "image1": "",
                        "name": "BCg1-Lesson2 (11)",
                        "text1": "আমরা যেতে পারি",
                        "text2": "We can go."
                      },
                       {
                        "description": "",
                        "image1": "",
                        "name": "BCg1-Lesson2 (12)",
                        "text1": "আমরা যেতে পারি না",
                        "text2": "We can not go."
                      },
                       {
                        "description": "",
                        "image1": "",
                        "name": "BCg1-Lesson2 (13)",
                        "text1": "আমরা কি যাই ?",
                        "text2": "Do we go ?"
                      },
                       {
                        "description": "",
                        "image1": "",
                        "name": "BCg1-Lesson2 (14)",
                        "text1": "আমরা কি যাই না ?",
                        "text2": "Do we not go ?"
                      },
                       {
                        "description": "",
                        "image1": "",
                        "name": "BCg1-Lesson2 (15)",
                        "text1": "আমরা কি গিয়েছি ?",
                        "text2": "Have we gone ?"
                      },
                       {
                        "description": "",
                        "image1": "",
                        "name": "BCg1-Lesson2 (16)",
                        "text1": "আমরা কি গেছি না/ গিয়েছি না ?",
                        "text2": "Have we not gone ?"
                      },
                       {
                        "description": "",
                        "image1": "",
                        "name": "BCg1-Lesson2 (17)",
                        "text1": "আমরা কি গিয়েছিলাম ?",
                        "text2": "Did we go ?"
                      },
                       {
                        "description": "",
                        "image1": "",
                        "name": "BCg1-Lesson2 (18)",
                        "text1": "আমরা কি যাই নি ?",
                        "text2": "Did we not go ?"
                      },
                       {
                        "description": "",
                        "image1": "",
                        "name": "BCg1-Lesson2 (19)",
                        "text1": "আমরা যেতে পারি কি ?",
                        "text2": "May we go ?"
                      },
                       {
                        "description": "",
                        "image1": "",
                        "name": "BCg1-Lesson2 (20)",
                        "text1": "আমাদের যাওয়া উচিত",
                        "text2": "We should go."
                      },
                       {
                        "description": "",
                        "image1": "",
                        "name": "BCg1-Lesson2 (21)",
                        "text1": "আমরা কি যাবো ?",
                        "text2": "Shall we go ?"
                      },
                       {
                        "description": "",
                        "image1": "",
                        "name": "BCg1-Lesson2 (22)",
                        "text1": "আমরাই যাবো",
                        "text2": "We only shall go."
                      },
                       {
                        "description": "",
                        "image1": "",
                        "name": "BCg1-Lesson2 (23)",
                        "text1": "আমাদের যেতেই হবে",
                        "text2": "We must go."
                      },
                       {
                        "description": "",
                        "image1": "",
                        "name": "BCg1-Lesson2 (24)",
                        "text1": "আমরা কি যাবো না ?",
                        "text2": "Shall we not go ?"
                      }
]