[
                      {
                        "description": "",
                        "image1": "",
                        "name": "BCg2-Lesson2 (1)",
                        "text1": "আমরা যেতে পারতাম",
                        "text2": "We could go."
                      },
                      {
                        "description": "",
                        "image1": "",
                        "name": "BCg2-Lesson2 (2)",
                        "text1": "আমরা কি যেতে পারতাম ?",
                        "text2": "Could we go ?"
                      },
                      {
                        "description": "",
                        "image1": "",
                        "name": "BCg2-Lesson2 (3)",
                        "text1": "আমরা যেতে পারলাম না",
                        "text2": "We could not go."
                      },
                      {
                        "description": "",
                        "image1": "",
                        "name": "BCg2-Lesson2 (4)",
                        "text1": "আমরা বোধহয় যাবো",
                        "text2": "Perhaps we shall go."
                      },
                      {
                        "description": "",
                        "image1": "",
                        "name": "BCg2-Lesson2 (5)",
                        "text1": "আমরা যাবো ভাবছিলাম",
                        "text2": "We were thinking of going."
                      },
                      {
                        "description": "",
                        "image1": "",
                        "name": "BCg2-Lesson2 (6)",
                        "text1": "আমাদের যেতে হবে",
                        "text2": "We have to go."
                      },
                      {
                        "description": "",
                        "image1": "",
                        "name": "BCg2-Lesson2 (7)",
                        "text1": "আমাদের কি যেতে হবে ?",
                        "text2": "Shall we have to go ?"
                      },
                      {
                        "description": "",
                        "image1": "",
                        "name": "BCg2-Lesson2 (8)",
                        "text1": "আমাদের কি যেতে হবে না ?",
                        "text2": "Shall we not have to go ?"
                      },
                      {
                        "description": "",
                        "image1": "",
                        "name": "BCg2-Lesson2 (9)",
                        "text1": "আমাদের যাবার দরকার",
                        "text2": "We need to go."
                      },
                      {
                        "description": "",
                        "image1": "",
                        "name": "BCg2-Lesson2 (10)",
                        "text1": "আমরা কেন যাবো ?",
                        "text2": "Why shall we go ?"
                      },
                      {
                        "description": "",
                        "image1": "",
                        "name": "BCg2-Lesson2 (11)",
                        "text1": "কেন আমরা যাবো না ?",
                        "text2": "Why shall  we not go ?"
                      },
                      {
                        "description": "",
                        "image1": "",
                        "name": "BCg2-Lesson2 (12)",
                        "text1": "আমরা কখন যাবো ?",
                        "text2": "When shall we go ?"
                      },
                      {
                        "description": "",
                        "image1": "",
                        "name": "BCg2-Lesson2 (13)",
                        "text1": "আমরা কোথায় যাবো ?",
                        "text2": "Where shall  we go ?"
                      },
                      {
                        "description": "",
                        "image1": "",
                        "name": "BCg2-Lesson2 (14)",
                        "text1": "আমরা কার সঙ্গে যাবো ?",
                        "text2": "With whom shall we go ?"
                      },
                      {
                        "description": "",
                        "image1": "",
                        "name": "BCg2-Lesson2 (15)",
                        "text1": "আমরা যেতে চাই",
                        "text2": "We want to go."
                      },
                      {
                        "description": "",
                        "image1": "",
                        "name": "BCg2-Lesson2 (16)",
                        "text1": "আমাদের যেতে ভালো লাগে",
                        "text2": "We love to go."
                      },
                      {
                        "description": "",
                        "image1": "",
                        "name": "BCg2-Lesson2 (17)",
                        "text1": "আমাদের যাবার ইচ্ছে  আছে",
                        "text2": "We wish to go."
                      },
                      {
                        "description": "",
                        "image1": "",
                        "name": "BCg2-Lesson2 (18)",
                        "text1": "আমরা যদি যেতে পারতাম !",
                        "text2": "If we could go !"
                      }
]