[
                      {
                        "description": "",
                        "image1": "",
                        "name": "BCg2-Lesson5 (1)",
                        "text1": "তারা/এরা যেতে পারত",
                        "text2": "They could go."
                      },
                      {
                        "description": "",
                        "image1": "",
                        "name": "BCg2-Lesson5 (2)",
                        "text1": "তারা/এরা কি যেতে পারত ?",
                        "text2": "Could they go ?"
                      },
                      {
                        "description": "",
                        "image1": "",
                        "name": "BCg2-Lesson5 (3)",
                        "text1": "তারা/এরা যেতে পারল না",
                        "text2": "They could not go."
                      },
                      {
                        "description": "",
                        "image1": "",
                        "name": "BCg2-Lesson5 (4)",
                        "text1": "তারা/এরা বোধহয় যাবে",
                        "text2": "Perhaps they will go."
                      },
                      {
                        "description": "",
                        "image1": "",
                        "name": "BCg2-Lesson5 (5)",
                        "text1": "তারা/এরা যাবে ভাবছিল",
                        "text2": "They were thinking of going."
                      },
                      {
                        "description": "",
                        "image1": "",
                        "name": "BCg2-Lesson5 (6)",
                        "text1": "তাদেরকে/এদেরকে যেতে হবে",
                        "text2": "They have to go."
                      },
                       {
                        "description": "",
                        "image1": "",
                        "name": "BCg2-Lesson5 (7)",
                        "text1": "তাদেরকে/এদেরকে কি যেতে হবে ?",
                        "text2": "Will they have to go ?"
                      },
                      {
                        "description": "",
                        "image1": "",
                        "name": "BCg2-Lesson5 (8)",
                        "text1": "তাদেরকে/এদেরকে কি যেতে হবে না ?",
                        "text2": "Will they not have to go ?"
                      },
                      {
                        "description": "",
                        "image1": "",
                        "name": "BCg2-Lesson5 (9)",
                        "text1": "তাদের/এদের যাবার দরকার",
                        "text2": "They need to go."
                      },
                      {
                        "description": "",
                        "image1": "",
                        "name": "BCg2-Lesson5 (10)",
                        "text1": "তারা/এরা কেন যাবে ?",
                        "text2": "Why will they go ?"
                      },
                      {
                        "description": "",
                        "image1": "",
                        "name": "BCg2-Lesson5 (11)",
                        "text1": "কেন তারা/এরা যাবে না ?",
                        "text2": "Why will they not go ?"
                      },
                      {
                        "description": "",
                        "image1": "",
                        "name": "BCg2-Lesson5 (12)",
                        "text1": "তারা/এরা কখন যাবে ?",
                        "text2": "When will they go ?"
                      },
                       {
                        "description": "",
                        "image1": "",
                        "name": "BCg2-Lesson5 (13)",
                        "text1": "তারা/এরা কোথায় যাবে ?",
                        "text2": "Where will they go ?"
                      },
                      {
                        "description": "",
                        "image1": "",
                        "name": "BCg2-Lesson5 (14)",
                        "text1": "তারা/এরা কার সঙ্গে যাবে ?",
                        "text2": "With whom will they go ?"
                      },
                      {
                        "description": "",
                        "image1": "",
                        "name": "BCg2-Lesson5 (15)",
                        "text1": "তারা/এরা যেতে চায়",
                        "text2": "They want to go."
                      },
                      {
                        "description": "",
                        "image1": "",
                        "name": "BCg2-Lesson5 (16)",
                        "text1": "তাদের/এদের যেতে ভালো লাগে",
                        "text2": "They love to go."
                      },
                      {
                        "description": "",
                        "image1": "",
                        "name": "BCg2-Lesson5 (17)",
                        "text1": "তাদের/এদের যাবার ইচ্ছে আছে",
                        "text2": "They wish to go."
                      },
                      {
                        "description": "",
                        "image1": "",
                        "name": "BCg2-Lesson5 (18)",
                        "text1": "তারা/এরা যদি যেতে পারত !",
                        "text2": "If they could go !"
                      }
]