[
                      {
                        "description": "",
                        "image1": "",
                        "name": "BCg3-Lesson3 (1)",
                        "text1": "তুমি যেতে থাকছো",
                        "text2": "You have been going."
                      },
                       {
                        "description": "",
                        "image1": "",
                        "name": "BCg3-Lesson3 (2)",
                        "text1": "তুমি যেতে থাকবে",
                        "text2": "You will be going."
                      },
                       {
                        "description": "",
                        "image1": "",
                        "name": "BCg3-Lesson3 (3)",
                        "text1": "তুমি যেতে থেকেছিলে",
                        "text2": "You had been going."
                      },
                       {
                        "description": "",
                        "image1": "",
                        "name": "BCg3-Lesson3 (4)",
                        "text1": "তুমি কি যেতে থাকছো ?",
                        "text2": "Have you been going ?"
                      },
                       {
                        "description": "",
                        "image1": "",
                        "name": "BCg3-Lesson3 (5)",
                        "text1": "তুমি কি যেতে  থাকবে ?",
                        "text2": "Will you be going ?"
                      },
                       {
                        "description": "",
                        "image1": "",
                        "name": "BCg3-Lesson3 (6)",
                        "text1": "তুমি কি যেতে  থাকছিলে ?",
                        "text2": "Had you been going ?"
                      },
                       {
                        "description": "",
                        "image1": "",
                        "name": "BCg3-Lesson3 (7)",
                        "text1": "তুমি গেলে",
                        "text2": "You had gone."
                      },
                       {
                        "description": "",
                        "image1": "",
                        "name": "BCg3-Lesson3 (8)",
                        "text1": "তুমি কি গেলে ?",
                        "text2": "Had you gone ?"
                      },
                       {
                        "description": "",
                        "image1": "",
                        "name": "BCg3-Lesson3 (9)",
                        "text1": "তুমি যেতে পারতে",
                        "text2": "You could have gone. <br> <br>Example :You said you could have gone । ঘটনাটা ঘটতে পারতো, আর আমার যাবার ক্ষমতা ছিল ।"
                      },
                       {
                        "description": "",
                        "image1": "",
                        "name": "BCg3-Lesson3 (10)",
                        "text1": "তুমি কি যেতে পারতে ?",
                        "text2": "Could you have gone ?"
                      },
                       {
                        "description": "",
                        "image1": "",
                        "name": "BCg3-Lesson3 (11)",
                        "text1": "তুমি যেতে পারতে",
                        "text2": "You would have gone. <br> <br>Example: Had he told you, you would have gone । 'অতীতে সম্ভাবনা বোঝাতে' ।"
                      },
                       {
                        "description": "",
                        "image1": "",
                        "name": "BCg3-Lesson3 (12)",
                        "text1": "তুমি কি যেতে পারতে ?",
                        "text2": "Would you have gone ?"
                      },
                       {
                        "description": "",
                        "image1": "",
                        "name": "BCg3-Lesson3 (13)",
                        "text1": "তোমার যেতে পারা উচিৎ ছিল",
                        "text2": "You should have gone."
                      },
                       {
                        "description": "",
                        "image1": "",
                        "name": "BCg3-Lesson3 (14)",
                        "text1": "তোমার কি যেতে পারা উচিৎ ছিল ?",
                        "text2": "Should you have gone ?"
                      },
                       {
                        "description": "",
                        "image1": "",
                        "name": "BCg3-Lesson3 (15)",
                        "text1": "তুমি যেতে পারতে",
                        "text2": "You may have gone."
                      },
                       {
                        "description": "",
                        "image1": "",
                        "name": "BCg3-Lesson3 (16)",
                        "text1": "তুমি কি যেতে পারতে ?",
                        "text2": "May you have gone ?"
                      },
                       {
                        "description": "",
                        "image1": "",
                        "name": "BCg3-Lesson3 (17)",
                        "text1": "তুমি না গিয়ে পারো না",
                        "text2": "You cannot but go."
                      },
                       {
                        "description": "",
                        "image1": "",
                        "name": "BCg3-Lesson3 (18)",
                        "text1": "তুমি না গিয়ে পারো না",
                        "text2": "You can not help going. <br> <br>দুটোই হয় - You can not but go আর You can not help going ।"
                      }
]