[
    {
        "words": {
          "BCP1imagePictureMatchQuizx4.jpg": "bearwith",
          "BCP1imagePictureMatchQuizx2.jpg": "breakdown",
          "BCP1imagePictureMatchQuizx3.jpg": "breakout",
          "BCP1imagePictureMatchQuizx1.jpg": "backup"
        }
    },
    {
        "words": {
          "acrossfield.jpg": "option4",
          "abovecricket.jpg": "",
          "acrossjungle.jpg": "",
          "aboveshop.jpg": ""
        }
    },
    {
        "words": {
          "do.jpg": "option4",
          "go.jpg": "",
          "do1.jpg": "",
          "do2.jpg": ""
        }
    }
]