[ 
                      {
                        "description": "",
                        "image1": "",
                        "name": "BCP2-Lesson1 (1)",
                        "text1": " কে ওখানে ?",
                        "text2": "Who is there ? <br> <br>আগেই বলা হয়েছে, বাংলা বাক্যকে ইংরিজি করতে হলে সাজিয়ে নিতে হয় । এক্ষেত্রে সাজাবে, কে হয় ওখানে । 'ওখানে কে' ? থাকলেও সাজাবে 'কে হয় ওখানে', কারন প্রশ্নবোধক বাক্য ইংরিজিতে who, what, how ইত্যাদি দিয়ে শুরু হবেই ।"
                      },
                      {
                        "description": "",
                        "image1": "",
                        "name": "BCP2-Lesson1 (2)",
                        "text1": "ওটি সুমিতা",
                        "text2": "That is Sumita. <br> <br>That Sumita হবে না । verb থাকবেই । \"ওটা\" আছে বলে That হল ।"
                      },
                      {
                        "description": "",
                        "image1": "",
                        "name": "BCP2-Lesson1 (3)",
                        "text1": "সুমিতা তার ঘরে আছে",
                        "text2": "Sumita is in her room. <br> <br>ঘরের ভেতর আছে বলে in her room হল । Sumita has in the room ভুল । এখানে সুমিতা ঘরের অধিকারী হলেও বাক্যটা \"সুমিতার একটা ঘর আছে\" নয় । সেক্ষেত্রে Sumita has a room হত । আসলে her হচ্ছে room-এর অধিকারী, তাই her room । Has in a room সবসময়ই ভুল ।"
                      },
                      {
                        "description": "",
                        "image1": "",
                        "name": "BCP2-Lesson1 (4)",
                        "text1": "আমি সুমিতার জন্য খুব খুশি",
                        "text2": "I am very happy for Sumita. <br> <br>\"সুমিতার জন্য\" বলে for Sumita হল । I for Sumita am very happy ভুল, কারণ সাজিয়ে নিতে হবে, আমি খুব খুশি সুমিতার জন্য । সবসময় আগে noun আর verb ধরবে । এইভাবে ভাবো, কে খুশী, না আমি খুশী । সেইটা আগে আসবে ইংরিজিতে । তারপর verb, তারও পর কেন খুশী ।"
                      },
                      {
                        "description": "",
                        "image1": "",
                        "name": "BCP2-Lesson1 (5)",
                        "text1": "এই যে সুমিতার জন্য একটা উপহার",
                        "text2": "Here is a gift for Sumita. <br> <br>\"এই যে\" অর্থে Here is হল । Here for Sumita is a gift ভুল ইংরিজি । একইরকমভাবে সাজিয়ে নিতে হবে, এই যে একটা উপহার সুমিতার জন্য । This gift is for Sumita-ও ঠিক । কিন্তু Here is Sumita's gift বললে অর্থ ঠিক আসছে না ।"
                      },
                      {
                        "description": "",
                        "image1": "",
                        "name": "BCP2-Lesson1 (6)",
                        "text1": "কি ওখানে ?",
                        "text2": "What is there ? <br> <br>কি হয় ওখানে, এইভাবে সাজাও ।'ওখানে কি' বললেও একই ভাবে সাজাতে হত ।"
                      },
                      {
                        "description": "",
                        "image1": "",
                        "name": "BCP2-Lesson1 (7)",
                        "text1": "ওটা একটি লাল পেন",
                        "text2": "That is a red pen. <br> <br>Adjective red বসেছে noun-এর আগে । There is a red pen বললেও ভুল হবে না । A red pen is there কাছাকাছি যাবে । red a pen ভুল ।"
                      },
                      {
                        "description": "",
                        "image1": "",
                        "name": "BCP2-Lesson1 (8)",
                        "text1": "ওটা সুমিতার পেন",
                        "text2": "That is Sumita's pen. <br> <br>(')-র ব্যবহার লক্ষ্য কর - সুমিতার পেন বলতে Sumita's pen ।"
                      },
                      {
                        "description": "",
                        "image1": "",
                        "name": "BCP2-Lesson1 (9)",
                        "text1": "লাল পেনটি টেবিলের উপরে আছে",
                        "text2": "The red pen is on the table. <br> <br>সাজিয়ে নাও, লাল পেনটি আছে টেবিলের ওপর । \"পেনটি\" আছে বলে The pen হল । There is the red pen on the table বললেও ঠিক হত । Above হয় না এখানে, টেবিলের চেয়ে উঁচুতে থাকলে above হত, ওপরে আছে বলে on হল ।"
                      },
                      {
                        "description": "",
                        "image1": "",
                        "name": "BCP2-Lesson1 (10)",
                        "text1": "টেবিলটি মেঝের উপর আছে",
                        "text2": "The table is on the floor. <br> <br>এটা আগের মতই । সাজাও, টেবিলটা আছে মেঝের ওপর । মেঝের ইংরিজি floor ।"
                      },
                      {
                        "description": "",
                        "image1": "",
                        "name": "BCP2-Lesson1 (11)",
                        "text1": " আমি কেমন আছি ?",
                        "text2": "How am I ? <br> <br>I am how - ভুল ইংরিজি । সাজিয়ে নাও, কেমন আছি আমি । প্রশ্নবোধক বাক্যে যেটা দিয়ে প্রশ্ন করা হচ্ছে, যেমন what, how, when ইত্যাদি, সেটা সবসময় আগে আসবে । How have I ভুল, কারণ \"আছি\" অর্থে এখানে \"আমার কিছু জিনিশ আছে\" তা তো আর নয়, তাই have হবে না ।"
                      },
                      {
                        "description": "",
                        "image1": "",
                        "name": "BCP2-Lesson1 (12)",
                        "text1": "আমি ভালো আছি",
                        "text2": "I am fine. <br> <br>I fine am হবে না - আমি আছি ভালো, এইভাবে ভাবো । I am well-ও বলা যেতে পারে । I am good হবে না, ওটা ভুল ।"
                      },
                      {
                        "description": "",
                        "image1": "",
                        "name": "BCP2-Lesson1 (13)",
                        "text1": "আমি তোমার সঙ্গে আছি",
                        "text2": "I am with you. <br> <br>সাজাও, আমি আছি তোমার সঙ্গে । সঙ্গে অর্থে with । \"তোমার\" আছে বলে কিন্তু your হবে না, কারণ অধিকারী নেই । I with you বা I with you am - এগুলোও ভুল । with me, with him, with them, with you - এরকম হয় । ঠিক তেমনি for me, for him, for them, for you, ইত্যাদি হয় ।"
                      },
                      {
                        "description": "",
                        "image1": "",
                        "name": "BCP2-Lesson1 (14)",
                        "text1": "তুমি আমার সঙ্গে আছ",
                        "text2": "You are with me. <br> <br>You আছে বলে are হল । \"আমার সঙ্গে\" অর্থে with my বা with I হবে না - with me হবে ।"
                      },
                      {
                        "description": "",
                        "image1": "",
                        "name": "BCP2-Lesson1 (15)",
                        "text1": "ভালবাসা সহ এই ফুলটা তোমার জন্য",
                        "text2": "This flower is for you with love. <br> <br>সবসময় আগে noun আর verb ধরবে । তাই এইভাবে সাজাও, এই ফুলটা হয় তোমার জন্য ভালবাসা সহ । Here is this flower for you with love - এটাও ঠিক । with love for you লিখো না, কারণ আগেই বলা হয়েছে যে noun আর verb-এর পরই কেন বা কিসের জন্য সেটা  বসবে ইংরিজিতে ।"
                      },
                      {
                        "description": "",
                        "image1": "",
                        "name": "BCP2-Lesson1 (16)",
                        "text1": "তুমি কেমন আছ ?",
                        "text2": " How are you ? <br> <br>প্রশ্নবোধক বাক্যে যা দিয়ে প্রশ্ন সেটা আগে আসবে । তাই how আগে এল । তারপর verb, তারপর noun । প্রশ্ন বলে  noun-verb না হয়ে verb-noun হল । 'তুমি আছ কেমন' বা 'কেমন আছ তুমি' থাকলেও একইভাবে সাজিয়ে নেবে ।"
                      },
                      {
                        "description": "",
                        "image1": "",
                        "name": "BCP2-Lesson1 (17)",
                        "text1": "তুমি ভালো আছ",
                        "text2": "You are well. <br> <br>You well are ভুল । well মানে ভালো । You are fine-ও ঠিক । You are good হয় না, ওটা ভুল । ভালো লোক - good man, কিন্তু ভালো থাকা অর্থে well ব্যবহার করবে ।"
                      },
                      {
                        "description": "",
                        "image1": "",
                        "name": "BCP2-Lesson1 (18)",
                        "text1": "তুমি একটি বিদ্যালয়ের সামনে আছ",
                        "text2": "You are in front of a school. <br> <br>আগে noun আর পরে verb ধরে সাজাও, তুমি আছ একটি বিদ্যালয়ের সামনে । \"In front of\" মানে সামনে । school in front of বা school's front ভুল প্রয়োগ ।"
                      },
                      {
                        "description": "",
                        "image1": "",
                        "name": "BCP2-Lesson1 (19)",
                        "text1": "তুমি বিদ্যালয়টির একজন শিক্ষক",
                        "text2": "You are a teacher of the school. <br> <br>verb আর noun নিয়ে প্রথমে সাজাও, তুমি হও একজন শিক্ষক, তারপর জোড়ো \"বিদ্যালয়টির\", কারণ কার শিক্ষক না বিদ্যালয়ের শিক্ষক । You are a school teacher ভুল ইংরিজি না হলেও এক্ষেত্রে প্রয়োগ করলে ভুল হবে, কারণ নির্দিষ্ট বিদ্যালয় বোঝানো হয়েছে, যেটার ধারণা এই ইংরিজিতে আসছে না । You are the school's teacher বা You are the school teacher বললেও ঠিক অর্থ আসবে না, কারণ একজন বোঝাল না ।"
                      },
                      {
                        "description": "",
                        "image1": "",
                        "name": "BCP2-Lesson1 (20)",
                        "text1": "বিদ্যালয়টি সকাল ১০ টা থেকে বিকেল ৩ টা পর্যন্ত",
                        "text2": "The school is from 10 AM to 3 PM. <br> <br>থেকে-পর্যন্ত অর্থে from-to ব্যবহার লক্ষ্য কর । সকাল বললে AM আর দুপুর বারোটার পর বোঝালে PM ব্যবহার হয় । \"বিদ্যালয়টি\" বলে The school  হল ।"
                      },
                      {
                        "description": "",
                        "image1": "",
                        "name": "BCP2-Lesson1 (21)",
                        "text1": "আমরা কেমন আছি ?",
                        "text2": "How are we ? <br> <br>প্রশ্ন বলে How আগে এসেছে । প্রশ্ন বলেই noun আর verb উল্টে গেছে ।"
                      },
                      {
                        "description": "",
                        "image1": "",
                        "name": "BCP2-Lesson1 (22)",
                        "text1": "সে কেমন আছে ?",
                        "text2": "How is he/ she ? <br> <br>আগের মতই ।"
                      },
                      {
                        "description": "",
                        "image1": "",
                        "name": "BCP2-Lesson1 (23)",
                        "text1": "এটা কেমন ?",
                        "text2": "How is it ?"
                      },
                      {
                        "description": "",
                        "image1": "",
                        "name": "BCP2-Lesson1 (24)",
                        "text1": "তারা কেমন আছে ?",
                        "text2": "How are they ? <br> <br>How have they কখনো লিখবে না, ওটা ভুল ।"
                      },
                      {
                        "description": "",
                        "image1": "",
                        "name": "BCP2-Lesson1 (25)",
                        "text1": "আমি কে ?",
                        "text2": "Who am I ? <br> <br>কে অর্থে Who । Who I am-ভুল । Noun আর Verb উল্টোতে হবে । ব্যাপারটা সহজ - প্রশ্ন থাকলে who, what বা how দিয়ে শুরু কর আর তারপর noun-verb ওল্টাও ।"
                      }
]
