[
                      {
                        "description": "",
                        "image1": "",
                        "name": "BCP2-Lesson5 (1)",
                        "text1": "আমি তপন । আমি কি তপন ?",
                        "text2": "I am Tapan. Am I Tapan ? <br> <br>প্রশ্নবোধক বাক্য থাকলে আগে উত্তরটা ভেবে নাও । উত্তর হল - I am Tapan । এবার আগে যেমন বলা হয়েছে সেইভাবে subject আর verb-এর জায়গা পাল্টাপাল্টি করে নাও । অতএব হল Am I Tapan ?"
                      },
                      {
                        "description": "",
                        "image1": "",
                        "name": "BCP2-Lesson5 (2)",
                        "text1": "তুমি স্বাতী । তুমি কি স্বাতী ?",
                        "text2": "You are Swati. Are you Swati ? <br> <br>এখানে Subject হল তুমি, স্বাতী নয় । তাই এখানে subject আর verb ঘোরালে Are you Swati হবে ।"
                      },
                      {
                        "description": "",
                        "image1": "",
                        "name": "BCP2-Lesson5 (3)",
                        "text1": "সে নজরুল । সে কি নজরুল ?",
                        "text2": "He is Nazrul. Is he Nazrul ? <br> <br>একই ভাবে হবে ।"
                      },
                      {
                        "description": "",
                        "image1": "",
                        "name": "BCP2-Lesson5 (4)",
                        "text1": "তারা বন্ধু । তারা কি বন্ধু ?",
                        "text2": "They are friends. Are they friends ? <br> <br>Subject হল they, friends নয় । তাই they কে ঘোরানো হল । They are friend ভুল, friends হবে"
                      },
                      {
                        "description": "",
                        "image1": "",
                        "name": "BCP2-Lesson5 (5)",
                        "text1": "এটি একটি শিশু । এটি কি একটি শিশু ?",
                        "text2": "It is a child. Is it a child ?"
                      },
                      {
                        "description": "",
                        "image1": "",
                        "name": "BCP2-Lesson5 (6)",
                        "text1": "১০০ ৯৯-এর পরে । ১০০ কি ৯৯-এর পরে ?",
                        "text2": "100 is after 99. Is 100 after 99 ? <br> <br>আগে-পরে বোঝাতে Before-After পূর্বেও ব্যবহার হয়েছে । 99-এর পরে বলে after 99 হল । 99 after বা after 100 হবে না ।"
                      },
                      {
                        "description": "",
                        "image1": "",
                        "name": "BCP2-Lesson5 (7)",
                        "text1": "৯৯ ১০০-র আগে । ৯৯ কি ১০০-র আগে ?",
                        "text2": "99 is before 100. Is 99 before 100 ? <br> <br>আগে বোঝাতে Before হল । এখানে Subject কিন্তু 99 তাই Is 99 before 100 হল ।"
                      },
                      {
                        "description": "",
                        "image1": "",
                        "name": "BCP2-Lesson5 (8)",
                        "text1": "৫০-এর চেয়ে ১০০ বেশী । ১০০ কি ৫০-এর চেয়ে বেশী ?",
                        "text2": "100 is more than 50. Is 100 more than 50 ? <br> <br>তুলনামুলক ভাবে বেশী বোঝাতে more than এবং কম বোঝাতে less than ব্যবহার করা হয় । যার চেয়ে বেশী তার আগে more than বসে ।"
                      },
                      {
                        "description": "",
                        "image1": "",
                        "name": "BCP2-Lesson5 (9)",
                        "text1": "১০০ ২০০-র চেয়ে কম । ১০০ কি ২০০-র চেয়ে কম ?",
                        "text2": "100 is less than 200. Is 100 less than 200 ? <br> <br>যার চেয়ে কম তার আগেই less than বসেছে । এখানে Subject হল 100 । তাই is 100 হ্ল ।"
                      },
                      {
                        "description": "",
                        "image1": "",
                        "name": "BCP2-Lesson5 (10)",
                        "text1": "এই ফুলটা তোমার জন্যে । এই ফুলটা কি তোমার জন্যে ?",
                        "text2": "This flower is for you. Is this flower for you ? <br> <br>এখানে This flower is - টা ঘুরিয়ে Is this flower হয়ে গেল । প্রশ্নের ইংরিজি করতে গেলে আগে উত্তরটা ভেবে নেবে ।"
                      },
                      {
                        "description": "",
                        "image1": "",
                        "name": "BCP2-Lesson5 (11)",
                        "text1": "এই যে সুমিতার জন্যে একটি উপহার । এটা কি সুমিতার জন্যে উপহার ?",
                        "text2": "Here is a gift for Sumita. Is it a gift for Sumita ? <br> <br>এই যে সুমিতার জন্যে একটি উপহার - Here is a gift for Sumita হলেও প্রশ্নে Is here a gift for Sumita হবে না । Is it a gift for Sumita হবে । কারণ, 'এটা কি সুমিতার জন্য উপহার' এই প্রশ্নের উত্তর হল - এটি সুমিতার জন্য একটি উপহার, যার ইংরিজি it is a gift for Sumita ।"
                      },
                      {
                        "description": "",
                        "image1": "",
                        "name": "BCP2-Lesson5 (12)",
                        "text1": "বাইরে একটা পুকুর আছে । বাইরে কি একটা পুকুর আছে ?",
                        "text2": "There is a pond outside. Is there a pond outside ? <br> <br>A pond is outside এটা ভাল ইংরিজি নয় । এক্ষেত্রে There is করাটাই উচিৎ ।"
                      },
                      {
                        "description": "",
                        "image1": "",
                        "name": "BCP2-Lesson5 (13)",
                        "text1": "এখন রাত এগারোটা । এখন কি রাত এগারোটা ?",
                        "text2": "It is eleven at night. Is it eleven at night ? <br> <br>Subject নেই বলে It is ব্যবহার হবে । এখানে 11 PM ব্যবহার করা যেতে পারে, তখন At night থাকবে না । At night-এর জায়গায় In the night-ও চলে ।"
                      },
                      {
                        "description": "",
                        "image1": "",
                        "name": "BCP2-Lesson5 (14)",
                        "text1": "আগামীকাল বুধবার । আগামীকাল কি বুধবার ?",
                        "text2": "Tomorrow is Wednesday. Is tomorrow Wednesday ?"
                      },
                      {
                        "description": "",
                        "image1": "",
                        "name": "BCP2-Lesson5 (15)",
                        "text1": "সে আমার ভাই নয় । সে কি আমার ভাই ? সে কি আমার ভাই নয় ?",
                        "text2": "He is not my brother. Is he my brother ? Is not he my brother ? <br> <br>\"নয়\"-কে করে নেবে \"না আছে\" -  is not । প্রশ্নে not থাকলে verb-এর সঙ্গে not নিয়ে subject-এর আগে বসবে । তাই he is not হয়ে যাবে is not he ।"
                      },
                      {
                        "description": "",
                        "image1": "",
                        "name": "BCP2-Lesson5 (16)",
                        "text1": "এটি তাদের কুকুর নয় । এটি কি তাদের কুকুর ? এটি কি তাদের কুকুর নয় ?",
                        "text2": "It is not their dog. Is it their dog ? Is it not their dog ? <br> <br>Is it not হয়, আবার is not it-ও হয় ।"
                      },
                      {
                        "description": "",
                        "image1": "",
                        "name": "BCP2-Lesson5 (17)",
                        "text1": "তুমি অলোকের বন্ধু নয় । তুমি কি অলোকের বন্ধু ? তুমি কি অলোকের বন্ধু নও ?",
                        "text2": "You are not Alok’s friend. Are you Alok’s friend ? Are you not Alok’s friend ? <br> <br>প্রাণী বলে apostrophe (') হল । Are not you-ও ঠিক ।"
                      },
                      {
                        "description": "",
                        "image1": "",
                        "name": "BCP2-Lesson5 (18)",
                        "text1": "এটা তাদের জন্য নয় । এটা কি তাদের জন্য ? এটা কি তাদের জন্য নয় ?",
                        "text2": "This is not for them. Is this for them ? Is this not for them ?"
                      },
                      {
                        "description": "",
                        "image1": "",
                        "name": "BCP2-Lesson5 (19)",
                        "text1": "এই যে একটা জলের বোতল । এটা কি একটা জলের বোতল ? এটা কি একটা জলের বোতল নয় ?",
                        "text2": "Here is a water bottle. Is it a water bottle ? Is it not a water bottle ? <br> <br>লক্ষ্য কর, is here a water bottle হল না, Is it a water bottle হল । কারণ আগের একটি উদাহরণে বলা হয়েছে । আর water bottle লিখবে, bottle of water লিখবে না ।"
                      },
                      {
                        "description": "",
                        "image1": "",
                        "name": "BCP2-Lesson5 (20)",
                        "text1": "নীল পেনটা টেবিলের ওপর নেই । নীল পেনটা কি টেবিলের ওপর আছে ? নীল পেনটা টেবিলের ওপর নেই কি ?",
                        "text2": "The blue pen is not on the table. Is the blue pen on the table ? Is not the blue pen on the table ?"
                      },
                      {
                        "description": "",
                        "image1": "",
                        "name": "BCP2-Lesson5 (21)",
                        "text1": "গতকাল রবিবার ছিল । গতকাল রবিবার ছিল কি ? গতকাল কি রবিবার ছিল না ?",
                        "text2": "Yesterday was Sunday. Was yesterday Sunday ? Was yesterday not Sunday ? <br> <br>Was not yesterday Sunday-ও ঠিক ।"
                      },
                      {
                        "description": "",
                        "image1": "",
                        "name": "BCP2-Lesson5 (22)",
                        "text1": "এখন ১০টা বাজতে ১৫ মিনিট বাকি । এখন কি ১০টা বাজতে ১৫ মিনিট বাকি ? এখন কি ১০টা বাজতে ১৫ মিনিট বাকি নয় ?",
                        "text2": "It is 15 minutes to 10 o'clock. Is it 15 minutes to 10 o'clock ? Is it not 15 minutes to 10 o'clock ? <br> <br>এখানেও কর্তা নেই, তাই  it is হল । ব্যবহারটা লক্ষ্য কর, দশটা বাজতে ১৫ মিনিট বলে 15 minutes to 10 o'clock হল, মানে এখনও 15 মিনিট যেতে হবে, তাই to 10 হল ।"
                      },
                      {
                        "description": "",
                        "image1": "",
                        "name": "BCP2-Lesson5 (23)",
                        "text1": "এখন ১০টা বেজে ২০ মিনিট । এখন কি ১০টা বেজে ২০ মিনিট ? এখন কি ১০টা বেজে ২০ মিনিট নয় ?",
                        "text2": "It is 20 minutes past 10 o'clock. Is it 20 minutes past 10 o'clock ? Is it not 20 minutes past 10 o'clock ? <br> <br>এখানে যেহেতু ২০ মিনিট হয়েছে ১০ টা বাজার পর, সেই কারণে 20 minutes past হবে । 'Past' preposition বলে 10-এর আগে বসবে । past 20 minutes লিখলে ভুল হত, কারণ সময় ১০ টাকে পেরিয়েছে ২০ মিনিট কে পেরোয়নি । "
                      },
                      {
                        "description": "",
                        "image1": "",
                        "name": "BCP2-Lesson5 (24)",
                        "text1": "এখন ৮টা বাজতে ৫ মিনিট বাকি । এখন কি ৮টা বাজতে ৫ মিনিট বাকি ? এখন কি ৮টা বাজতে ৫ মিনিট বাকি নয় ?",
                        "text2": "It is 5 minutes to 8 o'clock. Is it 5 minutes to 8 o'clock ? Is it not 5 minutes to 8 o'clock ? <br> <br>একই নিয়মে যেহেতু ৮ টা বাজতে ৫ মিনিট বাকী আছে, তাই 5 minutes to 8 হবে ।"
                      },
                      {
                        "description": "",
                        "image1": "",
                        "name": "BCP2-Lesson5 (25)",
                        "text1": "এখন ৯টা বেজে ৪৫ মিনিট । এখন কি ৯টা বেজে ৪৫ মিনিট ? এখন কি ৯টা বেজে ৪৫ মিনিট নয় ?",
                        "text2": "It is 45 minutes past 9 o'clock. Is it 45 minutes past 9 o'clock ? Is it not 45 minutes past 9 o'clock ? <br> <br>একই নিয়মে যেহেতু ৯ টা বাজার পর ৪৫ মিনিট হয়েছে তাই 45 minutes past 9 হবে । past 45 minutes ভুল ।"
                      }
]