[   
                      {
                        "description": "",
                        "image1": "",
                        "name": "BCP2-Lesson4 (1)",
                        "text1": "তাদের বাবা মা কোলকাতার লোক",
                        "text2": "Their parents are from Kolkata. <br> <br>কর্তা হল বাবা মা । বাবা-মা একসঙ্গে বোঝালে ইংরিজিতে parents বলে । কোলকাতার লোক people of Kolkata লেখা যায়, কিন্তু ভাল ইংরিজি হল from Kolkata, মানে কোলকাতা থেকে এসেছে ।"
                      },
                      {
                        "description": "",
                        "image1": "",
                        "name": "BCP2-Lesson4 (2)",
                        "text1": "এটা কোথায় ?",
                        "text2": "Where is it ?"
                      },
                      {
                        "description": "",
                        "image1": "",
                        "name": "BCP2-Lesson4 (3)",
                        "text1": "এটা ঘরের ভেতর",
                        "text2": "It is in the room."
                      },
                      {
                        "description": "",
                        "image1": "",
                        "name": "BCP2-Lesson4 (4)",
                        "text1": "এটা বেশ ভালো কুকুর",
                        "text2": "It is a nice dog. <br> <br>বেশ ভালো বলে nice হল । শুধু \"ভালো\" থাকলে good হত ।"
                      },
                      {
                        "description": "",
                        "image1": "",
                        "name": "BCP2-Lesson4 (5)",
                        "text1": "কুকুরটার সঙ্গে একটা লাল আর একটা নীল বল আছে",
                        "text2": "There are a red and a blue ball with the dog. <br> <br>এমনও করা যেত, A red and a blue ball are with the dog বা The dog is with a red and a blue ball, কারণ বলের সঙ্গে কুকুর আছে, আবার কুকুরের সঙ্গে বল আছে । The dog has a red and a blue ball কিন্তু হবে না, কারণ বল কুকুরের কিনা জানা নেই ।"
                      },
                      {
                        "description": "",
                        "image1": "",
                        "name": "BCP2-Lesson4 (6)",
                        "text1": "লাল বলটা হাওয়ায় আছে",
                        "text2": "The red ball is in the air. <br> <br>লাল বলটা হল কর্তা । \"হাওয়ায়\" আছে মানে হাওয়ার ভেতর আছে, তাই in হল । in air লিখলেও ভুল হবে না ।"
                      },
                      {
                        "description": "",
                        "image1": "",
                        "name": "BCP2-Lesson4 (7)",
                        "text1": "নীল বলটা টেবিলের নীচে",
                        "text2": "The blue ball is under the table. <br> <br>নীল বলটা হল কর্তা । এবার সেটা কোথায়, না টেবিলের নীচে । নীচে হল under । table under হয় না, কারণ under হল preposition । preposition সবসময় noun-এর আগে বসে ।"
                      },
                      {
                        "description": "",
                        "image1": "",
                        "name": "BCP2-Lesson4 (8)",
                        "text1": "টেবিলের পেছনে একটা আলমারী আছে",
                        "text2": "There is an almirah behind the table. <br> <br>আলমারী হল কর্তা । একটা আলমারী আছে টেবিলের পেছনে । তাই An almirah is behind the table-ও লেখা যেত । পেছনে বলে behind হল । An almirah has ভুল, কারণ অধিকারী নেই ।"
                      },
                      {
                        "description": "",
                        "image1": "",
                        "name": "BCP2-Lesson4 (9)",
                        "text1": "কুকুরটা তার প্রভুর পাশে",
                        "text2": "The dog is beside its master. <br> <br>কুকুর কর্তা । পাশে হল beside, আর প্রভু হল master । its master হল, his master ভুল । it's master-ও ভুল, কারণ it's হল it is । \"তার\" হল its ।"
                      },
                      {
                        "description": "",
                        "image1": "",
                        "name": "BCP2-Lesson4 (10)",
                        "text1": "প্রভুটি একটি দেওয়ালের পাশে",
                        "text2": "The master is beside a wall."
                      },
                      {
                        "description": "",
                        "image1": "",
                        "name": "BCP2-Lesson4 (11)",
                        "text1": "প্রভুটি দেওয়াল আর কুকুরটার মাঝে আছে ",
                        "text2": "The master is between the wall and the dog. <br> <br>শুরু কর, \"প্রভুটি আছে\" এই দিয়ে । তাই the master is হল । তারপর between এল, in কিন্তু হবে না । in the wall and the dog ভুল, দুটো জিনিসের মধ্যিখানে বোঝাতে সবসময় between  হবে ।"
                      },
                      {
                        "description": "",
                        "image1": "",
                        "name": "BCP2-Lesson4 (12)",
                        "text1": "প্রভু ও তার কুকুরটা এখানে মজায় আছে",
                        "text2": "The master and his dog are here for fun. <br> <br>Are happy here-ও বলা যেত । একটু অন্যরকম ব্যবহার হল here for fun । দুটো জিনিস বলে are এসেছে ।"
                      },
                      {
                        "description": "",
                        "image1": "",
                        "name": "BCP2-Lesson4 (13)",
                        "text1": "টেবিলের ওপর একটা সুন্দর গল্পের বই আছে",
                        "text2": "There is a nice story book on the table. <br> <br>There is-এর ব্যবহারটা লক্ষ্য কর । A nice story book is on the table-ও ঠিক । কর্তা হল সুন্দর গল্পের বই । যেহেতু আগে আমরা টেবিলের প্রসঙ্গ এনেছি, তাই \"টেবিলটির\" না থাকলেও the table হল ।"
                      },
                      {
                        "description": "",
                        "image1": "",
                        "name": "BCP2-Lesson4 (14)",
                        "text1": "বইয়ের গল্পটা ভূতের ওপর",
                        "text2": "The story of the book is about ghosts. <br> <br>কর্তা হল বইয়ের গল্প । book's story লিখবে না, কারণ book জড় পদার্থ । তাই story of the book । এখানে \"ওপর\" অর্থে \"সম্বন্ধে\" বুঝতে হবে । তাই about হল । অবশ্য on লিখলেও ভুল হত না । ভূত হল ghost । the ghosts হবে না, কারণ নির্দিষ্ট ভূত বলা নেই ।"
                      },
                      {
                        "description": "",
                        "image1": "",
                        "name": "BCP2-Lesson4 (15)",
                        "text1": "বইটায় গানও আছে",
                        "text2": "Songs also are in the book. <br> <br>এইখানে অধিকারী আছে বলে The book has songs also লিখলেও ঠিক হবে । There are songs also in the book-ও ঠিক । also কিন্তু songs-র পরপরই ব্যবহার হবে, অন্য জায়গায় নয় ।"
                      },
                      {
                        "description": "",
                        "image1": "",
                        "name": "BCP2-Lesson4 (16)",
                        "text1": "কিন্তু গানগুলি প্রেমের ওপর",
                        "text2": "But the songs are about love. <br> <br>But প্রথমে আসবে, আর সম্বন্ধে অর্থে about হল ।"
                      },
                      {
                        "description": "",
                        "image1": "",
                        "name": "BCP2-Lesson4 (17)",
                        "text1": "এখন বিকেল চারটে বাজে",
                        "text2": "It is 4 in the afternoon now. <br> <br>এই বাক্যে কোনো কর্তা নেই বলে it is ব্যবহার হল । It is 4 PM now লেখা যায়, কারণ PM-এর ভেতর afternoon লুকিয়ে আছে । 4 PM in the afternoon ভুল হবে ।"
                      },
                      {
                        "description": "",
                        "image1": "",
                        "name": "BCP2-Lesson4 (18)",
                        "text1": "আমি ভেতরে খুশী",
                        "text2": "I am happy inside. <br> <br>ভেতরে মানে মনের ভেতরে, এটা বুঝে নিতে হবে । I am happy inside me বললেও ঠিক হত, কিন্তু I am inside happy ভুল, কারণ inside হল preposition, যা noun-এর আগে বসে আর happy হল adjective ।"
                      },
                      {
                        "description": "",
                        "image1": "",
                        "name": "BCP2-Lesson4 (19)",
                        "text1": "কিন্তু বাইরে গরম",
                        "text2": "But it is hot outside. <br> <br>এখানেও কর্তা নেই, গরম noun  নয়, adjective । তাই it is ব্যবহার করতেই হবে । It is outside hot - ভুল ইংরিজি । It is hot নিতেই হবে, মধ্যে outside বসানো যাবে না । outside পাশে বসবে ।"
                      },
                      {
                        "description": "",
                        "image1": "",
                        "name": "BCP2-Lesson4 (20)",
                        "text1": "সেখানে অনিমেষ একটা সাইকেলে আছে",
                        "text2": "Animesh is on a bicycle there. <br> <br>অনিমেষ কর্তা, সাইকেল নয় । 'সাইকেলে' মানে সাইকেলের ওপর - এমনটা করে নিতে হবে । তাই on হল । there  শেষে বসানোই সুপ্রযুক্ত ।"
                      },
                      {
                        "description": "",
                        "image1": "",
                        "name": "BCP2-Lesson4 (21)",
                        "text1": "নমিতাও রাস্তায় আছে",
                        "text2": "Nomita is also on the street. <br> <br>রাস্তার ওপর, তাই on the street হল । Nomita also বললেও ভুল হত না ।"
                      },
                      {
                        "description": "",
                        "image1": "",
                        "name": "BCP2-Lesson4 (22)",
                        "text1": "কিছু কর্মী রাস্তায় কাজ করছে",
                        "text2": "Some workers are at work on the street. <br> <br>এটা বিশেষ ব্যবহার । যদিও ঘটমান বর্তমান (করছে), are working বলাই যায়, কিন্তু at work ব্যবহার হল \"কাজে আছে\", এরকম বোঝাতে । আগের মতই on the street হল ।"
                      },
                      {
                        "description": "",
                        "image1": "",
                        "name": "BCP2-Lesson4 (23)",
                        "text1": "রাস্তার পেছনে একটা পুকুর আছে",
                        "text2": "There is a pond behind the road. <br> <br>কর্তা হল পুকুর । behind the road - রাস্তার পেছনে । A pond is behind the road বা A pond is there behind the road-ও ঠিক । কিন্তু behind the road a pond is ভুল । road বোঝায় বড় রাস্তা, street তার চেয়ে ছোট রাস্তা ।"
                      },
                      {
                        "description": "",
                        "image1": "",
                        "name": "BCP2-Lesson4 (24)",
                        "text1": "পুকুরে জল নেই",
                        "text2": "There is no water inside the pond. <br> <br>করে নাও, না জল আছে । No water is there inside the pond-ও ঠিক, water is not there in the pond - তা-ও ঠিক । inside না বলে in বলা যায় । Water is not inside the pond এটাও হতে পারে । The pond has no water এটাও ঠিক, the water কিন্তু কখনই হবে না ।"
                      },
                      {
                        "description": "",
                        "image1": "",
                        "name": "BCP2-Lesson4 (25)",
                        "text1": "পুকুরের বাইরে একটা ব্যাঙ আছে",
                        "text2": "There is a frog outside the pond. <br> <br>A frog is outside the pond-ও হতে পারে ।"
                      }
]