[
                      {
                        "description": "",
                        "image1": "",
                        "name": "BCP3-Lesson6 (1)",
                        "text1": "মিথ্যা কথা বোলো না",
                        "text2": "Do not tell a lie. <br> <br>নির্দ্দেশে নঞর্থক থাকলে সব সময়েই do not দিয়ে শুরু হবে কারণ এখানে you উহ্য আছে । Say a lie বা Tell lie হয় না । Not tell a lie ভুল ইংরিজি ।"
                      },
                      {
                        "description": "",
                        "image1": "",
                        "name": "BCP3-Lesson6 (2)",
                        "text1": "আমার ঠাকুমা আমাকে গল্প বলে",
                        "text2": "My grandmother tells me stories. <br> <br>গল্প বলা অর্থে সব সময়েই tell ব্যবহার হয়, say বা talk ব্যবহার হয় না । Tell me বা Say to me একই কথা, কিন্তু say-এর জায়গায় tell বা tell-এর জায়গায় say সব ক্ষেত্রে ব্যবহার করা যায় না । বিশেষ কিছু ক্ষেত্রে say এবং বিশেষ কিছু ক্ষেত্রে tell ব্যবহার করা হয় । Tell to me ভুল ইংরিজি । tells stories to me আবার ঠিক ।"
                      },
                      {
                        "description": "",
                        "image1": "",
                        "name": "BCP3-Lesson6 (3)",
                        "text1": "তোমার ঠাকুমা কি তোমাকে গল্প বলে ?",
                        "text2": "Does your grandmother tell you stories ? <br> <br>একইরকম ভাবে \"Grandmother\" আছে বলে does দিয়ে শুরু হল । Do your grandmother ভুল ইংরিজি । grandmother হল third person singular number । আগে subject ধরবে, তারপর verb, তারপর verb-এর tense (কাল), তারপর object আর বাকী সব । আর প্রশ্ন হলে subject - verb ঘোরাবে ।"
                      },
                      {
                        "description": "",
                        "image1": "",
                        "name": "BCP3-Lesson6 (4)",
                        "text1": "আমি প্রায়ই আমার গ্রামে যাই",
                        "text2": "I often go to my village. <br> <br>প্রায়ই - Often । যাওয়ার জায়গা বলা থাকলে go-এর পরে to হয় । অবশ্য go there হয়, go to there হয় না ।"
                      },
                      {
                        "description": "",
                        "image1": "",
                        "name": "BCP3-Lesson6 (5)",
                        "text1": "তুমি কখনই তোমার বাবা মার বাড়ি যাও না",
                        "text2": "You never go to your parents’ house. <br> <br>\"কখনোই না\" অর্থে never ব্যবহার হয় । বাবা মা একত্রে Parents' বোঝায় । লক্ষ্য কর, Apostrophe (') শেষে বসেছে কারণ আগেই একটা s (Parents) আছে । Parent's - ভুল ইংরিজি ।"
                      },
                      {
                        "description": "",
                        "image1": "",
                        "name": "BCP3-Lesson6 (6)",
                        "text1": "সে মাঝে মাঝে চিড়িয়াখানায় আসে",
                        "text2": "He sometimes comes to the zoo. <br> <br>মাঝে মাঝে - Sometimes । Go to-এর মত Comes to হবে যদি যাওয়ার জায়গা বলা থাকে । Go there-এর মত Come here হয়, Come to here ভুল ইংরিজি ।"
                      },
                      {
                        "description": "",
                        "image1": "",
                        "name": "BCP3-Lesson6 (7)",
                        "text1": "তারা খুবই কম বেনারসে আসে",
                        "text2": "They seldom come to Banaras. <br> <br>খুবই কম বা কদাচিৎ - Seldom । They আছে বলে come হল, comes হল না ।"
                      },
                      {
                        "description": "",
                        "image1": "",
                        "name": "BCP3-Lesson6 (8)",
                        "text1": "তারা তোমার কাছে আসে না । তারা কি তোমার কাছে আসে ? তারা কি তোমার কাছে আসে না ?",
                        "text2": "They do not come to you. Do they come to you ? Do they not come to you ? <br> <br>প্রশ্ন আছে বলে do they হল, does they হল না ।"
                      },
                      {
                        "description": "",
                        "image1": "",
                        "name": "BCP3-Lesson6 (9)",
                        "text1": "ছেলেটি ভাল ফুটবল খেলে না । ছেলেটি কি ভাল ফুটবল খেলে ? ছেলেটি কি ভাল ফুটবল খেলে না ।",
                        "text2": "The boy does not play football well. Does the boy play football well ? Does the boy not play football well ? <br> <br>এখানে well-এর ব্যবহার লক্ষ্য কর, good এখানে বসবে না ।  Boy আছে বলে does not হল । The boy plays not well ভুল ইংরিজি ।"
                      },
                      {
                        "description": "",
                        "image1": "",
                        "name": "BCP3-Lesson6 (10)",
                        "text1": "সে তাদের পরিবারের জন্য কাজ করে । সে কি তাদের পরিবারের জন্য কাজ করে ? সে কি তাদের পরিবারের জন্য কাজ করে না ?",
                        "text2": "He does work for their family. Does he do work for their family ? Does not he do work for their family ? <br> <br>He does for the family লিখলে ভুল হত । He does work লিখতে হবে কারণ \"কাজ\" এবং \"করা\" দুটোই আছে । Work এখানে Noun হিসাবে ব্যবহার হয়েছে ।"
                      },
                      {
                        "description": "",
                        "image1": "",
                        "name": "BCP3-Lesson6 (11)",
                        "text1": "আমি ইংরিজি শিখতে ভালবাসি",
                        "text2": "I love to learn English. <br> <br>শিখতে ভালবাসি,পড়তে ভালবাসি,গাইতে ভালবাসি - এই ধরণের কথা থাকলে love to learn, love to read, love to sing লিখতে হবে । \"ইংরিজি শিখতে\" learn English ব্যবহার হল । Learn to English বা learn in English ভুল ইংরিজি । I learn to love-ও ভুল, কারণ আমি ভালবাসি - I love, কি ভালবাসি, না to learn English ।"
                      },
                      {
                        "description": "",
                        "image1": "",
                        "name": "BCP3-Lesson6 (12)",
                        "text1": "আমরা ক্রিকেট খেলতে ভালবাসি",
                        "text2": "We like to play cricket. <br> <br>আগের মতই হবে, এখানে like-এর ব্যবহার হল, love হল না । Love to ব্যবহার হয় যদি আবেগ দিয়ে ভালবাসা বোঝায় এবং সাধারণ ভাবে বোঝালে like to ব্যবহার হয় (পছন্দ করা) । I like cricket এবং I like to play cricket দুটি কিন্তু সম্পূর্ণ আলাদা ।"
                      },
                      {
                        "description": "",
                        "image1": "",
                        "name": "BCP3-Lesson6 (13)",
                        "text1": "তোমার ভাল নম্বর পাবার ইচ্ছে হয়",
                        "text2": "You wish to get good marks. <br> <br>পাবার ইচ্ছে হওয়া - wish to get । কি ইচ্ছে হয় -\"Good marks\" । You wishes ভুল ইংরিজি । get-এর বদলে bring, carry বা take লিখলে ঠিক হবে না । get to wish লিখলে ভুল হবে ।"
                      },
                      {
                        "description": "",
                        "image1": "",
                        "name": "BCP3-Lesson6 (14)",
                        "text1": "সে টাকা করার আশা করে",
                        "text2": "He hopes to make money. <br> <br>আশা করা - hope (verb) । Do money বা do rupees হবে না, make money হবে । আগের মতই makes to hope money ভুল । এভাবে ভাবো, সে আশা করে - he hopes, কি আশা করে, না - to make money ।"
                      },
                      {
                        "description": "",
                        "image1": "",
                        "name": "BCP3-Lesson6 (15)",
                        "text1": "ঐ বেড়ালটা বলটি ধরার জন্য লাফায়",
                        "text2": "That cat jumps to catch the ball. <br> <br>ধরার জন্য লাফানো - Jumps to catch । Jumps for catching ভাল ইংরিজি নয় । Catch এবং The ball-এর মধ্যে কোন Preposition বসবে না । কি catch করছে, না ball । তাই catch the ball ।"
                      },
                      {
                        "description": "",
                        "image1": "",
                        "name": "BCP3-Lesson6 (16)",
                        "text1": "তারা লন্ডন যাবার পরিকল্পনা করে",
                        "text2": "They plan to go to London. <br> <br>পরিকল্পনা করা - Plan (Verb) । যাওয়ার পরিকল্পনা করা - Plan to go । Plan for going ভাল ইংরিজি নয় । Go London হয় না, Go to London হবে । আবার, go to plan ভুল ।"
                      },
                      {
                        "description": "",
                        "image1": "",
                        "name": "BCP3-Lesson6 (17",
                        "text1": "আমাকে প্রথমে বসতে দাও",
                        "text2": "Let me sit first. <br> <br>এটি একটি বিশেষ ব্যবহার - অন্যের কাছে অনুরোধ করা আমাকে বসতে দেওয়ার জন্য, এইরকম ক্ষেত্রে সব সময়েই Let দিয়ে শুরু হবে, যার অর্থ হল 'করতে দাও' । আমাকে বসতে দাও, তাই Let me sit হল । Let-এর পরে যে Verb বসে সেটা অপরিবর্তিত থাকে । প্রথমে অর্থে First হল ।"
                      },
                      {
                        "description": "",
                        "image1": "",
                        "name": "BCP3-Lesson6 (18)",
                        "text1": "তাকে হাজার টাকা বরুণকে দিতে দাও",
                        "text2": "Let him give thousand rupees to Barun. <br> <br>প্রথমে সাজিয়ে নাও, তাকে দিতে দাও - Let him give । Let he give বা Let him gives ভুল ইংরিজি । এখানে বলে রাখা যাক, এমনিতে I give to you না লিখে I give you লেখা হয়, কিন্তু আবার I give thousand rupees to you হবে, বা লিখতে হবে I give you thousand rupees । তবে I give thousand rupees you ভুল ইংরিজি ।"
                      },
                      {
                        "description": "",
                        "image1": "",
                        "name": "BCP3-Lesson6 (19)",
                        "text1": "তাকে (মেয়ে) তার খাবার খেতে দাও",
                        "text2": "Let her take her food. <br> <br>খাবার খাওয়া - Eat food যেমন হয় তেমনই Take food-ও হয়, এটি একটি বিশেষ ব্যবহার । Let she take বা let her takes হয় না । Let-এর পর him, her, them, us ইত্যাদি হয়, আর verb-এর অপরিবর্তিত রুপ সবসময় ব্যবহার হয় ।"
                      },
                      {
                        "description": "",
                        "image1": "",
                        "name": "BCP3-Lesson6 (20)",
                        "text1": "তাদেরকে রাস্তায় হাঁটতে দাও",
                        "text2": "Let them walk on the road. <br> <br>তাদের হাঁটতে দাও - Let them walk । Give them walk ভুল ইংরিজি, কারণ এখানে \"দেওয়া\" অর্থ \"ছেড়ে দেওয়া\" (allow) । রাস্তায় অর্থে রাস্তার উপর, তাই On the road হল । go - যাওয়া, walk - হাঁটা ।"
                      },
                      {
                        "description": "",
                        "image1": "",
                        "name": "BCP3-Lesson6 (21)",
                        "text1": "এসো, আমরা টেলিভিশনে  ক্রিকেট দেখি",
                        "text2": "Come, let us watch cricket on TV. <br> <br>এই বাক্যেও অনুরোধের ভাব আছে, তাই  let দিয়ে শুরু হল । let us watch - দেখতে দাও আমাদের । কি দেখি, না cricket । কোথায় দেখি, না টেলিভিশনে - on TV । on TV হয়, in TV হয় না । কোনো খেলা দেখা অর্থে watch ব্যবহার হয়, সেক্ষেত্রে see ভাল ইংরিজি নয় ।"
                      }
]