[
                      {
                        "description": "",
                        "image1": "",
                        "name": "BCP3-Lesson4 (1)",
                        "text1": "উত্তরগুলির মধ্যে একটি ঠিক ছিল",
                        "text2": "One of the answers was correct. <br> <br>One answer লিখলে ঠিক হবে না কারণ তাতে অনেকগুলো উত্তর আছে তা বোঝানো যায় না । শুধু answers হবে না, the answers হবে । এখানে correct-এর পরিবর্তে right-ও ব্যবহার করা যায় । One আছে বলে was হল ।"
                      },
                      {
                        "description": "",
                        "image1": "",
                        "name": "BCP3-Lesson4 (2)",
                        "text1": "তোমরা দুজনের প্রত্যেকেই বোকা ছিলে",
                        "text2": "Either of you two was a fool. <br> <br>এখানে both of you were লিখলে যা চাওয়া হয়েছে সেটা ঠিক বোঝাত না । Each of you-ও লেখা যেত । 'প্রত্যেকে' বলে was হল ।"
                      },
                      {
                        "description": "",
                        "image1": "",
                        "name": "BCP3-Lesson4 (3)",
                        "text1": "জুলিয়া সব সময়েই আমার পাশে ছিল",
                        "text2": "Julia was always beside me. <br> <br>এখানে always এর ব্যবহার এবং স্থান লক্ষণীয় । Beside I হবে না । আগেই বলা হয়েছে, preposition-এর পর me, him, them ইত্যাদি বসে ।"
                      },
                      {
                        "description": "",
                        "image1": "",
                        "name": "BCP3-Lesson4 (4)",
                        "text1": "দীপক এবং সুবীর রাস্তার শেষে ছিল",
                        "text2": "Dipak and Subir were there at the end of the road. <br> <br>এখানে there কথাটা খুব জরুরী নয় । নির্দ্দিষ্ট জায়গা (রাস্তার শেষে) বোঝাচ্ছে বলে at ব্যবহার হল ।"
                      },
                      {
                        "description": "",
                        "image1": "",
                        "name": "BCP3-Lesson4 (5)",
                        "text1": "আমি তখন তোমার শত্রু ছিলাম না",
                        "text2": "I was not your enemy then. <br> <br>I was no your enemy হবে না । Then প্রথমেও দেওয়া যায় । enemy - শত্রু ।"
                      },
                      {
                        "description": "",
                        "image1": "",
                        "name": "BCP3-Lesson4 (6)",
                        "text1": "তুমি সাড়ে এগারোটার সময় সেখানে ছিলে না",
                        "text2": "You were not there at half past eleven. <br> <br>এখানে There দেওয়া জরুরী কারণ \"সেখানে\" আছে । নির্দ্দিষ্ট সময় বলে At হল । You were no there ভুল ইংরিজি । half past eleven-এর ব্যবহার লক্ষ্য কর ।"
                      },
                      {
                        "description": "",
                        "image1": "",
                        "name": "BCP3-Lesson4 (7)",
                        "text1": "সে কখনই ভীতু ছিল না",
                        "text2": "He was never a coward. <br> <br>\"কখনই না\" অর্থে Never ব্যবহার হয় । A coward হবে, শুধু Coward হবে না । A coward never ভাল ইংরিজি নয় । coward - ভীতু ।"
                      },
                      {
                        "description": "",
                        "image1": "",
                        "name": "BCP3-Lesson4 (8)",
                        "text1": "সে কখনই ধনী স্ত্রীলোক ছিল না",
                        "text2": "She was never a rich woman.<br> <br>আগের উদাহরণের মতই । a rich woman হবে, যদিও \"একটি\" কথাটা বাংলা বাক্যে নেই ।"
                      },
                      {
                        "description": "",
                        "image1": "",
                        "name": "BCP3-Lesson4 (9)",
                        "text1": "তারা তাদের বাড়ীর সামনে ছিল না",
                        "text2": "They were not in front of their house. <br> <br>House's in front ভুল হবে । They were not there in front of their house-ও লেখা যেতে পারে । দুটি \"দেয়ার\"-এর বানান এবং তফাৎ লক্ষ্য কর, There - সেখানে ও Their - তাদের ।"
                      },
                      {
                        "description": "",
                        "image1": "",
                        "name": "BCP3-Lesson4 (10)",
                        "text1": "এটা সুতপার জন্য খুশীর দিন ছিল না",
                        "text2": "It was not a happy day for Sutapa. <br> <br>It was not Sutapa's happy day করা যেত কিন্তু তার চেয়ে ভাল  Sutapa's বদলে For Sutapa ব্যবহার করা । Sutapa did not have a happy day-ও লেখা যেত কারণ দিনটার অধিকারী সুতপা - এরকম ভাবাই যায় ।"
                      },
                      {
                        "description": "",
                        "image1": "",
                        "name": "BCP3-Lesson4 (11)",
                        "text1": "চাঁদ মেঘের আড়ালে ছিল । চাঁদ কি মেঘের আড়ালে ছিল ?",
                        "text2": "The moon was behind the clouds. Was the moon behind the clouds ? <br> <br>আড়ালে - Behind, প্রশ্নে Noun-Verb ঘুরিয়ে Was the moon হল ।"
                      },
                      {
                        "description": "",
                        "image1": "",
                        "name": "BCP3-Lesson4 (12)",
                        "text1": "কুকুরগুলি তাদের প্রভুর পাশে ছিল । কুকুরগুলি কি তাদের প্রভুর পাশে ছিল ?",
                        "text2": "The dogs were beside their master. Were the dogs beside their master? <br> <br>একাধিক কুকুর বলে were হল । The dogs were there beside their master-ও লেখা যায় । their লেখা হল, there নয় ।"
                      },
                      {
                        "description": "",
                        "image1": "",
                        "name": "BCP3-Lesson4 (13)",
                        "text1": "তুমি সোমবার থেকে শুক্রবার পর্য্যন্ত কাজে ছিলে । তুমি কি সোমবার থেকে শুক্রবার পর্য্যন্ত কাজে ছিলে ?",
                        "text2": "You were at work from Monday to Friday. Were you at work from Monday to Friday ? <br> <br>You were working from Monday to Friday-ও লেখা যেতে পারে, কিন্তু At work ভাল ইংরিজি । You from Monday to Friday were at work ভুল ইংরিজি । এরকম বাংলা থেকে ইংরিজি সরাসরি করবার চেষ্টা করবে না । at work-এর আগেও from-to বসাবে না ।"
                      },
                      {
                        "description": "",
                        "image1": "",
                        "name": "BCP3-Lesson4 (14)",
                        "text1": "গানগুলির মধ্যে একটি ভালোবাসা সম্বন্ধীয় । গানগুলির মধ্যে কি একটি ভালোবাসা সম্বন্ধীয় ?",
                        "text2": "One of the songs was about love. Was one of the songs about love ? <br> <br>সম্বন্ধীয় - About । সাজিয়ে নাও, গানগুলির মধ্যে একটি, ঘুরিয়ে নাও, একটি গানগুলির মধ্যে, তাই হল One of the songs । One song লিখলে ভাব ঠিক আসবে না । একবচন বলে was হল ।"
                      },
                      {
                        "description": "",
                        "image1": "",
                        "name": "BCP3-Lesson4 (15)",
                        "text1": "তারা প্রত্যেকেই ভাল ছিল । তারা কি প্রত্যেকেই ভাল ছিল ?",
                        "text2": "Everyone of them was good. Was every one of them good ? <br> <br>\"প্রত্যেকেই\" অর্থে Everyone হল । আগের মতই সাজিয়ে নাও \"প্রত্যেকেই তাদের মধ্যে\", তাই Everyone of them হল । Everyone of they বা They everyone হবে না । \"প্রত্যেকে\" আছে বলে was হল ।"
                      },
                      {
                        "description": "",
                        "image1": "",
                        "name": "BCP3-Lesson4 (16)",
                        "text1": "দুজনের মধ্যে কেউই লম্বা ছিল না । দুজনের মধ্যে কেউ কি লম্বা ছিল ?",
                        "text2": "None of the two was tall. Was any one of the two tall ? <br> <br>সাজিয়ে নাও, কেউই না দুজনের মধ্যে, তাই None of the two হল । এখানে The two হবে, None of two ঠিক হবে না । None of the two was not tall ভুল ইংরিজি কারণ দুটি নঞর্থক একসঙ্গে বসবে না ।"
                      },
                      {
                        "description": "",
                        "image1": "",
                        "name": "BCP3-Lesson4 (17)",
                        "text1": "আমরা দুজনেই বাস স্টপে ছিলাম । আমরা দুজনেই কি বাস স্টপে ছিলাম ? আমরা দুজনেই কি বাস স্টপে ছিলাম না ?",
                        "text2": "Both of us were at the bus-stop. Were both of us at the bus-stop ? Were both of us not at the bus-stop ? <br> <br>At the bus-stop হবে, In the bus-stop হবে না । Bus-stop খুবই নির্দ্দিষ্ট ছোট জায়গা বলে At হল । দ্বিবচন বলে Were হল ।"
                      },
                      {
                        "description": "",
                        "image1": "",
                        "name": "BCP3-Lesson4 (18)",
                        "text1": "সব ছাত্ররা কুকুরটির পিছনে ছিল । সব ছাত্ররাই কি কুকুরটির পিছনে ছিল ?  সব ছাত্ররাই কি কুকুরটির পিছনে ছিল না ?",
                        "text2": "All the students were after the dog. Were all the students after the dog ? Were all the students not after the dog ? <br> <br>All of the students-ও লেখা যায় । এখানে লক্ষ্য কর, \"পরে\" অর্থে নয় \"পিছনে\" অর্থে After ব্যাবহার হল । নঞর্থক প্রশ্নের ক্ষেত্রে Were not all the students - এমনটাও হতে পারত ।"
                      },
                      {
                        "description": "",
                        "image1": "",
                        "name": "BCP3-Lesson4 (19)",
                        "text1": "দেওয়ালটায় ৪ টি জানালা ছিল । দেওয়ালটায় কি ৪ টি জানালা ছিল ? দেওয়ালটায় কি ৪ টি জানালা নেই ?",
                        "text2": "There were four windows on the wall. Were there four windows on the wall ? Were there not four windows on the wall ? <br> <br>\"দেওয়ালটায়\" মানে দেওয়ালটার উপর এটা মনে করে নিতে হবে । The wall had four windows - এটাও লেখা যায়, কারণ জানলার অধিকারী দেওয়াল মনে করা যেতে পারে ।"
                      },
                      {
                        "description": "",
                        "image1": "",
                        "name": "BCP3-Lesson4 (20)",
                        "text1": "বিদ্যালয় এবং বাগানের মধ্যে একটি সরু গলি ছিল ।  বিদ্যালয় এবং বাগানের মধ্যে কি একটি সরু গলি ছিল ?  বিদ্যালয় এবং বাগানের মধ্যে কি একটি সরু গলি ছিল না ?",
                        "text2": "There was a small lane between the school and the garden. Was there a small lane between the school and the garden ? Was there not a small lane between the school and the garden ? <br> <br>A small lane was there between the school and the garden হতে পারত । Small-এর পরিবর্তে Narrow ব্যবহার করা যেত ।"
                      },
                      {
                        "description": "",
                        "image1": "",
                        "name": "BCP3-Lesson4 (21)",
                        "text1": "আমি তোমাকে দেখি",
                        "text2": "I see you. <br> <br>\"তোমাকে\" থাকলেও, I see to you বা I see at you হবে না । I am seeing - এটা ভুল, কারণ এর অর্থ \"আমি তোমায় দেখছি\" । I look at you-ও হতে পারে ।"
                      }
]