[
                      {
                        "description": "",
                        "image1": "",
                        "name": "BCP3-Lesson1 (1)",
                        "text1": "আমার একটি কলম আছে",
                        "text2": "I have a pen. <br> <br>I have হয় । কারণ pen-এর অধিকারী \"আমি\" বলে । My have ভুল ইংরিজি । My have বা I has হয় না । এখানে লক্ষ্য করার আছে \"আমি\" একবচন হলেও I have হবে ।"
                      },
                      {
                        "description": "",
                        "image1": "",
                        "name": "BCP3-Lesson1 (2)",
                        "text1": "আমাদের একটি লাল কলম আছে",
                        "text2": "We have a red pen. <br> <br>We-এর পরে Have হয় । Our have হয় না । লক্ষ্য কর এখানে Subject-টা কিন্তু Pen নয় \"আমরা\", তাই Pen has হবে না ।"
                      },
                      {
                        "description": "",
                        "image1": "",
                        "name": "BCP3-Lesson1 (3)",
                        "text1": "তোমার একটি পুরানো কলম আছে",
                        "text2": "You have an old pen. <br> <br>You-এর পরে Have হয় । You has বা Your have ভুল ইংরিজি । 'তুমি' পেনের অধিকারী, তাই have বসল । "
                      },
                      {
                        "description": "",
                        "image1": "",
                        "name": "BCP3-Lesson1 (4)",
                        "text1": "তার দুটো কলম আছে",
                        "text2": "He has two pens. <br> <br>He-এর পরে Has হয় । His has বা He have হয় না । এখানে Pen-এর অধিকারী হল সে ।"
                      },
                      {
                        "description": "",
                        "image1": "",
                        "name": "BCP3-Lesson1 (5)",
                        "text1": "তার (মেয়ে) হাতে একটি কলম আছে",
                        "text2": "She has a pen in her hand. <br> <br>In her hand হল কারণ হাতের ভিতর আছে ।"
                      },
                      {
                        "description": "",
                        "image1": "",
                        "name": "BCP3-Lesson1 (6)",
                        "text1": "কুকুরটির ৪টি পা আছে",
                        "text2": "The dog has four legs. <br> <br>The dog একবচন বলে the dog has হল । 'কুকুরটির' আছে বলে কিন্তু Dog's has হবে না ।"
                      },
                      {
                        "description": "",
                        "image1": "",
                        "name": "BCP3-Lesson1 (7)",
                        "text1": "এটির ২টি কান আছে",
                        "text2": "It has two ears. <br> <br>It একবচন বলে has হল । Its has বা two ears have হবে না ।"
                      },
                      {
                        "description": "",
                        "image1": "",
                        "name": "BCP3-Lesson1 (8)",
                        "text1": "তাদের ঘরে আনেকগুলি জানালা আছে",
                        "text2": "They have many windows in their room. <br> <br>They-এর পরে have হয় । তাদের ঘর - their room, জানালা- window । আর মনে রাখবে, সংখ্যায় অনেক বোঝাতে many বসানো হয়, much নয় । সংখ্যা বোঝা না গেলে 'অনেকটা' অর্থে much ব্যবহার হয় । যেমন, There is not much water in the river । Many windows-কে subject করা যায় । তখন হবে, many windows are in their room বা many windows are there in their room ।"
                      },
                      {
                        "description": "",
                        "image1": "",
                        "name": "BCP3-Lesson1 (9)",
                        "text1": "সুমিতের মুখটি সুন্দর",
                        "text2": "Sumit has a lovely face. <br> <br>মুখটি সুন্দর, এই অর্থে face lovely হবে না । Sumit's face is lovely - এটাও লেখা যায় ।"
                      },
                      {
                        "description": "",
                        "image1": "",
                        "name": "BCP3-Lesson1 (10)",
                        "text1": "আমার ঘরে এটা আছে",
                        "text2": "I have it in my room. <br> <br>এখানে ধরে নিতে হবে \"আমার ঘরে আমার আছে এটা\" তাই I have হল । আমার ঘরে প্রথমে থাকলেও in my room দিয়ে শুরু হবে না । যদি \"এটা\" - কে  subject কতে হয়, তবে লিখতে পারো it is in my room ।"
                      },
                      {
                        "description": "",
                        "image1": "",
                        "name": "BCP3-Lesson1 (11)",
                        "text1": "আমার ঘরে এটা নেই",
                        "text2": " I do not have it in my room. <br> <br>আগের মতই ধরে নিতে হবে আমার ঘরে আমার এটা নেই, তাই I do not have হল । লক্ষ্য রাখ, Do not বা Does not এর পরে কখনই Has হবে না, সবসময় Have হবে । I have not it in my room ভাল ইংরিজি নয় । আগের মতই, \"এটা\" - কে subject করে it is not in my room-ও লেখা যায় ।"
                      },
                      {
                        "description": "",
                        "image1": "",
                        "name": "BCP3-Lesson1 (12)",
                        "text1": "আমাদের বিদ্যালয়ের দলে অলোক আছে",
                        "text2": "Our school has Alok in the team. <br> <br>Alok is in our school team এটাও হতে পারে । যেহেতু বিদ্যালয় অলোকের অধিকারী তাই School has Alok হল । The school team has Alok হবে না ।"
                      },
                      {
                        "description": "",
                        "image1": "",
                        "name": "BCP3-Lesson1 (13)",
                        "text1": "আমাদের বিদ্যালয়ের দলে আলোক নেই ",
                        "text2": "Our school does not have Alok in the team. <br> <br>আগের মতই does not-এর পরে have হল, has কখনই হয় না বলে । Our school have not Alok in the team ভাল ইংরিজি নয় । Alok is not in our school team লেখা যায় ।"
                      },
                      {
                        "description": "",
                        "image1": "",
                        "name": "BCP3-Lesson1 (14)",
                        "text1": "তার হাতে কিছু সময় আছে",
                        "text2": "He has some time in hand. <br> <br>সাজিয়ে নাও, তার আছে কিছু সময় হাতে । His hand has some time এটা ভুল । There is some time in his hand এটাও হতে পারে । হাতের ভিতরে আছে বলে In hand হল । Some time has in his hand ভুল, কারণ time তো অধিকারী নয়, he অধিকারী ।"
                      },
                      {
                        "description": "",
                        "image1": "",
                        "name": "BCP3-Lesson1 (15)",
                        "text1": "তার হাতে সময় নেই",
                        "text2": "He has no time in hand. <br> <br>He does not have time in hand এটাও হতে পারে । He has not time in hand বা His hand has no time এগুলি ভুল । এটা মাথার মধ্যে ঢুকিয়ে নাও যে no ব্যবহার হয় noun-এর আগে আর not অন্যান্য যাবতীয় কিছুর আগে । সেইজন্য not time হল না ।"
                      },
                      {
                        "description": "",
                        "image1": "",
                        "name": "BCP3-Lesson1 (16)",
                        "text1": "তার হাতে কোন সময় নেই",
                        "text2": "He does not have time in hand. <br> <br>এর বদলে He has no time in hand লিখলেও ভুল কিছু হত না । বা He does not have any time in hand । সবসময়ই no-এর জায়গায় not any ব্যবহার করা যায় । যেমন, There are no eggs in the basket-এর বদলে There are not any eggs in the basket । কিন্তু There are not eggs in the basket ভুল হবে, কারণ not যে noun-এর আগে বসে না, তা আগের উদাহরণেই বলা হয়েছে । he-এর পর does not হল,খেয়াল রাখবে ।"
                      },
                      {
                        "description": "",
                        "image1": "",
                        "name": "BCP3-Lesson1 (17)",
                        "text1": "গরীব লোকের কোন টাকা নেই",
                        "text2": "Poor people have no money. <br> <br>Poor people have not money - এটা হবে না, এটা ভুল ইংরিজি, কারণ সেক্ষেত্রে not বসে যাচ্ছে noun-এর (money) পরে । \"কোন টাকা নেই\"- Have no money ।"
                      },
                      {
                        "description": "",
                        "image1": "",
                        "name": "BCP3-Lesson1 (18)",
                        "text1": "গরীব লোকেদের কোন টাকা নেই",
                        "text2": "Poor people do not have any money. <br> <br>Do not have no money - এটা ভুল, কারণ দুটো ঋণাত্মক শব্দ এক বাক্যে কখনো বসবে না  । \"কোন টাকা\" অর্থে Any money হবে । আগের নিয়ম মেনেই no-এর ভাব রেখেই no-এর জায়গায় not any বসানো হল । People বহুবচন বলে do not হল । I do not, you do not, he/she/it do not, we do not, they do not ।"
                      },
                      {
                        "description": "",
                        "image1": "",
                        "name": "BCP3-Lesson1 (19)",
                        "text1": "তার (মেয়ে) তার (ছেলে) প্রতি ভালোবাসা আছে",
                        "text2": "She has love for him. <br> <br>আগের মতই \"ভালোবাসা\" এখানে Subject নয় । ভালোবাসার অধিকারী \"সে\" (She) হল Subject, কারণ 'কার আছে', না 'তার আছে' । এখানে \"তার প্রতি\" মানে 'তার জন্য' বুঝতে হবে ।"
                      },
                      {
                        "description": "",
                        "image1": "",
                        "name": "BCP3-Lesson1 (20)",
                        "text1": "তার (মেয়ে) তার (ছেলে) প্রতি কোন ভালোবাসা নেই",
                        "text2": "She has no love for him. <br> <br>কখনো She has not love for him লিখবে না, কারণ সেক্ষেত্রে not বসে যেত noun-এর (love) আগে । love এখানে noun হিসেবে ব্যবহার হয়েছে, verb হিসেবে নয়, সেটা লক্ষ্য কর । She does not have love for him লিখলেও ঠিক হত ।"
                      }
]