[
                      {
                        "description": "",
                        "image1": "",
                        "name": "BCP3-Lesson2 (1)",
                        "text1": "তার (মেয়ে) তার (ছেলে) প্রতি কোন ভালোবাসা নেই",
                        "text2": "She does not have love for him. <br> <br>Do not বা does not এর পরে কখনই has হবে না, সবসময় have হবে । প্রশ্নের ক্ষেত্রেও একই রকম ভাবে have হবে ।"
                      },
                      {
                        "description": "",
                        "image1": "",
                        "name": "BCP3-Lesson2 (2)",
                        "text1": "আমি সকাল ৭টায় প্রাতঃরাশ নিয়েছিলাম",
                        "text2": "I had breakfast at 7 AM. <br> <br>এটি একটি বিশেষ ব্যবহার, আমি প্রাতঃরাশ নিয়েছিলাম, অতীত কাল বলে I have এর পরিবর্তে I had হল । Breakfast বা dinner এর ক্ষেত্রেও I have breakfast, I had dinner ব্যবহার হয় । নির্দ্দিষ্ট সময় (সকাল ৭ টা) বলে at ব্যবহার হল ।"
                      },
                      {
                        "description": "",
                        "image1": "",
                        "name": "BCP3-Lesson2 (3)",
                        "text1": "আমি সেটা একটি রেস্টুরেন্টে নিয়েছিলাম",
                        "text2": "I had it at a restaurant. <br> <br>আগের মতই সাজিয়ে নাও, আমি নিয়েছিলাম সেটা রেস্টুরেন্টে । এখানেও অতীত বলে had হল । বর্তমান কালে has, have যাই বসুক না কেন অতীতে সব সময়ই had হবে । লক্ষ্য রাখো, at a restaurant হল ।"
                      },
                      {
                        "description": "",
                        "image1": "",
                        "name": "BCP3-Lesson2 (4)",
                        "text1": "যুদ্ধের আগে আমাদের একটা গাড়ী ছিল",
                        "text2": "We had a car before the war. <br> <br>অতীতকাল বলে had হল । Before the war দিয়ে শুরু হবে না । Our had a car হবে না । Car-কে subject করতে যেয়ো না, we হল অধিকারী ।"
                      },
                      {
                        "description": "",
                        "image1": "",
                        "name": "BCP3-Lesson2 (5)",
                        "text1": "যুদ্ধের পরে তাদের প্রচুর টাকা ছিল",
                        "text2": "They had lot of money after the war. <br> <br>প্রচুর টাকা - Lot of money ।"
                      },
                      {
                        "description": "",
                        "image1": "",
                        "name": "BCP3-Lesson2 (6)",
                        "text1": "তুমি তোমার শহরে কম বৃষ্টি পেয়েছিলে",
                        "text2": "You had little rain in your city. <br> <br>এখানে পেয়েছিলে (অতীতকাল) অর্থে had হল, got না লিখলেও চলে । লক্ষ্য কর, \"তুমি\" এখানে subject, তোমার শহর বা বৃষ্টি নয়, কারণ তুমি বৃষ্টির অধিকারী ।"
                      },
                      {
                        "description": "",
                        "image1": "",
                        "name": "BCP3-Lesson2 (7)",
                        "text1": "শহরটিতে বর্ষাকালে সামান্য বৃষ্টি হয়েছিল",
                        "text2": "The city had little rain in the monsoon. <br> <br>এখানে আবার \"শহর\" হল subject, বর্ষাকাল বা বৃষ্টি নয় । বর্ষাকাল - monsoon । There was little rain in the city in the monsoon-ও লেখা যায় ।"
                      },
                      {
                        "description": "",
                        "image1": "",
                        "name": "BCP3-Lesson2 (8)",
                        "text1": "আমি সকাল ৭টায় কোন প্রাতঃরাশ নিই নি",
                        "text2": "I had no breakfast at 7 AM. <br> <br>অতীতকাল বলে had হল । I had not breakfast লিখবে না ।"
                      },
                      {
                        "description": "",
                        "image1": "",
                        "name": "BCP3-Lesson2 (9)",
                        "text1": "আমি সকাল ৭টায় প্রাতঃরাশ নিই নি",
                        "text2": "I did not have breakfast at 7 AM . <br> <br>Subject (I, We, You, He ইত্যাদি) যাই হোক না কেন, অতীতকালে নঞর্থক শব্দ বোঝালে সব সময়েই did not হবে, তেমনই did not -এর পরে সর্বদাই have হবে । Did not has বা did not had ভুল ইংরিজি ।"
                      },
                      {
                        "description": "",
                        "image1": "",
                        "name": "BCP3-Lesson2 (10)",
                        "text1": "আমি এটা রেস্টুরেন্টে নিই নি",
                        "text2": "I did not have it at a restaurant. <br> <br>আগের মতই did not have হল ।"
                      },
                      {
                        "description": "",
                        "image1": "",
                        "name": "BCP3-Lesson2 (11)",
                        "text1": "যুদ্ধের আগে আমাদের কোন গাড়ী ছিল না",
                        "text2": "We did not have a car before the war. <br> <br>We did not has বা We did not had হবে না । Subject যাই থাকুক সব সময়েই Did not have হবে । We had no car before the war-ও লেখা যায় ।"
                      },
                      {
                        "description": "",
                        "image1": "",
                        "name": "BCP3-Lesson2 (12)",
                        "text1": "যুদ্ধের পরে তাদের খুব বেশী টাকা ছিল না",
                        "text2": "They did not have lot of money after the war. <br> <br>Lot of money-এর জায়গায় Much money হতে পারে । More money হবে না ।"
                      },
                      {
                        "description": "",
                        "image1": "",
                        "name": "BCP3-Lesson2 (13)",
                        "text1": "তুমি শহরে খুব বেশী বৃষ্টি পাওনি",
                        "text2": "You did not have much rain in the city. <br> <br>এখানে পাওয়া অর্থে Have হল । Did not get-ও হতে পারত । much-এর ব্যবহার লক্ষ্য কর, এখানে many লিখলে ভুল হত । সংখ্যা বোঝালে তখনই many বসে, যেমন many cows, many women, many players ইত্যাদি ।"
                      },
                      {
                        "description": "",
                        "image1": "",
                        "name": "BCP3-Lesson2 (14)",
                        "text1": "বর্ষাকালে শহরটিতে বেশী বৃষ্টি হয়নি",
                        "text2": "The city did not have much rain in the rainy season. <br> <br>\"Rainy season\"-এর জায়গায় monsoon হতে পারত । যদিও \"শহরটিতে\" আছে, এখানে \"শহর\" হল subject, \"বর্ষা\" বা \"বৃষ্টি\" নয় । It did not have rain - ভুল ইংরিজি । There was not much rain in the city in the monsoon লিখলেও ঠিক হত ।"
                      },
                      {
                        "description": "",
                        "image1": "",
                        "name": "BCP3-Lesson2 (15)",
                        "text1": "আমার একটি কলম আছে । আমার কি একটি কলম আছে ? আমার কি একটি কলম নেই ?",
                        "text2": "I have a pen. Do I have a pen ? Do I not have a pen ? <br> <br>প্রশ্ন থাকলে আগে তার উত্তর করে নিতে হবে । I have a pen-এর noun-verb ঘুরিয়ে নাও । Have I a pen- ভাল ইংরিজি নয়, তাই do I have a pen হবে । I আছে বলে do হল does হল না । নঞর্থক প্রশ্ন থাকলে শুধু একটি not মাঝখানে ঢুকবে ।"
                      },
                      {
                        "description": "",
                        "image1": "",
                        "name": "BCP3-Lesson2 (16)",
                        "text1": "আমাদের একটি লাল কলম আছে । আমাদের কি একটি লাল কলম আছে ? আমাদের কি একটি লাল কলম নেই ?",
                        "text2": "We have a red pen. Do we have a red pen ? Do we not have a red pen ? <br> <br>আগের মত একই রকম । We বলে do হল । নঞর্থক প্রশ্নে not-এর ব্যাবহার লক্ষ্য কর । Do not we have a red pen-ও লেখা যায় । "
                      },
                      {
                        "description": "",
                        "image1": "",
                        "name": "BCP3-Lesson2 (17)",
                        "text1": "তার হাতে একটি কলম আছে । তার হাতে কি একটা লাল কলম আছে ? তার হাতে কি একটা লাল কলম নেই ?",
                        "text2": "She has a pen in her hand. Does she have a red pen in her hand ? Does she not have a red pen in her hand ? <br> <br>এখানে she বলে does হল, বাকীটা আগের মতই । Has she a pen না লিখে Does she have a pen লেখা হল ।"
                      },
                      {
                        "description": "",
                        "image1": "",
                        "name": "BCP3-Lesson2 (18)",
                        "text1": "তাদের ঘরে অনেকগুলি জানালা আছে । তাদের ঘরে কি অনেকগুলি জানালা আছে ? তাদের ঘরে কি অনেকগুলি জানালা নেই ?",
                        "text2": "They have many windows in their room. Do they have many windows in their room ? Do they not have many windows in their room ? <br> <br>They আছে বলে do হল, বাকিটা আগের মতই ।"
                      },
                      {
                        "description": "",
                        "image1": "",
                        "name": "BCP3-Lesson2 (19)",
                        "text1": "সুমিতের মুখ সুন্দর । সুমিতের মুখ কি সুন্দর ? সুমিতের মুখ কি সুন্দর নয় ?",
                        "text2": "Sumit has a lovely face. Does Sumit have a lovely face ? Does Sumit not have a lovely face ? <br> <br>Sumit একবচন বলে প্রশ্নে does হল ।"
                      },
                      {
                        "description": "",
                        "image1": "",
                        "name": "BCP3-Lesson2 (20)",
                        "text1": "গরীব লোকেদের কোন টাকা নেই । গরীব লোকেদের কি কোন টাকা নেই ?",
                        "text2": "Poor people have no money. Do poor people not have any money ? <br> <br>প্রশ্ন থাকলে উত্তরটা আগের মতই ভেবে নাও, তার পর noun-verb ঘোরালে দাঁড়ায়, Have poor people no money - এটা ভাল ইংরিজি নয়, তাই আগে Do বসাতে হবে । নঞর্থক আছে বলে Not ব্যাবহার হল । Do not poor people have any money ? - এটাও লেখা যায় ।"
                      },
                      {
                        "description": "",
                        "image1": "",
                        "name": "BCP3-Lesson2 (21)",
                        "text1": "তার (মেয়ে) তার (ছেলে) প্রতি ভালোবাসা আছে । তার (মেয়ে) কি তার (ছেলে) প্রতি ভালোবাসা আছে ? তার (মেয়ে) কি তার (ছেলে) প্রতি ভালোবাসা নেই ?",
                        "text2": "She has love for him. Does she have love for him ? Does not she have love for him ? <br> <br>She আছে বলে প্রশ্নে does হল । আগেই বলা হয়েছে, do not বা does not এর পরে কখনই has হবে না, সবসময় have হবে ।"
                      }
]