[
                      {
                        "description": "",
                        "image1": "",
                        "name": "BCP4-Lesson6 (1)",
                        "text1": "তুমি এখনো বাড়িতে যাও নি ?",
                        "text2": "Have not you gone home yet ? <br> <br>যেহেতু \"এখনো যাও নি\", মানে রেশ আছে না যাওয়ার, তাই have not হল, did not হল না । এখনো - yet । বাড়ি যাওয়া - go home । go to home বা go at home নয় । go-went-gone - মনে রাখবে । উত্তর - You have not gone home yet । প্রশ্ন - Have not you gone home yet ? ভুল - have no gone ।"
                      },
                      {
                        "description": "",
                        "image1": "",
                        "name": "BCP4-Lesson6 (2)",
                        "text1": "তুমি কখনো আমার বাড়ি যাও নি",
                        "text2": "You never went to my house. <br> <br>এটার সঙ্গে কিন্তু আগেরটার তফাৎ আছে । এটায় অতীতকাল বোঝাচ্ছে, যদিও দুটোতেই \"যাও নি\" আছে । এটার কোন রেশ নেই তাই অতীত হল (went), কারণ \"কখনোই যাও নি\" । আর লক্ষ্য কর, go home হয়েছিল আগেরটায়, এটায় house আছে বলে সাধারণতঃ যা হয়, সেরকমভাবে went to হল । 'বাড়ি যাও নি' মানে 'বাড়িতে যাওনি' ।"
                      },
                      {
                        "description": "",
                        "image1": "",
                        "name": "BCP4-Lesson6 (3)",
                        "text1": "আমরা এখন খেলছি না",
                        "text2": "We are not playing now. <br> <br>No playing ভুল ইংরিজি । Not we are playing now বা We not are playing-ও ভুল । তেমনি ভুল - we are not play (অনেকেই এই ভুল করে) ।"
                      },
                      {
                        "description": "",
                        "image1": "",
                        "name": "BCP4-Lesson6 (4)",
                        "text1": "আমরা আজ খেলি নি",
                        "text2": "We have not played today. <br> <br>\"আজ\" বলে have not  ব্যবহার হল । যদিও খেলাটা একেবারে হয়ই নি, কিন্তু না হওয়ার রেশটাই এখনো আছে \"আজ\" বলে । তাই have not । Have no played বা have not play ভুল ইংরিজি । today সামনেও বসাতে পারো ।"
                      },
                      {
                        "description": "",
                        "image1": "",
                        "name": "BCP4-Lesson6 (5)",
                        "text1": "আমরা কাল খেলি নি",
                        "text2": "We did not play yesterday. <br> <br>\"কাল\" বলে অতীতকাল হল (did not play) । যদিও আগেরটাতেও \"খেলি নি\" আছে, কিন্তু ওটা \"আজ\" বলে have not হয়েছিল । আমরা খেলি না - we do not play, আমরা খেলি নি - we did not play । do not-এর পরে যেমন verb-এর পরিবর্তন হয় না, did not-এর পরেও তাই । আর লক্ষ্য কর - on yesterday নয়, শুধু yesterday । yesterday প্রথমেও বসাতে পারো ।"
                      },
                      {
                        "description": "",
                        "image1": "",
                        "name": "BCP4-Lesson6 (6)",
                        "text1": "তুমি কি এই কাজটা করছ ?",
                        "text2": "Are you doing this work ? <br> <br>উত্তর -  you are doing this work (ঘটমান বর্তমান) । প্রশ্ন - Are you doing this work ? ভুল - Are you working this work ? তেমনি ভুল - Are you do this work ?"
                      },
                      {
                        "description": "",
                        "image1": "",
                        "name": "BCP4-Lesson6 (7)",
                        "text1": "তারা কি কাজটা করছে না ?",
                        "text2": "Are they not doing the work ? <br> <br>Are they no doing the work বা Not are they doing the work ভুল ইংরিজি । doing-এর আগে not বসবে, কারণ \"না করা\" বোঝাতে হবে । Are they not do the work খুব ভুল ।"
                      },
                      {
                        "description": "",
                        "image1": "",
                        "name": "BCP4-Lesson6 (8)",
                        "text1": "সলিল আর মোক্তার কি একসঙ্গে খেলেছে ?",
                        "text2": "Have Salil and Moktar played together ? <br> <br>২ জন বলে have হল । কর্তা - Salil and Moktar । খেলেছে - have played । একসঙ্গে -  together (with together - ভুল ইংরিজি) । এবার ঘুরিয়ে দাও, Have Salil and Moktar played together ? লক্ষ্য করেছো বোধহয়, সে করে - he does, সে করছে - he is doing, সে করেছে - he has done, সে করেছিল - he did । "
                      },
                      {
                        "description": "",
                        "image1": "",
                        "name": "BCP4-Lesson6 (9)",
                        "text1": "সলিল আর মোক্তার কি একসঙ্গে খেলে নি ?",
                        "text2": "Have Salil and Moktar not played together ? <br> <br>Have not Salil and Moktar played together ?-ও ঠিক হত, কিন্তু ২টো not কখনো ব্যবহার করবে না । together - একসঙ্গেঁ । with together ভুল । together শেষেই ব্যবহার করতে হবে ।"
                      },
                      {
                        "description": "",
                        "image1": "",
                        "name": "BCP4-Lesson6 (10)",
                        "text1": "রাজা পুরু আলেকজাণ্ডারের বিরুদ্ধে কি জিতেছিলেন ?",
                        "text2": "Did King Puru win against Alexander ? <br> <br>এটা অতীতকালে ঘটেছিল বলে উত্তরটা হবে - King Puru won against Alexander । এবার প্রশ্নটা করতে subject আর verb-কে ঘুরিয়ে নাও, কিন্তু won Puru against Alexander করলে একদম ভুল হবে । করতে হবে, Did King Puru win । মনে করে দেখ, আগে বর্তমান কালের ক্ষেত্রেও Do বা Does দিয়ে শুরু করা হয়েছিল । বিরুদ্ধে - against । ভুল - with Alexander । against - বিরূদ্ধে ।"
                      },
                      {
                        "description": "",
                        "image1": "",
                        "name": "BCP4-Lesson6 (11)",
                        "text1": "রাজা পুরু আলেকজাণ্ডারের বিরুদ্ধে কি জেতেন নি ?",
                        "text2": "Did King Puru not win against Alexander ? <br> <br>উত্তর - King Puru did not win against Alexander । প্রশ্ন - Did king Puru not win against Alexander ? did not won কিন্তু কখনো হয় না, এটা একটা সাধারণ ভুল অবশ্য ।"
                      },
                      {
                        "description": "",
                        "image1": "",
                        "name": "BCP4-Lesson6 (12)",
                        "text1": "আমি সাঁতার কাটতে পারি",
                        "text2": "I can swim. <br> <br>কোনো কিছু \"পারা\" বা \"করতে পারার ক্ষমতা\" বোঝাতে can ব্যবহার হয় । সাঁতার কাটা - swim । can-এর পর verb-এর কোনো পরিবর্তন হয় না, যেমন can swim, can go, can play ইত্যাদি । \"সাঁতার কাটা\"র পর \"পারি\" আছে বটে, কিন্তু I swim can ভুল ইংরিজি - I can swim হবে সবসময় । আর হবে না I can to swim ।"
                      },
                      {
                        "description": "",
                        "image1": "",
                        "name": "BCP4-Lesson6 (13)",
                        "text1": "সে আজ সমুদ্রে সাঁতার কাটতেও পারে",
                        "text2": "He may swim in the sea today. <br> <br>এখানে ক্ষমতা বোঝালো না, সম্ভাবনা বোঝাল, তাই may ব্যবহার হল, can হল না । সাঁতার কাটতে পারে, আবার না-ও পারে - অতএব এটা সম্ভাবনা । তাই may হল । can-এর মতই may-এর পর verb অপরিবর্তিত থাকে । সমুদ্রে, মানে সমুদ্রের ভেতর - in the sea । ভুল - on today (শুধু today বসবে) । আর ভুল - may to swim ।"
                      }
]