[
                      {
                        "description": "",
                        "image1": "",
                        "name": "BCP4-Lesson2 (1)",
                        "text1": "সেদিন নাসীমার দেরী হয় নি",
                        "text2": "Nasima was not late on that day. <br> <br>যেহেতু was হল be-এরই অতীতকালের রূপ, তাই Nasima was not be late বা Nasima was be not late এসব হল না । কর্তা (কর্ত্রী) \"নাসীমা\", \"দেরী\" নয় । দিন বলে on  ব্যবহার হল ।"
                      },
                      {
                        "description": "",
                        "image1": "",
                        "name": "BCP4-Lesson2 (2)",
                        "text1": "নাসীমার আজ দেরী হয় নি",
                        "text2": "Nasima is not late today. <br> <br>\"আজ\" বলে is হল । is not be late হবে না, কারণ is be-ধাতুরই এক রূপ । today, yesterday, tomorrow ইত্যাদির আগে preposition কিছু বসাবার প্রয়োজন হয় না । today প্রথমেও বসাতে পারো ।"
                      },
                      {
                        "description": "",
                        "image1": "",
                        "name": "BCP4-Lesson2 (3)",
                        "text1": "সুদীপের আজ দেরী হল কেন ?",
                        "text2": "Why is Sudip late today ? <br> <br>উত্তর হল - Sudip is late today । প্রশ্ন হল - Is Sudip late today ? এবার প্রথমে জোড়ো why । \"আজ\" আছে বলে is ব্যবহার হল । আগেই বলা হয়েছে, আগে subject ধরবে, তারপর verb, তারপর verb-এর tense (কাল), তারপর object আর বাকী সব । আর প্রশ্ন হলে subject - verb ঘোরাবে ।"
                      },
                      {
                        "description": "",
                        "image1": "",
                        "name": "BCP4-Lesson2 (4)",
                        "text1": "আমি এই ফোনটা কিনব",
                        "text2": "I shall buy this phone. <br> <br>I আছে বলে shall বসল । Shall বা will-এর পর যে verb-ই বসুক না কেন, তার কোন পরিবর্তন হয় না, যেমন shall buy, will sell ইত্যাদি । buy আর this phone-এর মধ্যে কোন preposition বসবে না, কারণ \"কে\" এই বিভক্তি থাকলে (যেমন, কোনকে কেনা) preposition বসে না আরো উদাহরণ - eat rice (ভাতকে খাওয়া), play football (ফুটবলকে খেলা) ইত্যাদি ।"
                      },
                      {
                        "description": "",
                        "image1": "",
                        "name": "BCP4-Lesson2 (5)",
                        "text1": "তুমি কি ফোনটা বেচবে ?",
                        "text2": "Will you sell the phone ? <br> <br>উত্তর - You will sell the phone । তাই প্রশ্ন হল - Will you sell the phone ।"
                      },
                      {
                        "description": "",
                        "image1": "",
                        "name": "BCP4-Lesson2 (6)",
                        "text1": "পার্থ তার ফোনটা বেচবে না",
                        "text2": "Partha will not sell his phone. <br> <br>Will বা will not যাই থাক না কেন, sell verb অপরিবর্তিতই রইল ।  will no sell হবে না । sell to his phone বা sell from his phone ভুল । will sell not his phone-ও ভুল ।"
                      },
                      {
                        "description": "",
                        "image1": "",
                        "name": "BCP4-Lesson2 (7)",
                        "text1": "পার্থ তার কোন ফোনটা বেচবে ?",
                        "text2": "Which of his phones will Partha sell ? <br> <br>একাধিক ফোন পার্থ-র আছে বলেই একটা ফোন বেচার প্রশ্ন আসছে । তাই \"তার কোন ফোনটা\" which of his phones হল । সেটা দিয়ে বাক্য শুরু হবে, কারণ which আছে । এবার উত্তর Partha will বলে প্রশ্নে will Partha হল । Which his phones বা his which phone ভুল ইংরিজি ।"
                      },
                      {
                        "description": "",
                        "image1": "",
                        "name": "BCP4-Lesson2 (8)",
                        "text1": "সুদীপ কি কখনো একটা ভালো ফোন কিনবে না ?",
                        "text2": "Will Sudip never buy a good phone ? <br> <br>যদি থাকত \"সুদীপ কি একটা ভালো ফোন কিনবে না ?\", তবে হত, will Sudip not buy a good phone । \"কখনো না\" এই অর্থে never ব্যবহার হল ।"
                      },
                      {
                        "description": "",
                        "image1": "",
                        "name": "BCP4-Lesson2 (9)",
                        "text1": "তুমি কাল কটার সময় বাড়ি পরিবর্তন করবে ?",
                        "text2": "At what time will you change house tomorrow ? <br> <br>উত্তর - You will change house tomorrow । তাই প্রশ্ন - Will you change house tomorrow ? এবার জোড়ো প্রথমে, at what time । নির্দিষ্ট সময় জানতে চাওয়া হচ্ছে বলে at ব্যবহার হল ।"
                      },
                      {
                        "description": "",
                        "image1": "",
                        "name": "BCP4-Lesson2 (10)",
                        "text1": "তারপর তুমি কখন আমার বাড়ি আসবে ?",
                        "text2": "After that when will you come to my house ? <br> <br>কখন - when । \"তারপর\" then না হয়ে after that হল । come to my house হল, come my house ভুল, কারণ \"বাড়ীতে আসা\" বোঝাছে ।"
                      },
                      {
                        "description": "",
                        "image1": "",
                        "name": "BCP4-Lesson2 (11)",
                        "text1": "তারা কেমন করে ইংরিজি শিখবে ?",
                        "text2": "How will they learn English ? <br> <br>উত্তর - they will learn English । প্রশ্ন - Will they learn English ? এবার গোড়ায় জোড়ো \"কেমন করে\" বা how । \"শেখা\" হল learn, know নয় । I আর we-এর পর শুধু shall বসে, you, they, he, she, it-এর পর will ।"
                      },
                      {
                        "description": "",
                        "image1": "",
                        "name": "BCP4-Lesson2 (12)",
                        "text1": "আমরা কি এখন ডিনার খেতে যাব ?",
                        "text2": "Shall we go to take dinner now ? <br> <br>উত্তর - we shall go to take dinner now । তাই প্রশ্ন - Shall we go to take dinner now ? eat dinner-এর চেয়ে take dinner ভালো ইংরিজি, খেয়াল রেখো । খাওয়া অর্থে take আগেও আমরা পেয়েছি (take food) । \"খেতে যাওয়া\" go to take হল । এটাও আমরা আগে পেয়েছি ।"
                      }
]