[
                      {
                        "description": "",
                        "image1": "",
                        "name": "BCP4-Lesson8 (1)",
                        "text1": "আমি এই কাজটা পারছিলাম না",
                        "text2": "I was not being able to do this work. <br> <br>আগের মতই, শুধু অতীতকাল বলে was হল । able - সমর্থ বা সক্ষম ।"
                      },
                      {
                        "description": "",
                        "image1": "",
                        "name": "BCP4-Lesson8 (2)",
                        "text1": "আমাদের সবাইকে ভালোবাসা উচিৎ",
                        "text2": "We should love all. <br> <br>উচিৎ - should । I, you, we ইত্যাদি যা-ই আগে বসুক না কেন, উচিৎ সবসময় should, এবং তারপর verb-ও অপরিবর্তিত থাকে (should love, should see ইত্যাদি) । love to all ভুল । \"আমাদের\" আছে বলে my হবে না ।"
                      },
                      {
                        "description": "",
                        "image1": "",
                        "name": "BCP4-Lesson8 (3)",
                        "text1": "তোমার কি করা উচিৎ ?",
                        "text2": "What should you do ? <br> <br>তোমার করা উচিৎ - You should do । ঘোরাও, Should you do ? এবার গোড়ায় জোড়ো what । মনে রাখবে, you do should হয় না, যেমন you do can, you do could ভুল ইংরিজি । তেমনই what you should do-ও ভুল ।"
                      },
                      {
                        "description": "",
                        "image1": "",
                        "name": "BCP4-Lesson8 (4)",
                        "text1": "শ্রেয়ার তিনটে গানের চেয়ে কম গাওয়া উচিৎ নয়",
                        "text2": "Shreya should not sing less than three songs. <br> <br>কর্তা - Shreya । গাওয়া উচিৎ নয় - should not sing । তিনটে গানের চেয়ে কম - less than three songs ।"
                      },
                      {
                        "description": "",
                        "image1": "",
                        "name": "BCP4-Lesson8 (5)",
                        "text1": "তোমাদের কী কী জিনিস সঙ্গে নিয়ে যাওয়া উচিৎ ?",
                        "text2": "What things should you take with you ? <br> <br>কর্তা - তোমাদের (তোমরা) । সঙ্গে নিয়ে যাওয়া উচিৎ - should take with you (\"তোমার সঙ্গে\" না থাকলেও with you দিতেই হবে) । কী কী জিনিস - what things বা which things । which which things বা what what things ইংরিজিতে লিখলে ভুল হবে, which things বা what things লিখতে হবে ।"
                      },
                      {
                        "description": "",
                        "image1": "",
                        "name": "BCP4-Lesson8 (6)",
                        "text1": "সুদীপ ফোন কিনতে বাধ্য",
                        "text2": "Sudip must buy a phone. <br> <br>বাধ্যতা বোঝাতে must ব্যবহার হয় । ঠিক can  বা should-এর মতই verb অপরিবর্তিত রূপে ব্যবহার হয় । ফোনকে কেনা, তাই buy a phone, এখানে preposition বসবে না ।"
                      },
                      {
                        "description": "",
                        "image1": "",
                        "name": "BCP4-Lesson8 (7)",
                        "text1": "সুদীপকে ফোন কিনতেই হবে",
                        "text2": "Sudip has to buy a phone. <br> <br>এটাও বাধ্যতা বোঝাচ্ছে, কিন্তু মাত্রা একটু হলেও কম । এইরকম ক্ষেত্রে has to buy, has to get, has to play হয় । মাত্রার তফাৎ করা না গেলে has to-র জায়গায় must বা must-এর জায়গায় has to ব্যবহার করতেই পারো, ভুল কিছু হবে না । has buy নয়, has to buy । একবচন বলে has হল, have হল না ।"
                      },
                      {
                        "description": "",
                        "image1": "",
                        "name": "BCP4-Lesson8 (8)",
                        "text1": "তোমাকে কি আজ ফিরতেই হবে ?",
                        "text2": "Must you return today ? <br> <br>উত্তর - you must return today, তাই প্রশ্ন - must you return today ? ফেরা (verb) - return । ভুল - on today । today সামনে বসাবে না প্রশ্নের ক্ষেত্রে, উত্তরের ক্ষেত্রে বসাতে পারো ।"
                      },
                      {
                        "description": "",
                        "image1": "",
                        "name": "BCP4-Lesson8 (9)",
                        "text1": "তাদের দুজনকে ভালো খেলতেই হবে",
                        "text2": "Both of them have to play well. <br> <br>তাদের দুজন - both of them । খেলতেই হবে - have to play (দ্বিবচন বলে have হল) । both of they বা both them ভুল ইংরিজি । তেমনই play good-ও ভুল ।"
                      },
                      {
                        "description": "",
                        "image1": "",
                        "name": "BCP4-Lesson8 (10)",
                        "text1": "সুমতি খুশী হতে পারে না",
                        "text2": "Sumati can not be happy. <br> <br>\"হওয়া\" আছে, তাই be ব্যবহার হল । খুশী হতে পারে - can be happy । খুশী হতে পারে না - can not be happy । ভুল - can not happy, কারণ \"হওয়া\"-র ভাব তো এল না এক্ষেত্রে, তাই be বসাবেই ।"
                      },
                      {
                        "description": "",
                        "image1": "",
                        "name": "BCP4-Lesson8 (11)",
                        "text1": "সে (মেয়ে) দুঃখী হতেও পারে",
                        "text2": "She may be sad. <br> <br>সম্ভাবনা বোঝাল বলে may হল, আর \"হওয়া\" আছে বলে may-এর পর be এল । She may sad  ভুল ।"
                      },
                      {
                        "description": "",
                        "image1": "",
                        "name": "BCP4-Lesson8 (12)",
                        "text1": "তোমার কি দুঃখিত হওয়া উচিৎ নয় ?",
                        "text2": "Should you not be sorry ? <br> <br>দুঃখী - sad, আর দুঃখিত - sorry । উত্তর - you should  not be sorry, যেহেতু তুমি (you) হওয়া উচিৎ নয় (should not be) দুঃখিত (sorry) । এবার ঘোরালেই প্রশ্ন পাওয়া যাবে ।"
                      },
                      {
                        "description": "",
                        "image1": "",
                        "name": "BCP4-Lesson8 (13)",
                        "text1": "সে ভবিষ্যতে ভালো গোলকীপার হতে বাধ্য",
                        "text2": "He must be a good goalkeeper in future. <br> <br>সে হতে বাধ্য - he must be । ভবিষ্যতে - in future । must to be ভুল ।"
                      }
]