[
                      {
                        "description": "",
                        "image1": "",
                        "name": "BCP4-Lesson1 (1)",
                        "text1": "ভালো হও",
                        "text2": "Be good. <br> <br>এটি একটি বিশেষ ব্যবহার, অনুরোধ বা নির্দ্দেশ যেভাবে হোক, ভাবতে পারো । \"হও\" অর্থে be ব্যবহার হল, তুমি উহ্য আছে । Become good বা You be good ভাল ব্যবহার নয় ।"
                      },
                      {
                        "description": "",
                        "image1": "",
                        "name": "BCP4-Lesson1 (2)",
                        "text1": "সবার কাছে সুন্দর থাকো",
                        "text2": "Be nice to all. <br> <br>কামনা করলে be nice, be good এরকম হয় । You nice to all ভুল ইংরিজি, কারণ এই বাক্যে কোন verb নেই । nice for all বা nice at all-ও ভুল ইংরিজি । Everybody হল না, all হল, কারণ \"সবার\" আছে তাই ।"
                      },
                      {
                        "description": "",
                        "image1": "",
                        "name": "BCP4-Lesson1 (3)",
                        "text1": "সহজ হও",
                        "text2": "Be simple. <br> <br>এটাও কামনা করা বা উপদেশ দেওয়া, তাই be দিয়ে শুরু হল । Be the simple বা To be simple ভুল ইংরিজি ।"
                      },
                      {
                        "description": "",
                        "image1": "",
                        "name": "BCP4-Lesson1 (4)",
                        "text1": "শক্তিশালী হও",
                        "text2": "Be strong. <br> <br>Be strength ভুল, কারণ শক্তি - strength (noun) আর শক্তিশালী - strong (adjective) । To be strong বা Be the strong-ও ভুল ।"
                      },
                      {
                        "description": "",
                        "image1": "",
                        "name": "BCP4-Lesson1 (5)",
                        "text1": "ভালো ফুটবলার হও ও ভালো খেলো",
                        "text2": "Be a good footballer and play well. <br> <br>এখানে be-এর পর noun football হল, আগের উদাহরণগুলিতে শুধু adjective বসেছিল । Be good footballer হবে না । আবার play good হয় না । ভালো খেলো - play well, এখানে কোনো be বসবে না কিন্তু, কারণ \"হওয়া\" নেই ।"
                      },
                      {
                        "description": "",
                        "image1": "",
                        "name": "BCP4-Lesson1 (6)",
                        "text1": "ডাক্তার হও ও প্রত্যেকের সেবা কর",
                        "text2": "Be a doctor and serve everyone. <br> <br>দুটো বাক্যবন্ধের তফাৎ লক্ষ্য কর । Be a doctor হল, কিন্তু be serve everyone হল না । \"হওয়া\" অর্থেই be ব্যবহার হয়, \"করা\" অর্থে নয় । serve - সেবা করা ।"
                      },
                      {
                        "description": "",
                        "image1": "",
                        "name": "BCP4-Lesson1 (7)",
                        "text1": "আমি খুশী হব",
                        "text2": "I shall be happy. <br> <br>একইভাবে \"হওয়া\" আছে বলে be happy হল । ভবিষ্যৎকাল বলে I shall  হল ।  I shall happy কখনো হবে না, কারণ shall / will-এর পর verb বসবেই, যেটা এক্ষেত্রে be । একইভাবে \"হওয়া\" আছে বলে be happy হল - খুশী হওয়া । I will be happy এক্ষেত্রে ভুল ।"
                      },
                      {
                        "description": "",
                        "image1": "",
                        "name": "BCP4-Lesson1 (8)",
                        "text1": "তুমি দুঃখিত হবে",
                        "text2": "You will be sad. <br> <br>\"হওয়া\" আছে বলে will be sad হল । You-এর পরে will হয় ।"
                      },
                      {
                        "description": "",
                        "image1": "",
                        "name": "BCP4-Lesson1 (9)",
                        "text1": "আমাদের দেরী হবে না",
                        "text2": "We shall not be late. <br> <br>We-এর পর shall হয় । Our shall be late ভুল হবে । not-এর স্থান shall-এর পরে, be-এর পরে নয় ।"
                      },
                      {
                        "description": "",
                        "image1": "",
                        "name": "BCP4-Lesson1 (10)",
                        "text1": "তার কি দেরী হবে ?",
                        "text2": "Will he/she be late ? <br> <br>প্রশ্ন বলে আগে উত্তরটা ভেবে নাও - he/she will be late । এবার ঘোরাও, Will he/she be late ? কখনো কিন্তু Will be he/she late হবে না । He/she-এর পর will হয়, shall হয় না ।"
                      },
                      {
                        "description": "",
                        "image1": "",
                        "name": "BCP4-Lesson1 (11)",
                        "text1": "তাদের কি দেরী হবে না ?",
                        "text2": "Will they not be late ? <br> <br>উত্তরটা ভাবো - They will not be late । তাই প্রশ্নটা হবে - Will they not be late ? They-র পর will  হয়, shall  নয় । তাদের আছে বলে them  কিন্তু হবে না । Will not they be late-ও ঠিক ।"
                      },
                      {
                        "description": "",
                        "image1": "",
                        "name": "BCP4-Lesson1 (12)",
                        "text1": "তোমাদের কেন দেরী হবে ?",
                        "text2": "Why will you be late ? <br> <br>উত্তরটা ভেবে নাও - You will be late । তাই প্রশ্নটা হল - Will you be late ? এবারে গোড়ায় Why জোড়ো, কারণ প্রশ্নে why, what, when ইত্যাদি সবসময় প্রথমে বসে । \"তোমাদের\" আছে বলেই your বসাবে না ।"
                      }
]