[
                      {
                        "description": "",
                        "image1": "",
                        "name": "BCP4-Lesson3 (1)",
                        "text1": "তাদের কেউ কি আমার কাছে বইটা নিতে আসবে ?",
                        "text2": "Will anyone of them come to take the book from me ? <br> <br>তাদের কেউ - anyone of them (they নয়, কারণ 'তাদের' আছে) । নিতে আসা - come to take । 'আমার কাছে' মানে আমার কাছ থেকে - from me । এমন লিখলেও ঠিক হত - Will anyone of them come to me to take the book ? এখানে from me হল না, to me হল, কারণ এক্ষেত্রে \"আমার কাছ থেকে নেওয়া\" না বুঝিয়ে \"আমার কাছে আসা\" বোঝাল ।"
                      },
                      {
                        "description": "",
                        "image1": "",
                        "name": "BCP4-Lesson3 (2)",
                        "text1": "আমাদের কারোরই মাছ খেতে ভালো লাগবে না",
                        "text2": "None of us will like to eat fish. <br> <br>আমাদের কারোরই না - none of us । খেতে ভালো লাগা - like to eat । us থাকলেও shall হল না, কারণ কর্তা হচ্ছে none, us নয় । None of us will not like ভুল ইংরিজি - কারণ দুটো negative । love to eat লিখলে খুব ভুল হত না । করতে ভালো লাগা - like to do, খেলতে ভাল লাগা - like to play, যেতে ভালো লাগা - like to go । 'করতে', 'খেলতে', 'যেতে' - এই 'তে' বঝাতে to ব্যবহার হয় ।"
                      },
                      {
                        "description": "",
                        "image1": "",
                        "name": "BCP4-Lesson3 (3)",
                        "text1": "নতুন গানটা শুনতে ভালো লাগবে",
                        "text2": "The new song will be nice to hear. <br> <br>এটা আবার একটা অন্যরকম ব্যবহার । শুনতে ভালো লাগবে - will be nice to hear (here নয়) । আমার না, সবাইকার না, তাদের - কার ভালো লাগবে বলা নেই, এইসব ক্ষেত্রে তাই nice to hear, sad to know ইত্যাদি ব্যবহার হয় । It will be nice to hear the new song-ও ঠিক হত । Everybody will love to hear the new song একদম ভুল না হলেও একদম ঠিকও নয় ।"
                      },
                      {
                        "description": "",
                        "image1": "",
                        "name": "BCP4-Lesson3 (4)",
                        "text1": "দীপক খবরটা জানলে দুঃখিত হবে",
                        "text2": "Dipak will be sad to know the news. <br> <br>আগে জানবে পরে দুঃখিত হবে, কিন্তু ইংরিজিতে হয় sad to know । Dipak will sad কখনো হবে না, কারণ sad কোন verb নয়, adjective । তাই will be sad হবে । will know to be sad ভুল । দীপক কি হবে, না sad হবে । তাই Dipak will be sad । এখন কি করলে sad হবে, না to know the news - খবরটা জানলে ।"
                      },
                      {
                        "description": "",
                        "image1": "",
                        "name": "BCP4-Lesson3 (5)",
                        "text1": "আমি গল্পটা বলতে আনন্দ পাব",
                        "text2": "I shall be happy to tell the story. <br> <br>বলতে আনন্দিত হওয়া বা আনন্দ পাওয়া - happy to tell । গল্প বলা যে tell story (say নয়), সেটা আমরা আগেও দেখেছি । I shall happy ভুল, কারণ happy কোন verb  নয় । I shall tell the story to be happy-ও ঠিক নয়, কারণ আনন্দ পেতে আমি গল্পটা বলব তা নয়, বলতে আনন্দ পাব ।"
                      },
                      {
                        "description": "",
                        "image1": "",
                        "name": "BCP4-Lesson3 (6)",
                        "text1": "ওরা তখন সমুদ্রে ঝাঁপাতে তাড়াতাড়ি করবে",
                        "text2": "Then they will be quick to jump into the sea. <br> <br>তাড়াতাড়ি করে ঝাঁপানো - quick to jump । সমুদ্রে মানে সমুদ্রের ভেতর - into the sea । will jump quickly-ও লেখা যায়, তবে will jump to be quick ভুল ।"
                      },
                      {
                        "description": "",
                        "image1": "",
                        "name": "BCP4-Lesson3 (7)",
                        "text1": "২০ ১৯-এর চেয়ে বেশী",
                        "text2": "20 is more than 19. <br> <br>১৯-এর চেয়ে বেশী - more than 19 । এটা ভুল - 19 is more than 20 । এটাও ভুল - 20 is more 19 ।"
                      },
                      {
                        "description": "",
                        "image1": "",
                        "name": "BCP4-Lesson3 (8)",
                        "text1": "২৫ ৩৬-এর চেয়ে কম",
                        "text2": "25 is less than 36. <br> <br>৩৬-এর চেয়ে কম - less than 36 । more than-এর উলটো less than । 25 is less 19 ভুল ।"
                      },
                      {
                        "description": "",
                        "image1": "",
                        "name": "BCP4-Lesson3 (9)",
                        "text1": "তরমুজ আমের চেয়ে বড়",
                        "text2": "Water melon is bigger than mango. <br> <br>তরমুজ - water melon । এখানে বড় অর্থে bigger হল, larger হল না । তরমুজ বড় - water melon is big, তরমুজ অন্য কিছুর চেয়ে বড় - water melon is bigger than । The water melon বা the mango হবে না, এখানে আম বা তরমুজের জাতিকে বোঝানো হচ্ছে, কোন নির্দিষ্ট আম বা তরমুজকে নয় ।"
                      },
                      {
                        "description": "",
                        "image1": "",
                        "name": "BCP4-Lesson3 (10)",
                        "text1": "আপেল তরমুজের চেয়ে ছোট",
                        "text2": "Apple is smaller than water melon. <br> <br>Bigger-এর উলটো smaller । যার চেয়ে ছোট, তার আগে smaller than বসবে ।"
                      },
                      {
                        "description": "",
                        "image1": "",
                        "name": "BCP4-Lesson3 (11)",
                        "text1": "কুতুব মিনার একটি ১০ তলা বাড়ির চেয়ে লম্বা",
                        "text2": "The Qutab Minar is taller than a 10-storey building. <br> <br>চেয়ে লম্বা - taller than, তলা - storey, বাড়ি - এখানে building বলা হয়েছে ।  এক্ষেত্রে higher than-ও চলতে পারে । taller than বসল যার থেকে taller তার আগে । more taller ভুল ইংরিজি ।"
                      },
                      {
                        "description": "",
                        "image1": "",
                        "name": "BCP4-Lesson3 (12)",
                        "text1": "জিৎ কি দেবের চেয়ে বেঁটে ?",
                        "text2": "Is Jit shorter than Deb ? <br> <br>চেয়ে বেঁটে - shorter । Smaller এক্ষেত্রে ভুল প্রয়োগ হবে । প্রশ্ন আছে বলে subject আর verb উলটো বসল । More shorter ভুল ইংরিজি ।"
                      }
]