[
                      {
                        "description": "",
                        "image1": "",
                        "name": "BCP4-Lesson7 (1)",
                        "text1": "তুমি কি রান্না করতে পারো ?",
                        "text2": "Can you cook ? <br> <br>এটাও ক্ষমতা বোঝাচ্ছে, তাই can হল । উত্তর - you can cook । প্রশ্ন - can you cook ? ভুল - can you to cook । যে রান্না করে তাকেও cook বলে । noun-ও cook, verb-ও cook । 'কি' আছে বলে what দেবে না, what can you cook মানে 'তুমি কোন কোন রান্না করতে পারো' ।"
                      },
                      {
                        "description": "",
                        "image1": "",
                        "name": "BCP4-Lesson7 (2)",
                        "text1": "তুমি কি রান্না করতে পারো না ?",
                        "text2": "Can you not cook ? <br> <br>আগেরই মত । \"পারা\" বোঝাচ্ছে, তাই can । can not you cook-ও ঠিক ।"
                      },
                      {
                        "description": "",
                        "image1": "",
                        "name": "BCP4-Lesson7 (3)",
                        "text1": "আমি কি আজ তোমার জন্য রান্না করতে পারি ?",
                        "text2": "May I cook for you today ? <br> <br>এটা ক্ষমতা নয়, আবার সম্ভাবনাও নয়, এটা অনুমতি প্রার্থনা করা । অনুমতি প্রার্থনা করলে may ব্যবহার হয় । অতএব ক্ষমতা থাকলে can, আর সম্ভাবনা বা অনুমতি প্রার্থনা থাকলে may । For you দিয়ে শুরু করা ঠিক নয় । কিন্তু এটা ঠিক - May I cook today for you ?"
                      },
                      {
                        "description": "",
                        "image1": "",
                        "name": "BCP4-Lesson7 (4)",
                        "text1": "জুয়েল আজ তোমার জন্য রান্না না-ও করতে পারে",
                        "text2": "Jewel may not cook for you today. <br> <br>May হল, কারণ সম্ভাবনা আছে । আর may not হল ঠিক can not-এর ধাঁচে । লক্ষ্য কর, may-র পরেও verb-এর কোনো পরিবর্তন হল না ।"
                      },
                      {
                        "description": "",
                        "image1": "",
                        "name": "BCP4-Lesson7 (5)",
                        "text1": "জাকারিয়া কি আগামীকাল তোমার বাড়ি যেতে পারে ?",
                        "text2": "May Jakaria go to your house tomorrow ? <br> <br>এটাও অনুমতি চাওয়া, তাই may ব্যবহার হল । on tomorrow ভুল । go your home-ও ভুল । go to your house লিখতে হবে ।"
                      },
                      {
                        "description": "",
                        "image1": "",
                        "name": "BCP4-Lesson7 (6)",
                        "text1": "খোকন কাজটা করতে সমর্থ । কিন্তু ও আজ ওটা না-ও করতে পারে ।",
                        "text2": "Khokon can do the work. But he may not do that today. <br> <br>প্রথম বাক্যে ক্ষমতা, আর দ্বিতীয় বাক্যে সম্ভাবনা । work the work কখনো লিখবে না । on tomorrow-র মত on today-ও ভুল ।"
                      },
                      {
                        "description": "",
                        "image1": "",
                        "name": "BCP4-Lesson7 (7)",
                        "text1": "আমার ছেলে কি আপনার কাছে ইংরিজি শিখতে পারে ?",
                        "text2": "May my son learn English from you ? <br> <br>অনুমতি আছে বলে  may । ইংরিজি শেখা - learn English । ভুল - English learn বা know English বা teach English । আপনার কাছে - from you, কারণ করে নিতে হবে \"আপনার কাছ থেকে\" । to you বা near you লিখলে ভুল হবে । 'ইংরিজিকে শেখা' বোঝাছে তাই learn to English ইত্যাদি লিখলে ভুল হবে ।"
                      },
                      {
                        "description": "",
                        "image1": "",
                        "name": "BCP4-Lesson7 (8)",
                        "text1": "আমি অঙ্ক ভালো পারি",
                        "text2": "I can do Mathematics well. <br> <br>লক্ষ্য কর, বাঙলাটা আছে \"ভালো পারি\", যদিও মানে বোঝাতে চায় \"ভালো করতে পারি\" । তাই সেইভাবে সাজিয়ে নিয়ে can do Mathematics হল । \"ভালো পারা\" আছে বলে শুধু can দিয়ে I can Mathematics well লেখা ভুল, কারণ can-এর পর কোন না কোন verb বসবেই । যেমন can to do ভুল ইংরিজি, তেমনই I can do Mathematics good-ও ভুল । \"পারা\"-কে ভাব প্রদান করছে \"ভালো\" দিয়ে, তাই well বসবে (adverb) । good হল adjective, এখানে যেটা ব্যবহার হয় নি ।"
                      },
                      {
                        "description": "",
                        "image1": "",
                        "name": "BCP4-Lesson7 (9)",
                        "text1": "মিজানুর ১২ বছর আগে হাঁটতে পারত",
                        "text2": "Mijanur could walk 12 years back. <br> <br>এটাও \"পারা\" অর্থাৎ ক্ষমতা, কিন্তু অতীতকালে । তাই can না হয়ে could হল । হাঁটা কিন্তু go নয়, walk । ১২ বছর আগে - 12 years back (বা ago) । Mijanur could walk before 12 years লিখলে বোঝাতো, মিজানুরের বয়স ১২ বছর হওয়ার আগে সে হাঁটতে পারত । অতএব সেটা ভুল হত ।"
                      },
                      {
                        "description": "",
                        "image1": "",
                        "name": "BCP4-Lesson7 (10)",
                        "text1": "তুমি খেলাটা দেখতে যেতে পারতে",
                        "text2": "You could go to watch the match. <br> <br>অতীতে পারা বলে could হল, can হল না । দেখতে যাওয়া - go to watch (watch to go নয়) । see-এর চেয়ে এক্ষেত্রে watch ভালো ব্যবহার, যেহেতু খেলা দেখা আছে (watch the match) । একটা নির্দিষ্ট খেলার অনুষ্ঠান বলে match হল । ক্রিকেট নামক খেলাকে বোঝাতে the game of cricket লেখা হয়, সেখানে আবার match of cricket  ভুল হবে ।"
                      },
                      {
                        "description": "",
                        "image1": "",
                        "name": "BCP4-Lesson7 (11)",
                        "text1": "তোমরা পরশু জিততে পারলে না ?",
                        "text2": "Could you not win day before yesterday ? <br> <br>কর্তা -  you, কাল - অতীত, ভাব - \"না পারা\" । তাই উত্তর - you could not win । এবার প্রশ্ন - Could you not win ? গত পরশু অর্থে day before yesterday হয় - গতকালের আগের দিন । can you ব্যবহার করলে ভুল হবে ।"
                      },
                      {
                        "description": "",
                        "image1": "",
                        "name": "BCP4-Lesson7 (12)",
                        "text1": "কিছুদিন আগে নাফসিনা ঘুমোতে পারত না । কিন্তু এখন পারে ।",
                        "text2": "Nafsina could not sleep few days back. Now she can. <br> <br>ঘুমোতে পারত না - could not sleep । কিছুদিন আগে - few days back, কিছুদিন বোঝাতে few হল । before few days ঠিক নয় । পরের বাক্যে \"সে\" নেই, কিন্তু ইংরিজিতে she দিতেই হবে, now can ঠিক হবে না । প্রথম বাক্যে could বসল, দ্বিতীয় বাক্যে can, - এটা খেয়াল কর ।"
                      },
                      {
                        "description": "",
                        "image1": "",
                        "name": "BCP4-Lesson7 (13)",
                        "text1": "আমি এই কাজটা পারছি না",
                        "text2": "I am not being able to do this work. <br> <br>I can not do this work বললে ভাব ঠিক আসছে না, কারণ খানিকটা সময় ধরে আমি পারছি না । I am not able to do this work বললেও I can not do this work-এর ভাব আসছে, \"পারছি না\" এই ভাব আসছে না । তাই I am not being able to do this work হল । এই বিশেষ ব্যবহারটা মনে রাখবে । not being able-এর মধ্যেই \"পারছি না\"-র ভাবটা আছে । I am not canning ডাহা ভুল ।"
                      }
]