[
                      {
                        "description": "",
                        "image1": "",
                        "name": "BGP1-Lesson1 (1)",
                        "text1": "আমি ফুটবল খেলা ভালবাসি",
                        "text2": "I like playing football. <br> <br>এখানে ফুটবল খেলা মানে game of football নয়, 'ফুটবল খেলতে' । 'ফুটবল খেলা' - playing football (football playing নয়) । এই ব্যবহারকে বলে gerund । gerund ব্যবহার হয় verb-এর সঙ্গে ing যোগ করে, কিন্তু noun বোঝাতে । এখানে 'ফুটবল খেলা' (playing football) একটি noun । তাই হল I like playing football । আবার I like to play football লিখলেও খুব ভুল হত না ।"
                      },
                      {
                        "description": "",
                        "image1": "",
                        "name": "BGP1-Lesson1 (2)",
                        "text1": "ফুটবল খেলা স্বাস্থ্যের পক্ষে ভালো",
                        "text2": "Playing football is good for health. <br> <br>এখানেও 'ফুটবল খেলা' একটি noun । এখানে ফুটবল খেলা মানে game of football বোঝাচ্ছে না, playing football বোঝাচ্ছে । Football is good for health লিখলে ভাব ঠিক আসত না, কারণ ফুটবল খেলাটা স্বাস্থ্যের পক্ষে ভাল, শুধু ফুটবল নয় । স্বাস্থ্যের পক্ষে - for health ।"
                      },
                      {
                        "description": "",
                        "image1": "",
                        "name": "BGP1-Lesson1 (3)",
                        "text1": "আমি কবিতা পড়া ভালবাসি",
                        "text2": "I like reading poetry. <br> <br>আগের মতই । কবিতা পড়া - reading poetry (poetry reading নয়) । এখানে 'reading poetry' একটি noun-এর মত ব্যবহার হচ্ছে, তাই হল I like reading poetry ।"
                      },
                      {
                        "description": "",
                        "image1": "",
                        "name": "BGP1-Lesson1 (4)",
                        "text1": "কবিতা পড়া আমায় আনন্দ দেয়",
                        "text2": "Reading poetry gives me happiness. <br> <br>এখানেও 'reading poetry' noun হিসেবে ব্যবহার হল । reading হল একটি gerund-এর ব্যবহার । এই gerund-এর ভেতরে verb-এর জোরও থাকে আবার noun-এর জোরও থাকে । যেমন 'কবিতা পড়া', 'ফুটবল খেলা', 'উপন্যাস লেখা' ইত্যাদি । কিন্তু এটা noun হিসেবে ব্যবহার হয় ।"
                      },
                      {
                        "description": "",
                        "image1": "", 
                        "name": "BGP1-Lesson1 (5)",
                        "text1": "সে উপন্যাস লেখা ভালবাসে",
                        "text2": "He loves writing novels. <br> <br>উপন্যাস লেখা - writing novels । উত্তর - লিখতে ভালোবাসে হলে, হত love to writing novels । সেটা লিখলেও খুব ভুল হত না, কিন্তু যেহেতু 'উপন্যাস লেখা' আছে তাই writing novels লেখা হল ।"
                      },
                      {
                        "description": "",
                        "image1": "",
                        "name": "BGP1-Lesson1 (6)",
                        "text1": "কিন্তু উপন্যাস লেখা কি সোজা কাজ ?",
                        "text2": "But is writing novel an easy work ? <br> <br>উত্তর হল - But writing novel is an easy work । উত্তর এমন হলে, প্রশ্ন হবে - But is writing novel an easy work ?(ভুল - Is but writing novel an easy work) । লক্ষ্য কর এখানে 'writing novel' খুব স্পষ্ট ভাবেই noun হিসেবে ব্যবহার হয়েছে, কারণ তার পরেই is রয়েছে ।"
                      },
                      {
                        "description": "",
                        "image1": "",
                        "name": "BGP1-Lesson1 (7)",
                        "text1": "শিশুরা কোলাহল করা ভালোবাসে",
                        "text2": "Children love making noise. <br> <br>কি ভালোবাসে, না 'কোলাহল করা' । অতএব কোলাহল করা (making noise) একটা noun । making noise হয়, doing noise হয় না ।"
                      },
                      {
                        "description": "",
                        "image1": "",
                        "name": "BGP1-Lesson1 (8)",
                        "text1": "কিন্তু আমাদের দ্বারা কোলাহল করা এক লজ্জার কথা",
                        "text2": "But making noise by us is shameful. <br> <br>এখানেও স্পষ্ট ভাবে 'making noise by us' একটি noun, কারণ তার পরে is আছে । shameful - লজ্জার কথা । is a shame-ও লেখা যায় ।"
                      },
                      {
                        "description": "",
                        "image1": "",
                        "name": "BGP1-Lesson1 (9)",
                        "text1": "কিচ্ছু না করে আমি আর চালাতে পারছি না",
                        "text2": "I can not go on doing nothing. <br> <br>এবারে লক্ষ্য কর, কি করে আমি চালাতে পারছি না, না 'কিছু না করে' । আমি চালাতে পারছি না - I can not go on, কিছু না করে - doing nothing । এখানে not doing anything-ও লেখা যেত । Doing nothing I can not go on লিখলে খুব ভুল হয় না ।"
                      },
                      {
                        "description": "",
                        "image1": "",
                        "name": "BGP1-Lesson1 (10)",
                        "text1": "কিচ্ছু না করা আমায় অসুস্থ করে দেয়",
                        "text2": "Doing nothing makes me sick. <br> <br>এখানে doing nothing বা not doing anything স্পষ্ট ভাবেই noun, কারণ তার পরেই verb 'makes' রয়েছে । অসুস্থ করে - does me sick নয়, makes me sick । ভুল ইংরিজি - makes sick to me ।"
                      },
                      {
                        "description": "",
                        "image1": "",
                        "name": "BGP1-Lesson1 (11)",
                        "text1": "এখনকার মত খেলা বন্ধ কর",
                        "text2": "Stop playing for now. <br> <br>খেলা বন্ধ করা - stop playing (play stopping নয়) । যেহেতু এখানে নির্দ্দেশ হচ্ছে, তাই প্রথমেই stop playing হল । শুধু 'এখন' বলা থাকলে now হত, 'এখনকার মত' আছে বলে for now হল ।"
                      },
                      {
                        "description": "",
                        "image1": "",
                        "name": "BGP1-Lesson1 (12)",
                        "text1": "একই কথা বলে যেও না",
                        "text2": "Do not keep saying the same thing. <br> <br>যখনই খানিকটা সময় ধরে 'বলা', 'কাজ করা', 'হাঁটা' ইত্যাদি বোঝানো হয়, তখনই 'keep' verb-টি ব্যবহার করবে । যেমন keep saying, keep working, keep walking । এখানে gerund 'saying the same thing' - হল একটি noun । শুধু same thing লিখলে হবে না, 'the same thing' লিখতে হবে, কারণ দুটি জিনিস যদি একই (same) হয়, তবে সেটি নির্দ্দিষ্ট হয়ে গেল, তাই the ব্যবহার করতে হবে ।"
                      }
]
                      