[
                      {
                        "description": "",
                        "image1": "",
                        "name": "BGP1-Lesson2 (1)",
                        "text1": "আমায় সাঁতার শেখাও",
                        "text2": "Teach me swimming. <br> <br>Swimming এখানে noun, verb নয় । কি শেখাবে, না swimming । তাই হল Teach me swimming, কারণ এইখানে নির্দ্দেশ বোঝানো হচ্ছে । Teach me how to swim - লিখলেও ভুল হত না । teach to me হবে না ।"
                      },
                      {
                        "description": "",
                        "image1": "",
                        "name": "BGP1-Lesson2 (2)",
                        "text1": "নেওয়ার চেয়ে দেওয়া ভাল",
                        "text2": "Giving is better than taking. <br> <br>এখানে দুটি gerund-এর ব্যবহার আছে giving আর taking । 'নেওয়া' এখানে noun, verb নয় । Give is better than take - ভুল ইংরিজি, কারণ 'নেওয়া' এই কাজটা হল taking ।"
                      },
                      {
                        "description": "",
                        "image1": "",
                        "name": "BGP1-Lesson2 (3)",
                        "text1": "দেখলে বিশ্বাস হয়",
                        "text2": "Seeing is believing. <br> <br>সাজিয়ে নাও, দেখার অর্থ বিশ্বাস করা । দেখা - seeing, বিশ্বাস করা - believing । লক্ষ্য কর believing এখানে noun । এখানে is believing - present continuous tense নয় । believe is see - ভুল ইংরিজি । I see to believe বা I believe to see এগুলিও ঠিক নয় ।"
                      },
                      {
                        "description": "",
                        "image1": "",
                        "name": "BGP1-Lesson2 (4)",
                        "text1": "যা আমি সবচেয়ে ঘৃণা করি তা হল ধূমপান করা",
                        "text2": "What I hate most is smoking. <br> <br>লক্ষ্য কর, এখানে দুটি noun আছে । এক, 'what I hate most' এবং দুই, 'smoking' । এভাবেও লেখা যেত smoking is what I hate most । এখানে what দিতেই হবে, কারণ I hate most is smoking - ভুল ইংরিজি । that বা which এখানে ভুল ব্যবহার, what-ই দিতে হবে ।"
                      },
                      {
                        "description": "",
                        "image1": "",
                        "name": "BGP1-Lesson2 (5)",
                        "text1": "আমি হেঁটে হেঁটে ক্লান্ত",
                        "text2": "I am tired of walking. <br> <br>এটি একটি বিশেষ ব্যবহার । কিসে ক্লান্ত, না 'হাঁটায় ক্লান্ত', তাই tired of walking (tired walking নয়) হল । হাঁটা (noun) - walking ।"
                      },
                      {
                        "description": "",
                        "image1": "",
                        "name": "BGP1-Lesson2 (6)",
                        "text1": "উপন্যাস পড়া সবসময় খারাপ নয়",
                        "text2": "Reading of novels is not always bad. <br> <br>আগের মতই, এটিও একটি বিশেষ ব্যবহার । এখানে লক্ষ্য কর, উপন্যাস পড়া - reading novels-ও লেখা যেত, কিন্তু reading of novels বোঝাতে, উপন্যাসের পড়া এই রকম  বোঝানো  হল । is always not bad - ভুল ইংরিজি ।"
                      },
                      {
                        "description": "",
                        "image1": "",
                        "name": "BGP1-Lesson2 (7)",
                        "text1": "পাখিদের গান করার সময় এসে গেছে",
                        "text2": "The time of the singing of the birds has come. <br> <br>আগের মতই, এখানে কিন্তু the time of bird's singing - ঠিক ইংরিজি হবে না । singing of the birds লিখতেই হবে । লক্ষ্য কর, 'সময় এসে গেছে' তাই time has come হল । সুতরাং time দিয়েই বাক্যের শুরু করতে হবে । গান করা(noun) - singing ।"
                      },
                      {
                        "description": "",
                        "image1": "",
                        "name": "BGP1-Lesson2 (8)",
                        "text1": "আমের প্রমাণ তাকে খাওয়ার মধ্যে",
                        "text2": "The proof of mango is in its eating. <br> <br>আম কেমন খেতে, তার প্রমাণ পেতে হলে তাকে খেতে হবে, এই হল অর্থ । আমের প্রমাণ - proof of mango । 'তাকে খাওয়া' নামক কাজ(noun) করাতে - in its eating ।"
                      },
                      {
                        "description": "",
                        "image1": "",
                        "name": "BGP1-Lesson2 (9)",
                        "text1": "উত্তর দেওয়ার চেয়ে প্রশ্ন করা সোজা",
                        "text2": "Asking questions is easier than answering them. <br> <br>প্রশ্ন করা(noun) - asking question । উত্তর দেওয়া - answering (giving answer to them-ও হয়) । এখানে প্রশ্ন করাটা (noun) বাক্যের subject, তাই asking question দিয়ে শুরু হল । easier - বানানটা লক্ষ্য কর ।"
                      },
                      {
                        "description": "",
                        "image1": "",
                        "name": "BGP1-Lesson2 (10)",
                        "text1": "একজনকে ভালবাসার চেয়ে সকলকে ভালবাসা ভালো",
                        "text2": "Loving all is better than loving one. <br> <br>loving all - সকলকে ভালোবাসা, loving one - একজনকে ভালোবাসা । loving all (noun) যেহেতু বেশী ভাল, তাই সেটাই বাক্যের subject হিসেবে ব্যবহার হল । all loving বা one loving ভুল ইংরিজি ।"
                      },
                      {
                        "description": "",
                        "image1": "",
                        "name": "BGP1-Lesson2 (11)",
                        "text1": "তোমার আমায় ব্যক্তিগত প্রশ্ন করা আমার ভালো লাগে না",
                        "text2": "I do not like you asking me personal questions. <br> <br>সাজিয়ে নাও, 'আমার ভালো লাগে না', কি ভালো লাগে না, না 'তোমার আমায় ব্যক্তিগত প্রশ্ন করা', যেটা হল (সবটা মিলিয়ে) একটা noun এবং যার ইংরিজি হল - you asking me personal questions । তাই পুরোটা হল - I do not like you asking me personal questions । I do not like you to ask me - লিখলেও খুব ভুল হত না ।"
                      },
                      {
                        "description": "",
                        "image1": "",
                        "name": "BGP1-Lesson2 (12)",
                        "text1": "আমি এখানে বসলে আপনি কি কিছু মনে করবেন ?",
                        "text2": "Do you mind me sitting here ? <br> <br>আপনি কি কিছু মনে করবেন - do you mind । কি মনে করবেন, না আমার এখানে বসা (সবটা মিলিয়ে একটা noun) - me sitting here (I sitting here নয়) । Do you mind if I sit here - লিখলেও ঠিক হত । কথোপকথন বলে do you mind লেখা হল । will you mind লিখলেও ঠিক হত । "
                      },
                      {
                        "description": "",
                        "image1": "",
                        "name": "BGP1-Lesson2 (13)",
                        "text1": "সুদেষ্ণা অমিতাভকে বিবাহ করার কথা ভাবছিল",
                        "text2": "Sudeshna was thinking of marrying Amitava. <br> <br>সুদেষ্ণা ভাবছিল - Sudeshna was thinking । কি ভাবছিল, না 'অমিতাভকে বিবাহ করার কথা' - marrying Amitava । তাই thinking of marrying Amitava হল । thinking marrying Amitava - ভুল হত,  আর ভুল হত thinking to marrying Amitava । আবার ঠিক হত - thinking to marry Amitava, কিন্তু সেটা gerund-এর ব্যবহার হত না ।"
                      },
                      {
                        "description": "",
                        "image1": "",
                        "name": "BGP1-Lesson2 (14)",
                        "text1": "মিথ্যে বলার জন্য তাকে শাস্তি দেওয়া হয়েছিল",
                        "text2": "He was punished for telling a lie. <br> <br>আগের বাক্যটির মতই এটির ব্যবহার, মিথ্যে বলা - telling a lie । এখানে passive voice-এর ব্যবহার লক্ষ্য কর - he was punished for । কিসের জন্য শাস্তি হল, না telling a lie । ভুল ইংরিজি - saying a lie । শাস্তি দেওয়া (verb) - punish ।"
                      }
]