[
    {
        "words": {
          "handover.jpg": "",
          "callup.jpg": "",
          "comeby.jpg": "",
          "giveaway.jpg": "GIVE AWAY"
        }
    },
    {
        "words": {
          "givein.jpg": "GIVE IN",
          "carryout.jpg": "",
          "holdup.jpg": "",
          "fallthrough.jpg": ""
        }
    },
    {
        "words": {
          "dealin.jpg": "",
          "giveup.jpg": "GIVE UP",
          "callon.jpg": "",
          "comeby.jpg": ""
        }
    },
    {
        "words": {
          "bearwith.jpg": "",
          "calloff.jpg": "",
          "gothrough.jpg": "GO THROUGH",
          "bringout.jpg": ""
        }
    },
    {
        "words": {
          "handover.jpg": "HAND OVER",
          "carryout.jpg": "",
          "comeby.jpg": "",
          "giveaway.jpg": ""
        }
    },
    {
        "words": {
          "holdup.jpg": "HOLD UP",
          "calloff.jpg": "",
          "callon.jpg": "",
          "bringup.jpg": ""
        }
    },
    {
        "words": {
          "dealin.jpg": "",
          "keepup.jpg": "KEEP UP",
          "comeround.jpg": "",
          "breakdown.jpg": ""
        }
    }
]