[
    {
        "words": {
          "givein.jpg": "",
          "breakout.jpg": "",
          "comeround.jpg": "COME ROUND",
          "giveaway.jpg": ""
        }
    },
    {
        "words": {
          "dealin.jpg": "DEAL IN",
          "giveup.jpg": "",
          "fallout.jpg": "",
          "gothrough.jpg": ""
        }
    },
    {
        "words": {
          "giveaway.jpg": "",
          "callup.jpg": "",
          "bearwith.jpg": "",
          "doawaywith.jpg": "DO AWAY WITH"
        }
    },
    {
        "words": {
          "givein.jpg": "",
          "keepup.jpg": "",
          "fallout.jpg": "FALL OUT",
          "breakdown.jpg": ""
        }
    },
    {
        "words": {
          "bearwith.jpg": "",
          "fallthrough.jpg": "FALL THROUGH",
          "bringout.jpg": "",
          "doawaywith.jpg": ""
        }
    },
    {
        "words": {
          "giveaway.jpg": "",
          "backup.jpg": "",
          "getup.jpg": "GET UP",
          "bringup.jpg": ""
        }
    }
]