[
    {
        "words": {
          "holdup.jpg": "",
          "calloff.jpg": "CALL OFF",
          "doawaywith.jpg": "",
          "callup.jpg": ""
        }
    },
    {
        "words": {
          "getup.jpg": "",
          "comeacross.jpg": "",
          "callon.jpg": "CALL ON", 
          "giveaway.jpg": ""
        }
    },
    {
        "words": {
          "calloff.jpg": "",
          "giveup.jpg": "",
          "bringup.jpg": "",
          "callup.jpg": "CALL UP"
        }
    },
    {
        "words": {
          "breakout.jpg": "",
          "carryout.jpg": "CARRY OUT",
          "backup.jpg": "",
          "fallthrough.jpg": ""
        }
    },
    {
        "words": {
          "handover.jpg": "",
          "comeacross.jpg": "COME ACROSS",
          "keepup.jpg": "",
          "comeby.jpg": ""
        }
    },
    {
        "words": {
          "dealin.jpg": "",
          "callon.jpg": "",
          "comeby.jpg": "COME BY",
          "bringout.jpg": ""
        }
    }
]