[
                      { 
                        "image1": "backup",             
                        "name": "Bgv1-Lesson1 (1)", 
                        "ltext1": "",
                        "rtext1": "<br> <br>&nbsp;&nbsp;&nbsp;&nbsp;&nbsp;<font color='#ED7745'>Back up</font> <br> <br> <br>&nbsp;&nbsp;&nbsp;&nbsp;&nbsp;সমর্থন জোগানো",
                        "utext1": "",
                        "dtext1": "",
                        "text1": "She is <font color='#ED7745'>backed up</font> (<i>supported</i>) by her husband. <br> <br>সে তার স্বামীর সহযোগিতা পায় । <br> <br> <br><font color='#ED7745'>Back up</font> (<i>make strong/support</i>) your arguments with facts. <br> <br>তোমার যুক্তিকে তথ্য দিয়ে জোরালো কর ।",
                        "description": ""
                      },
                      { 
                        "image1": "bearwith",             
                        "name": "Bgv1-Lesson1 (2)", 
                        "ltext1": "",
                        "rtext1": "<br> <br>&nbsp;&nbsp;&nbsp;&nbsp;&nbsp;<font color='#ED7745'>Bear with</font> <br> <br> <br>&nbsp;&nbsp;&nbsp;&nbsp;&nbsp;সহ্য করা, ধৈর্য্য রাখা",
                        "utext1": "",
                        "dtext1": "",
                        "text1": "Who can <font color='#ED7745'>bear with</font> (<i>tolerate</i>) such mosquito bites ! <br> <br>কে এমন মশার কামড় সহ্য করতে পারে ! <br> <br> <br>Please <font color='#ED7745'>bear with</font> (<i>be patient with</i>) me as I take a phone call. <br> <br>দয়া করে ধৈর্য্য রাখুন, আমি একটা ফোন ধরি ।",
                        "description": ""
                      },
                      { 
                        "image1": "breakdown",             
                        "name": "Bgv1-Lesson1 (3)", 
                        "ltext1": "",
                        "rtext1": "<br> <br>&nbsp;&nbsp;&nbsp;&nbsp;&nbsp;<font color='#ED7745'>Break down</font> <br> <br> <br>&nbsp;&nbsp;&nbsp;&nbsp;&nbsp;ভেঙে পড়া, খারাপ হওয়া",
                        "utext1": "",
                        "dtext1": "",
                        "text1": "His health was fine in 2009, but <font color='#ED7745'>broke down</font> (<i>failed totally</i>) by 2014. <br> <br>তার স্বাস্থ্য ২০০৯-এ ভাল ছিল, কিন্তু ২০১৪-এর মধ্যে ভেঙে পড়েছিল । <br> <br> <br>The car <font color='#ED7745'>broke down</font> (<i>collapsed</i>) in the middle of the road. <br> <br>গাড়িটা রাস্তার মধ্যিখানে খারাপ হয়ে গেছিল ।",
                        "description": ""
                      },
                      { 
                        "image1": "breakout",             
                        "name": "Bgv1-Lesson1 (4)", 
                        "ltext1": "",
                        "rtext1": "<br> <br>&nbsp;&nbsp;&nbsp;&nbsp;&nbsp;<font color='#ED7745'>Break out</font> <br> <br> <br>&nbsp;&nbsp;&nbsp;&nbsp;&nbsp;প্রাদুর্ভাব ঘটা",
                        "utext1": "",
                        "dtext1": "",
                        "text1": "Cholera has <font color='#ED7745'>broken out</font> (<i>spread suddenly</i>) in the village. <br> <br>গ্রামটিতে কলেরার প্রাদুর্ভাব ঘটেছে । <br> <br> <br>What caused this violence to <font color='#ED7745'>break out</font> (<i>arise suddenly</i>) ? <br> <br>কী কারণে এই হিংস্রতার উদ্ভব হল ?",
                        "description": ""
                      },
                      { 
                        "image1": "bringout",             
                        "name": "Bgv1-Lesson1 (5)", 
                        "ltext1": "",
                        "rtext1": "<br> <br>&nbsp;&nbsp;&nbsp;&nbsp;&nbsp;<font color='#ED7745'>Bring out</font> <br> <br> <br>&nbsp;&nbsp;&nbsp;&nbsp;&nbsp;প্রকাশ করা",
                        "utext1": "",
                        "dtext1": "",
                        "text1": "Chhaya prakashani <font color='#ED7745'>brings out</font> (<i>publishes</i>) new books very frequently. <br> <br>ছায়া প্রকাশনী ঘনঘন নতুন বই প্রকাশ করে । <br> <br> <br>One day the truth will be <font color='#ED7745'>brought out</font> (<i>brought to light</i>). <br> <br>একদিন সত্য প্রকাশিত হবে ।",
                        "description": ""
                      },
                      { 
                        "image1": "bringup",             
                        "name": "Bgv1-Lesson1 (6)", 
                        "ltext1": "",
                        "rtext1": "<br> <br>&nbsp;&nbsp;&nbsp;&nbsp;&nbsp;<font color='#ED7745'>Bring up</font> <br> <br> <br>&nbsp;&nbsp;&nbsp;&nbsp;&nbsp;লালন পালন করা, উত্থাপন করা",
                        "utext1": "",
                        "dtext1": "",
                        "text1": "She was <font color='#ED7745'>brought up</font> (<i>reared</i>) by her step mother. <br> <br>সে তার সৎমায়ের কাছে লালিত পালিত হয়েছিল । <br> <br> <br>The members could not <font color='#ED7745'>bring</font> the topic <font color='#ED7745'>up</font> (<i>mention</i>) at the meeting. <br> <br>সদস্যরা সভায় বিষয়টা উত্থাপন করতে পারল না ।",
                        "description": ""
                      }
]