[
                      { 
                        "image1": "giveaway",             
                        "name": "Bgv1-Lesson4 (1)", 
                        "ltext1": "",
                        "rtext1": "<br> <br>&nbsp;&nbsp;&nbsp;&nbsp;&nbsp;<font color='#ED7745'>Give away</font> <br> <br> <br>&nbsp;&nbsp;&nbsp;&nbsp;&nbsp;বিতরণ করা, বার করা",
                        "utext1": "",
                        "dtext1": "",
                        "text1": "The president <font color='#ED7745'>gave away</font> (<i>distributed</i>) the medals. <br> <br>সভাপতি মেডেলগুলি বিতরণ করেছিলেন । <br> <br> <br>He did not <font color='#ED7745'>give away</font> (<i>reveal</i>) anything about the secret meeting. <br> <br>সে গোপন সভাটি সম্বন্ধে কোন তথ্যই বার করেনি ।",
                        "description": ""
                      },
                      { 
                        "image1": "givein",             
                        "name": "Bgv1-Lesson4 (2)", 
                        "ltext1": "",
                        "rtext1": "<br> <br>&nbsp;&nbsp;&nbsp;&nbsp;&nbsp;<font color='#ED7745'>Give in</font> <br> <br> <br>&nbsp;&nbsp;&nbsp;&nbsp;&nbsp;বশ্যতা স্বীকার করা",
                        "utext1": "",
                        "dtext1": "",
                        "text1": "The enemy <font color='#ED7745'>gave in</font> (<i>surrendered</i>) at last. <br> <br>শত্রুটি শেষ পর্যন্ত বশ্যতা স্বীকার করেছিল । <br> <br> <br>Which husband does not <font color='#ED7745'>give in</font> (<i>surrender</i>) to his wife ! <br> <br>কোন স্বামী না আর তার স্ত্রীর বশ্যতা স্বীকার করে !",
                        "description": ""
                      },
                      { 
                        "image1": "giveup",             
                        "name": "Bgv1-Lesson4 (3)", 
                        "ltext1": "",
                        "rtext1": "<br> <br>&nbsp;&nbsp;&nbsp;&nbsp;&nbsp;<font color='#ED7745'>Give up</font> <br> <br> <br>&nbsp;&nbsp;&nbsp;&nbsp;&nbsp;হাল ছাড়া, ত্যাগ করা",
                        "utext1": "",
                        "dtext1": "",
                        "text1": "Do not ever <font color='#ED7745'>give up</font> (<i>leave hope</i>). <br> <br>কখনই হাল ছেড়ো না । <br> <br> <br>But <font color='#ED7745'>give up</font> (<i>leave</i>) your bad habits. <br> <br>কিন্তু তোমার খারাপ অভ্যাসগুলি ছেড়ে দাও ।",
                        "description": ""
                      },
                      { 
                        "image1": "gothrough",             
                        "name": "Bgv1-Lesson4 (4)", 
                        "ltext1": "",
                        "rtext1": "<br> <br>&nbsp;&nbsp;&nbsp;&nbsp;&nbsp;<font color='#ED7745'>Go through</font> <br> <br> <br>&nbsp;&nbsp;&nbsp;&nbsp;&nbsp;পড়ে শেষ করা, সময় নির্বাহ করা",
                        "utext1": "",
                        "dtext1": "",
                        "text1": "They are <font color='#ED7745'>going through</font> (<i>reading completely</i>) the document carefully. <br> <br>তারা নথিপত্রটি খুব যত্ন সহকারে পড়ে শেষ করছে । <br> <br> <br>We almost <font color='#ED7745'>went through</font> (<i>passed through</i>) hell while working on this project. <br> <br>এই প্রকল্পে কাজ করার সময় আমরা প্রায় নরকের মধ্যে দিয়ে গিয়েছিলাম ।",
                        "description": ""
                      },
                      { 
                        "image1": "handover",             
                        "name": "Bgv1-Lesson4 (5)", 
                        "ltext1": "",
                        "rtext1": "<br> <br>&nbsp;&nbsp;&nbsp;&nbsp;&nbsp;<font color='#ED7745'>Hand over</font> <br> <br> <br>&nbsp;&nbsp;&nbsp;&nbsp;&nbsp;হস্তান্তরিত করা",
                        "utext1": "",
                        "dtext1": "",
                        "text1": "Key was <font color='#ED7745'>handed over</font> (<i>delivered</i>) to the owner of the car. <br> <br>চাবিটি গাড়ীর মালিককে হস্তান্তরিত করা হয়েছিল । <br> <br> <br>The public <font color='#ED7745'>handed over</font> (<i>delivered</i>) the thief to the police. <br> <br>জনতা চোরটিকে পুলিশের হাতে তুলে দিয়েছিল ।",
                        "description": ""
                      },
                      { 
                        "image1": "holdup",             
                        "name": "Bgv1-Lesson4 (6)", 
                        "ltext1": "",
                        "rtext1": "<br> <br>&nbsp;&nbsp;&nbsp;&nbsp;&nbsp;<font color='#ED7745'>Hold up</font> <br> <br> <br>&nbsp;&nbsp;&nbsp;&nbsp;&nbsp;আটকে থাকা, দর্শানো",
                        "utext1": "",
                        "dtext1": "",
                        "text1": "The match is <font color='#ED7745'>held up</font> (<i>delayed</i>) due to rain. <br> <br>ম্যাচটি বৃষ্টির জন্য আটকে আছে । <br> <br> <br>The teacher is <font color='#ED7745'>holding</font> Mijanur's essay <font color='#ED7745'>up</font> (<i>offering as an example</i>) as a model for the students. <br> <br>মাষ্টারমশাই মিজানুরের রচনাটি একটি মডেল রচনা হিসেবে তুলে ধরলেন (দর্শালেন)।",
                        "description": ""
                      },
                      { 
                        "image1": "keepup",             
                        "name": "Bgv1-Lesson4 (7)", 
                        "ltext1": "",
                        "rtext1": "<br> <br>&nbsp;&nbsp;&nbsp;&nbsp;&nbsp;<font color='#ED7745'>Keep up</font> <br> <br> <br>&nbsp;&nbsp;&nbsp;&nbsp;&nbsp;বজায় রাখা, মানিয়ে চলা",
                        "utext1": "",
                        "dtext1": "",
                        "text1": "<font color='#ED7745'>Keep up</font> (<i>maintain</i>) the good work. <br> <br>ভালো কাজ বজায় রাখো । <br> <br> <br>How difficult it is to <font color='#ED7745'>keep up</font> (<i>move or progress at the same rate</i>) with Mr. Smellbad ! <br> <br>মি. স্মেলব্যাডের সঙ্গে মানিয়ে চলা কি শক্ত !",
                        "description": ""
                      }
]