[
                      { 
                        "image1": "takeafter",             
                        "name": "Bgv2-Lesson4 (1)", 
                        "ltext1": "",
                        "rtext1": "<br> <br>&nbsp;&nbsp;&nbsp;&nbsp;&nbsp;<font color='#ED7745'>Take after</font> <br> <br> <br>&nbsp;&nbsp;&nbsp;&nbsp;&nbsp;সদৃশ হওয়া, মিলে যাওয়া",
                        "utext1": "",
                        "dtext1": "",
                        "text1": "Twins often <font color='#ED7745'>take after</font> (<i>look alike</i>) each other. <br> <br>যমজরা প্রায়শ একে অপরের সদৃশ হয় । <br> <br> <br>Netaji <font color='#ED7745'>took after</font> (<i>resembled</i>) Swamiji in character. <br> <br>নেতাজির চরিত্র স্বামিজির চরিত্রের সঙ্গে মিলত ।",
                        "description": ""
                      },
                      { 
                        "image1": "takeoff",             
                        "name": "Bgv2-Lesson4 (2)", 
                        "ltext1": "",
                        "rtext1": "<br> <br>&nbsp;&nbsp;&nbsp;&nbsp;&nbsp;<font color='#ED7745'>Take off</font> <br> <br> <br>&nbsp;&nbsp;&nbsp;&nbsp;&nbsp;খুলে ফেলা, কমানো",
                        "utext1": "",
                        "dtext1": "",
                        "text1": "<font color='#ED7745'>Take off</font> (<i>put off</i>) your shoe outside. <br> <br>তোমার জুতো বাইরে খোলো । <br> <br> <br>The company has <font color='#ED7745'>taken</font> 20 percent <font color='#ED7745'>off</font> (<i>reduced</i>) of the price of its all products. <br> <br>সংস্থাটি তাদের সব পণ্যের দাম ২০% কমিয়েছে ।",
                        "description": ""
                      },
                      { 
                        "image1": "tellupon",             
                        "name": "Bgv2-Lesson4 (3)", 
                        "ltext1": "",
                        "rtext1": "<br> <br>&nbsp;&nbsp;&nbsp;&nbsp;&nbsp;<font color='#ED7745'>Tell on/upon</font> <br> <br> <br>&nbsp;&nbsp;&nbsp;&nbsp;&nbsp;(খারাপ) প্রভাব ফেলা",
                        "utext1": "",
                        "dtext1": "",
                        "text1": "Overeating <font color='#ED7745'>tells upon</font> (<i>affects</i>) our health. <br> <br>অতিরিক্ত খাওয়া আমাদের স্বাস্থ্যের ক্ষতি করে । <br> <br> <br>Each step <font color='#ED7745'>told on</font> (<i>produced an effect on</i>) my tiredness. <br> <br>প্রতিটি পদক্ষেপ আমার ক্লান্তির ওপর প্রভাব ফেলছিল (বাড়িয়ে দিচ্ছিল) ।",
                        "description": ""
                      },
                      { 
                        "image1": "turndown",             
                        "name": "Bgv2-Lesson4 (4)", 
                        "ltext1": "",
                        "rtext1": "<br> <br>&nbsp;&nbsp;&nbsp;&nbsp;&nbsp;<font color='#ED7745'>Turn down</font> <br> <br> <br>&nbsp;&nbsp;&nbsp;&nbsp;&nbsp;প্রত্যাখ্যান করা",
                        "utext1": "",
                        "dtext1": "",
                        "text1": "Ishita had <font color='#ED7745'>turned down</font> (<i>rejected</i>) Bhola's proposal. <br> <br>ঈশিতা ভোলার বিয়ের প্রস্তাব প্রত্যাখ্যান করল । <br> <br> <br>The umpire had to <font color='#ED7745'>turn down</font> (<i>reject</i>) the bowler's appeal. <br> <br>আম্পায়ারকে বোলারের আবেদন নাকচ করতেই হল ।",
                        "description": ""
                      },
                      { 
                        "image1": "turnup",             
                        "name": "Bgv2-Lesson4 (5)", 
                        "ltext1": "",
                        "rtext1": "<br> <br>&nbsp;&nbsp;&nbsp;&nbsp;&nbsp;<font color='#ED7745'>Turn up</font> <br> <br> <br>&nbsp;&nbsp;&nbsp;&nbsp;&nbsp;উপস্থিত হওয়া",
                        "utext1": "",
                        "dtext1": "",
                        "text1": "Many people <font color='#ED7745'>turned up</font> (<i>arrived</i>) to listen to their leader's speech. <br> <br>অনেক মানুষ তাদের নেতার ভাষণ শুনতে হাজির হয়েছিল । <br> <br> <br>I request you to <font color='#ED7745'>turn up</font> (<i>arrive</i>) at the meeting on time. <br> <br>অনুরোধ করি, তুমি সভায় ঠিক সময়ে উপস্থিত হও ।",
                        "description": ""
                      },
                      { 
                        "image1": "workout",             
                        "name": "Bgv2-Lesson4 (6)", 
                        "ltext1": "",
                        "rtext1": "<br> <br>&nbsp;&nbsp;&nbsp;&nbsp;&nbsp;<font color='#ED7745'>Work out</font> <br> <br> <br>&nbsp;&nbsp;&nbsp;&nbsp;&nbsp;সমাধান করা, গঠন করা",
                        "utext1": "",
                        "dtext1": "",
                        "text1": "He can <font color='#ED7745'>work out</font> (<i>solve</i>) tricky sums. <br> <br>সে কৌশলপূর্ণ অঙ্কের সমাধান করতে পারে । <br> <br> <br>Is it not better to <font color='#ED7745'>work out</font> (<i>develop</i>) a plan for the project before the project starts ? <br> <br>প্রকল্প শুরুর আগেই কি তার নকশা গঠন (তৈরী) করা ভাল নয় ?",
                        "description": ""
                      },
                      { 
                        "image1": "workup",             
                        "name": "Bgv2-Lesson4 (7)", 
                        "ltext1": "",
                        "rtext1": "<br> <br>&nbsp;&nbsp;&nbsp;&nbsp;&nbsp;<font color='#ED7745'>Work up</font> <br> <br> <br>&nbsp;&nbsp;&nbsp;&nbsp;&nbsp;ধীরে ধীরে প্রবল করা, উত্তেজিত করা",
                        "utext1": "",
                        "dtext1": "",
                        "text1": "Long-distance runners <font color='#ED7745'>work up</font> (<i>increase gradually</i>) speed instead of increasing it fast. <br> <br>দূরপাল্লার দৌড়বাজেরা তাড়াতাড়ি না করে ধীরে ধীরে তাদের গতি বাড়ায় । <br> <br> <br>He <font color='#ED7745'>worked</font> her <font color='#ED7745'>up</font> (<i>excited slowly</i>) to anger. <br> <br>সে তাকে ধীরে ধীরে রাগিয়ে দিল ।",
                        "description": ""
                      }
]