[
    {
        "words": {
          "lookover.jpg": "LOOK OVER",
          "makeup.jpg": "",
          "runafter.jpg": "",
          "passaway.jpg": ""
        }
    },
    {
        "words": {
          "setup.jpg": "",
          "workout.jpg": "",
          "takeoff.jpg": "",
          "makeout.jpg": "MAKE OUT" 
        }
    },
    {
        "words": {
          "workup.jpg": "",
          "makeup.jpg": "MAKE UP FOR",
          "layby.jpg": "",
          "lookfor.jpg": ""
        }
    },
    {
        "words": {
          "lookdownupon.jpg": "",
          "tellupon.jpg": "",
          "runafter.jpg": "",
          "passaway.jpg": "PASS AWAY"
        }
    },
    {
        "words": {
          "runinto.jpg": "",
          "putout.jpg": "PUT OUT",
          "turndown.jpg": "",
          "workout.jpg": ""
        }
    },
    {
        "words": {
          "lookafter.jpg": "",
          "setin.jpg": "",
          "putupwith.jpg": "PUT UP WITH",
          "lookdownupon.jpg": ""
        }
    }
]