[
                      { 
                        "image1": "runafter",             
                        "name": "Bgv2-Lesson3 (1)", 
                        "ltext1": "",
                        "rtext1": "<br> <br>&nbsp;&nbsp;&nbsp;&nbsp;&nbsp;<font color='#ED7745'>Run after</font> <br> <br> <br>&nbsp;&nbsp;&nbsp;&nbsp;&nbsp;পিছু ধাওয়া করা",
                        "utext1": "",
                        "dtext1": "",
                        "text1": "The villagers <font color='#ED7745'>ran after</font> (<i>chased</i>) the thief. <br> <br>গ্রামবাসীরা চোরটির পিছু ধাওয়া করেছিল । <br> <br> <br>For some, <font color='#ED7745'>running after</font> (<i>chasing</i>) money is all in life. <br> <br>কিছু লোকের কাছে টাকার পেছনে ছোটাই জীবনের সব ।",
                        "description": ""
                      },
                      { 
                        "image1": "runinto",             
                        "name": "Bgv2-Lesson3 (2)", 
                        "ltext1": "",
                        "rtext1": "<br> <br>&nbsp;&nbsp;&nbsp;&nbsp;&nbsp;<font color='#ED7745'>Run into</font> <br> <br> <br>&nbsp;&nbsp;&nbsp;&nbsp;&nbsp;জড়িয়ে পড়া, ঢুকে পড়া",
                        "utext1": "",
                        "dtext1": "",
                        "text1": "He <font color='#ED7745'>ran into</font> (<i>incurred</i>) heavy debt. <br> <br>সে প্রচুর ঋণে জড়িয়ে পড়েছিল । <br> <br> <br>His car has <font color='#ED7745'>run into</font> (<i>got into</i>) a wall accidentally. <br> <br>তার গাড়ি দুর্ঘটনাবশত একটা দেওয়ালে ঢুকে পড়েছে ।",
                        "description": ""
                      },
                      { 
                        "image1": "setabout",             
                        "name": "Bgv2-Lesson3 (3)", 
                        "ltext1": "",
                        "rtext1": "<br> <br>&nbsp;&nbsp;&nbsp;&nbsp;&nbsp;<font color='#ED7745'>Set about</font> <br> <br> <br>&nbsp;&nbsp;&nbsp;&nbsp;&nbsp;শুরু করা",
                        "utext1": "",
                        "dtext1": "",
                        "text1": "This group of doctors has <font color='#ED7745'>set about</font> (<i>begun to do</i>) to work early in the morning. <br> <br>ডাক্তারদের এই দলটি খুব সকালে কাজ শুরু করেছে । <br> <br> <br>Let us <font color='#ED7745'>set about</font> (<i>start</i>) solving the problem. <br> <br>চলো, সমস্যাটার সমাধান শুরু করা যাক ।",
                        "description": ""
                      },
                      { 
                        "image1": "setin",             
                        "name": "Bgv2-Lesson3 (4)", 
                        "ltext1": "",
                        "rtext1": "<br> <br>&nbsp;&nbsp;&nbsp;&nbsp;&nbsp;<font color='#ED7745'>Set in</font> <br> <br> <br>&nbsp;&nbsp;&nbsp;&nbsp;&nbsp;শুরু হওয়া",
                        "utext1": "",
                        "dtext1": "",
                        "text1": "In May-June the rainy season in India <font color='#ED7745'>sets in</font> (<i>begins</i>). <br> <br>মে-জুন মাসে ভারতে বর্ষা শুরু হয় । <br> <br> <br>Evening was <font color='#ED7745'>setting in</font> (<i>beginning to happen</i>) when I took the road towards mountain top. <br> <br>যখন আমি পাহাড়ের চূড়ায় ওঠবার রাস্তাটা ধরলাম, তখন সন্ধ্যে নেমে আসছিল।",
                        "description": ""
                      },
                      { 
                        "image1": "setup",             
                        "name": "Bgv2-Lesson3 (5)", 
                        "ltext1": "",
                        "rtext1": "<br> <br>&nbsp;&nbsp;&nbsp;&nbsp;&nbsp;<font color='#ED7745'>Set up</font> <br> <br> <br>&nbsp;&nbsp;&nbsp;&nbsp;&nbsp;প্রতিষ্ঠা করা, তৈরী করে নেওয়া",
                        "utext1": "",
                        "dtext1": "",
                        "text1": "The villagers are <font color='#ED7745'>setting up</font> (<i>establishing</i>) a school in the village. <br> <br>গ্রামবাসীরা গ্রামে একটি বিদ্যালয় প্রতিষ্ঠা করছে । <br> <br> <br>My computer needs to be <font color='#ED7745'>set up</font> (<i>prepared</i>). <br> <br>আমার কম্পিউটারটাকে তৈরী করে নেওয়ার দরকার ।",
                        "description": ""
                      },
                      { 
                        "image1": "standfor",             
                        "name": "Bgv2-Lesson3 (6)", 
                        "ltext1": "",
                        "rtext1": "<br> <br>&nbsp;&nbsp;&nbsp;&nbsp;&nbsp;<font color='#ED7745'>Stand for</font> <br> <br> <br>&nbsp;&nbsp;&nbsp;&nbsp;&nbsp;প্রতীক হওয়া",
                        "utext1": "",
                        "dtext1": "",
                        "text1": "White <font color='#ED7745'>stands for</font> (<i>is a symbol of</i>) peace. <br> <br>সাদা শান্তির প্রতীক । <br> <br> <br>W.H.O. <font color='#ED7745'>stands for</font> (<i>is an abbreviation of</i>) World Health Organization. <br> <br>ডবলু. এইচ. ও. হল ওয়ার্ল্ড হেলথ অরগানাইজেশনের সংক্ষিপ্ত রূপ ।",
                        "description": ""
                      }
]