[
    {
        "words": {
          "lookafter.jpg": "",
          "runafter.jpg": "",
          "lookinto.jpg": "",
          "takeafter.jpg": "TAKE AFTER"
        }
    },
    {
        "words": {
          "putout.jpg": "",
          "laydown.jpg": "",
          "takeoff.jpg": "TAKE OFF",
          "makeout.jpg": ""
        }
    },
    {
        "words": {
          "standfor.jpg": "",
          "tellupon.jpg": "TELL UPON",
          "putupwith.jpg": "",
          "setabout.jpg": ""
        }
    },
    {
        "words": {
          "turndown.jpg": "TURN DOWN",
          "makeout.jpg": "",
          "lookdownupon.jpg": "",
          "lookfor.jpg": ""
        }
    },
    {
        "words": {
          "setup.jpg": "",
          "setin.jpg": "",
          "lookafter.jpg": "",
          "turnup.jpg": "TURN UP"
        }
    },
    {
        "words": {
          "standfor.jpg": "",
          "workout.jpg": "WORK OUT",
          "putout.jpg": "",
          "makeout.jpg": ""
        }
    },
    {
        "words": {
          "workup.jpg": "WORK UP",
          "turnup.jpg": "",
          "putupwith.jpg": "",
          "makeup.jpg": ""
        }
    }
]