[
    {
        "words": {
          "lookdownupon.jpg": "",
          "setup.jpg": "",
          "layby.jpg": "LAY BY",
          "runinto.jpg": ""
        }
    },
    {
        "words": {
          "workup.jpg": "",
          "laydown.jpg": "LAY DOWN",
          "takeafter.jpg": "",
          "lookinto.jpg": ""
        }
    },
    {
        "words": {
          "lookover.jpg": "",
          "lookfor.jpg": "",
          "lookafter.jpg": "LOOK AFTER",
          "passaway.jpg": ""
        }
    },
    {
        "words": {
          "setabout.jpg": "",
          "turndown.jpg": "",
          "putupwith.jpg": "",
          "lookdownupon.jpg": "LOOK DOWN UPON" 
        }
    },
    {
        "words": {
          "turnup.jpg": "",
          "makeup.jpg": "",
          "lookfor.jpg": "LOOK FOR",
          "lookover.jpg": ""
        }
    },
    {
        "words": {
          "lookinto.jpg": "LOOK INTO",
          "workout.jpg": "",
          "takeafter.jpg": "",
          "setabout.jpg": ""
        }
    }
]