[
                      { 
                        "image1": "",             
                        "name": "Bpa1-Lesson1 (1)", 
                        "ltext1": "",
                        "rtext1": "",
                        "utext1": "",
                        "dtext1": "",
                        "text1": "<font color='#ED7745'>General Information</font> <br> <br> <br> <br>Appropriate preposition হল সেই সব প্রয়োগ, যেগুলিতে preposition বিশেষ বিশেষ verb-এর (depend, search ইত্যাদি) পরে বা adjective-এর (sure, proud, eligible ইত্যাদি) সঙ্গে বসে, তবে যে সবসময় খুব একটা নির্দিষ্ট নিয়ম মেনে, তা নয় । মোটামুটি নিয়ম কিছু আছে, কিন্তু তাদের ব্যতিক্রম বেশ বেশী হওয়ায় নিয়মগুলো দেওয়ার চেষ্টা আর করা হল না । অতএব তোমরা এগুলো মনে রাখার চেষ্টা কর । <br> <br>এখানে যেগুলো খুব কাজে লাগে, সেগুলোই দেওয়া আছে । এই উদাহরণগুলির বাইরেও অনেক appropriate preposition-এর ব্যবহার আছে । বেশী করে বই আর খবরের কাগজ পড়লে আস্তে আস্তে সেগুলো রপ্ত হবে ।",
                        "description": ""
                      },
                      { 
                        "image1": "",             
                        "name": "Bpa1-Lesson1 (2)", 
                        "ltext1": "",
                        "rtext1": "",
                        "utext1": "",
                        "dtext1": "",
                        "text1": "<font color='#ED7745'>Accused of, Afraid of, Aware of</font> <br> <br> <br> <br>সে চুরির দায়ে অভিযুক্ত । <br> <br>He is accused <u>of</u> theft. <br> <br> <br> <br>সে ভূতে ভীত নয় । <br> <br>She is not afraid <u>of</u> ghosts. <br> <br> <br> <br>তুমি কি এইডস-এর বিষয়ে অবগত (সচেতন) ? <br> <br>Are you aware <u>of</u> AIDS ?",
                        "description": ""
                      },
                      { 
                        "image1": "",             
                        "name": "Bpa1-Lesson1 (3)", 
                        "ltext1": "",
                        "rtext1": "",
                        "utext1": "",
                        "dtext1": "",
                        "text1": "<font color='#ED7745'>Capable of, Come of, Confident of</font> <br> <br> <br> <br>মনীষা এ কাজটা করতে সমর্থ । <br> <br>Manisha is capable <u>of</u> doing this work. <br> <br> <br> <br>তিনি অভিজাত বংশ থেকে এসেছেন । <br> <br>He comes <u>of</u> a noble family. <br> <br> <br> <br>আমি সাফল্য সম্বন্ধে আত্মবিশ্বাসী । <br> <br>I am confident <u>of</u> success.",
                        "description": ""
                      },
                      { 
                        "image1": "",             
                        "name": "Bpa1-Lesson1 (4)", 
                        "ltext1": "",
                        "rtext1": "",
                        "utext1": "",
                        "dtext1": "",
                        "text1": "<font color='#ED7745'>Fond of, Guilty of, Ignorant of</font> <br> <br> <br> <br>বাবু সঙ্গীতের অনুরাগী । <br> <br>Babu is fond <u>of</u> music. <br> <br> <br> <br>কালু কি খুনের দায়ে দোষী ? <br> <br>Is Kalu guilty <u>of</u> murder ? <br> <br> <br> <br>তুমি কেন এই নিয়ম সম্বন্ধে অজ্ঞ ? <br> <br>Why are you ignorant <u>of</u> this law ?",
                        "description": ""
                      },
                      { 
                        "image1": "",             
                        "name": "Bpa1-Lesson1 (5)", 
                        "ltext1": "",
                        "rtext1": "",
                        "utext1": "",
                        "dtext1": "",
                        "text1": "<font color='#ED7745'>Lack of, Made of, Proud of</font> <br> <br> <br> <br>তার জীবনে আনন্দের অভাব আছে । <br> <br>He has lack <u>of</u> joy in his life. <br> <br> <br> <br>এই চেয়ারটা কাঠের তৈরী । <br> <br>This chair is made <u>of</u> wood. <br> <br> <br> <br>তিনি নিজের পদে গর্বিত । <br> <br>He is proud <u>of</u> his own position.",
                        "description": ""
                      },
                      { 
                        "image1": "",             
                        "name": "Bpa1-Lesson1 (6)", 
                        "ltext1": "",
                        "rtext1": "",
                        "utext1": "",
                        "dtext1": "",
                        "text1": "<font color='#ED7745'>Rid of, Sure of, Want of</font> <br> <br> <br> <br>খারাপ অভ্যাস থেকে মুক্ত হও । <br> <br>Get rid <u>of</u> bad habits. <br> <br> <br> <br>সে তার সাফল্যে নিশ্চিত । <br> <br>He is sure <u>of</u> his success. <br> <br> <br> <br>আমাদের অর্থের অভাব আছে । <br> <br>We are in want <u>of</u> money.",
                        "description": ""
                      },
                      { 
                        "image1": "",             
                        "name": "Bpa1-Lesson1 (7)", 
                        "ltext1": "",
                        "rtext1": "",
                        "utext1": "",
                        "dtext1": "",
                        "text1": "<font color='#ED7745'>Worthy of, For the sake of, In favour of</font> <br> <br> <br> <br>তিনি কি আমাদের প্রশংসার যোগ্য নন ? <br> <br>Is he not worthy <u>of</u> our praise ? <br> <br> <br> <br>ক্ষুদিরাম তার দেশের জন্য নিজের প্রাণ বিসর্জন দিয়েছিলেন । <br> <br>Khudiram sacrificed his life <u>for the sake of</u> his country. <br> <br> <br> <br>আম্পায়ার বোলারের অনুকূলে সিদ্ধান্ত নিলেন । <br> <br>The umpire decided <u>in favour of</u> the bowler.",
                        "description": ""
                      },
                      { 
                        "image1": "",             
                        "name": "Bpa1-Lesson1 (8)", 
                        "ltext1": "",
                        "rtext1": "",
                        "utext1": "",
                        "dtext1": "",
                        "text1": "<font color='#ED7745'>Instead of, In place of, In spite of</font> <br> <br> <br> <br>চাকরির বদলে ব্যবসা শুরু কর । <br> <br>Start a business <u>instead of</u> a job. <br> <br> <br> <br>হুমায়ুনের স্থানে আকবর রাজা হন । <br> <br>Akbar became king <u>in place of</u> Humayun. <br> <br> <br> <br>অসুস্থতা সত্ত্বেও সে বিদ্যালয়ে গিয়েছিল । <br> <br><u>In spite of</u> illness, he went to school.",
                        "description": ""
                      },
                      { 
                        "image1": "",             
                        "name": "Bpa1-Lesson1 (9)", 
                        "ltext1": "",
                        "rtext1": "",
                        "utext1": "",
                        "dtext1": "",
                        "text1": "<font color='#ED7745'>On behalf of, Ambition for, Eligible for</font> <br> <br> <br> <br>আমার দলের পক্ষ থেকে আমার একটি অনুরোধ আছে । <br> <br>I have a request <u>on behalf of</u> my team. <br> <br> <br> <br>অংশুমানের যশের কোন উচ্চাকাঙ্ক্ষা নেই । <br> <br>Angshuman has no ambition <u>for</u> fame. <br> <br> <br> <br>লরেন্স পদটির জন্য যোগ্য । <br> <br>Lawrence is eligible <u>for</u> the post.",
                        "description": ""
                      },
                      { 
                        "image1": "",             
                        "name": "Bpa1-Lesson1 (10)", 
                        "ltext1": "",
                        "rtext1": "",
                        "utext1": "",
                        "dtext1": "",
                        "text1": "<font color='#ED7745'>Long for, Search for, Taste for</font> <br> <br> <br> <br>বিদ্যুৎ সবসময় খ্যাতির আকাঙ্ক্ষা করে । <br> <br>Bidyut always longs <u>for</u> fame. <br> <br> <br> <br> <br> <br>পুলিশ চোরের খোঁজ করছিল । <br> <br>The police was searching <u>for</u> the thief. <br> <br> <br> <br>তার সঙ্গীতে কোন রুচি নেই । <br> <br>He has no taste <u>for</u> music.",
                        "description": ""
                      },
                      { 
                        "image1": "",             
                        "name": "Bpa1-Lesson1 (11)", 
                        "ltext1": "",
                        "rtext1": "",
                        "utext1": "",
                        "dtext1": "",
                        "text1": "<font color='#ED7745'>Match for, Control over, Preside over</font> <br> <br> <br> <br>ধোনি কি দলনেতা হিসেবে দাদার সমকক্ষ ? <br> <br>Is Dhoni a match <u>for</u> Dada as captain ? <br> <br> <br> <br>ভাইয়ের ওপর তার কোন নিয়ন্ত্রণ নেই । <br> <br>He has no control <u>over</u> his brother. <br> <br> <br> <br>শ্রী রায় সভার সভাপতিত্ব করলেন । <br> <br>Mr. Roy presided <u>over</u> the meeting.",
                        "description": ""
                      },
                      { 
                        "image1": "",             
                        "name": "Bpa1-Lesson1 (12)", 
                        "ltext1": "",
                        "rtext1": "",
                        "utext1": "",
                        "dtext1": "",
                        "text1": "<font color='#ED7745'>Rule over, within profession, faith in</font> <br> <br> <br> <br>আকবর অনেক বছর ধরে দেশ শাসন করেছিলেন । <br> <br>Akbar ruled <u>over</u> the country for many years. <br> <br> <br> <br>ওনার পেশায় উনি রীতিমত সমাদৃত । <br> <br>He is highly regarded <u>within</u> his profession. <br> <br> <br> <br>আমি ঈশ্বরে বিশ্বাস করি, তাই ঈশ্বরের কাজে আমার আস্থা আছে । <br> <br>I believe in God, so I have faith <u>in</u> God's work.",
                        "description": ""
                      },
                      { 
                        "image1": "",             
                        "name": "Bpa1-Lesson1 (13)", 
                        "ltext1": "",
                        "rtext1": "",
                        "utext1": "",
                        "dtext1": "",
                        "text1": "<font color='#ED7745'>get into, into yoga</font> <br> <br> <br> <br>সে সবসময় ঝামেলায় জড়িয়ে পড়ে । <br> <br>She always gets <u>into</u> trouble. <br> <br> <br> <br>শ্রীমতি বিশ্বাস আজকাল যোগাভ্যাস করে থাকেন । <br> <br>Mrs. Biswas is now <u>into</u> yoga.",
                        "description": ""
                      }
]