[
                      { 
                        "image1": "",             
                        "name": "Bpa2-Lesson1 (1)", 
                        "ltext1": "",
                        "rtext1": "",
                        "utext1": "",
                        "dtext1": "",
                        "text1": "<font color='#ED7745'>According to, Addicted to, Blind to</font> <br> <br> <br> <br>মি. গোমস নিয়ম অনুসারে তার কাজ করেন । <br> <br>Mr. Gomes does his work according <u>to</u> rules. <br> <br> <br> <br>সে মদে আসক্ত । <br> <br>He is addicted <u>to</u> wine. <br> <br> <br> <br>নিজের দোষের প্রতি অন্ধ হওয়া তোমার উচিৎ নয় । <br> <br>You should not be blind <u>to</u> your own faults.",
                        "description": ""
                      },
                      { 
                        "image1": "",             
                        "name": "Bpa2-Lesson1 (2)", 
                        "ltext1": "",
                        "rtext1": "",
                        "utext1": "",
                        "dtext1": "",
                        "text1": "<font color='#ED7745'>Deaf to, Due to, Grateful to</font> <br> <br> <br> <br>কেন তুমি আমার অনুরোধে (অনুরোধের প্রতি) কর্ণপাত করছ না ? <br> <br>Why are you deaf <u>to</u> my request ? <br> <br> <br> <br>সে অসুস্থতার কারণে অনুপস্থিত । <br> <br>He is absent due <u>to</u> illness. <br> <br> <br> <br>আমি তোমার সাহায্যের জন্য তোমার প্রতি কৃতজ্ঞ । <br> <br>I am grateful <u>to</u> you for your help.",
                        "description": ""
                       },
                       { 
                        "image1": "",             
                        "name": "Bpa2-Lesson1 (3)", 
                        "ltext1": "",
                        "rtext1": "",
                        "utext1": "",
                        "dtext1": "",
                        "text1": "<font color='#ED7745'>Junior to, Opposite to, prefer to</font> <br> <br> <br> <br>বরুণ অসিতের চেয়ে অভিজ্ঞতায় ছোট । <br> <br>Barun is junior <u>to</u> Asit in experience. <br> <br> <br> <br>তোমার ধারণাটা আমার (ধারণার) উল্টো । <br> <br>Your idea is opposite <u>to</u> mine. <br> <br> <br> <br>আমি কফির চেয়ে চা বেশী পছন্দ করি । <br> <br>I prefer tea <u>to</u> coffee.",
                        "description": ""
                       },
                       { 
                        "image1": "",             
                        "name": "Bpa2-Lesson1 (4)", 
                        "ltext1": "",
                        "rtext1": "",
                        "utext1": "",
                        "dtext1": "",
                        "text1": "<font color='#ED7745'>Relate to, in order to, with respect to</font> <br> <br> <br> <br>মহাত্মা গান্ধী ইন্দিরা গান্ধীর সঙ্গে সম্পর্কিত নন । <br> <br>Mahatma Gandhi is not related <u>to</u> Indira Gandhi. <br> <br> <br> <br>সাফল্য পাওয়ার উদ্দেশ্যে সে কঠিন পরিশ্রম করেছিল । <br> <br>He worked hard in order <u>to</u> have success. <br> <br> <br> <br>উচ্চতার নিরিখে বালকদুটি অনুরূপ । <br> <br>With respect <u>to</u> height, the two boys are similar.",
                        "description": ""
                       },
                       { 
                        "image1": "",             
                        "name": "Bpa2-Lesson1 (5)", 
                        "ltext1": "",
                        "rtext1": "",
                        "utext1": "",
                        "dtext1": "",
                        "text1": "<font color='#ED7745'>Astonished at, Good at, Knock at</font> <br> <br> <br> <br>আমরা সবাই বরুণের সাহসিকতায় বিস্মিত । <br> <br>We all are astonished <u>at</u> Barun's courage. <br> <br> <br> <br>বালিকাটি পড়াশোনায় ভাল । <br> <br>The girl is good <u>at</u> studies. <br> <br> <br> <br>দরজায় করাঘাত করে দ্যাখো উনি ভেতরে আছেন কিনা । <br> <br>Knock <u>at</u> the door to see if he is inside.",
                        "description": ""
                      },
                      { 
                        "image1": "",             
                        "name": "Bpa2-Lesson1 (6)", 
                        "ltext1": "",
                        "rtext1": "",
                        "utext1": "",
                        "dtext1": "",
                        "text1": "<font color='#ED7745'>Stare at, Surprise at, abide by</font> <br> <br> <br> <br>আমার দিকে কটমট করে তাকিয়ো না । <br> <br>Don't stare <u>at</u> me. <br> <br> <br> <br>আমরা সবাই ব্রাজিলের হারে অবাক হয়েছিলাম । <br> <br>We all were surprised <u>at</u> Brazil's defeat. <br> <br> <br> <br>আমাদের ট্র্যাফিক নিয়ম মেনে চলতে হবে । <br> <br>We must abide <u>by</u> traffic rules.",
                        "description": ""
                       },
                       { 
                        "image1": "",             
                        "name": "Bpa2-Lesson1 (7)", 
                        "ltext1": "",
                        "rtext1": "",
                        "utext1": "",
                        "dtext1": "",
                        "text1": "<font color='#ED7745'>On arrival, Depend on, Insist on</font> <br> <br> <br> <br>ভারতে পৌঁছতে তাকে জেলে ভরা হল । <br> <br><u>On</u> arrival in India, he was sent to jail. <br> <br> <br> <br>কৃষি বর্ষার ওপর নির্ভর করে । <br> <br>Agriculture depends <u>on</u> monsoon. <br> <br> <br> <br>অভেদ ফাউন্ডেশন ইংরাজি শেখার ওপর জোর দেয় । <br> <br>Abheda Foundation insists <u>on</u> learning English.",
                        "description": ""
                       },
                       { 
                        "image1": "",             
                        "name": "Bpa2-Lesson1 (8)", 
                        "ltext1": "",
                        "rtext1": "",
                        "utext1": "",
                        "dtext1": "",
                        "text1": "<font color='#ED7745'>Rely on, Absorb in, Burst into</font> <br> <br> <br> <br>একটি কোম্পানিকে তার কর্মচারীদের ওপর নির্ভর (বিশ্বাস) করতেই হয় । <br> <br>A company must rely <u>on</u> its employees. <br> <br> <br> <br>সে পড়াশোনায় নিমগ্ন হয়, কেবলমাত্র যখন তাতে ওর কৌতূহল হয় । <br> <br>He is absorbed <u>in</u> studies, only when he finds interest in it. <br> <br> <br> <br>সে তার বাবার মৃত্যুর সংবাদে কান্নায় ভেঙে পড়ল । <br> <br>He burst <u>into</u> tears at the news of his father's death.",
                        "description": ""
                       },
                       { 
                        "image1": "",             
                        "name": "Bpa2-Lesson1 (9)", 
                        "ltext1": "",
                        "rtext1": "",
                        "utext1": "",
                        "dtext1": "",
                        "text1": "<font color='#ED7745'>In return, Weak in, Escape from</font> <br> <br> <br> <br>সে আমার বই হারিয়েছিল, তাই প্রতিদানে কিছু টাকা দিয়েছিল । <br> <br>He lost my book, so <u>in</u> return gave me some money. <br> <br> <br> <br>সে অঙ্কে কাঁচা  (দুর্বল) । <br> <br>He is weak <u>in</u> Mathematics. <br> <br> <br> <br>খুনীটি জেল থেকে পালিয়েছিল । <br> <br>The murderer escaped <u>from</u> jail.",
                        "description": ""
                      },
                      { 
                        "image1": "",             
                        "name": "Bpa2-Lesson1 (10)", 
                        "ltext1": "",
                        "rtext1": "",
                        "utext1": "",
                        "dtext1": "",
                        "text1": "<font color='#ED7745'>Free from, Suffer from, Prevent from</font> <br> <br> <br> <br>কোনো মানুষ দোষ থেকে মুক্ত নয় । <br> <br>No man is free <u>from</u> faults. <br> <br> <br> <br>সে জ্বরে ভুগছে । <br> <br>He is suffering <u>from</u> fever. <br> <br> <br> <br>আমি ছাত্রদের টোকাটুকি থেকে বিরত করেছিলাম । <br> <br>I prevented the students <u>from</u> cheating.",
                        "description": ""
                       },
                       { 
                        "image1": "",             
                        "name": "Bpa2-Lesson1 (11)", 
                        "ltext1": "",
                        "rtext1": "",
                        "utext1": "",
                        "dtext1": "",
                        "text1": "<font color='#ED7745'>Different from, right from wrong, Answer to</font> <br> <br> <br> <br>আমার পেনটি তোমার পেনের থেকে আলাদা । <br> <br>My pen is different <u>from</u> yours. <br> <br> <br> <br>তোমার এবারে ঠিক-ভুলের তফাৎ বুঝতে পারা উচিৎ । <br> <br>You should differentiate right <u>from</u> wrong now. <br> <br> <br> <br>তোমার প্রশ্নের উত্তর হল, “না” । <br> <br>The answer <u>to</u> your question is “no”.",
                        "description": ""
                       },
                       { 
                        "image1": "",             
                        "name": "Bpa2-Lesson1 (12)", 
                        "ltext1": "",
                        "rtext1": "",
                        "utext1": "",
                        "dtext1": "",
                        "text1": "<font color='#ED7745'>With permission, with time</font> <br> <br> <br> <br>আপনার অনুমতি নিয়ে আমি যেতে চাই । <br> <br><u>With</u> your permission I want to go. <br> <br> <br> <br>চিন্তা কোরো না, তুমি সময়ের সঙ্গে সঙ্গে সব ভুলে যাবে । <br> <br>Do not worry, you will forget everything <u>with</u> time.",
                        "description": ""
                      }
                       
]