[
                      { 
                        "image1": "",             
                        "name": "Bpa3-Lesson1 (1)", 
                        "ltext1": "",
                        "rtext1": "",
                        "utext1": "",
                        "dtext1": "",
                        "text1": "<font color='#ED7745'>Agree with, Angry at with, Apologize for</font> <br> <br> <br> <br>আমি তোমার প্রস্তাবে সম্মত নই । <br> <br>I do not agree <u>with</u> your proposal. <br> <br> <br> <br>তুমি আমার ওপর কেন রেগে আছ ? <br> <br>Why have you been angry <u>with/at</u> me ? <br> <br> <br> <br>আমরা আমাদের ভুলের জন্য ক্ষমাপ্রার্থী । <br> <br>We apologize <u>for</u> our mistake.",
                        "description": ""
                      },
                      { 
                        "image1": "",             
                        "name": "Bpa3-Lesson1 (2)", 
                        "ltext1": "",
                        "rtext1": "",
                        "utext1": "",
                        "dtext1": "",
                        "text1": "<font color='#ED7745'>Ask about, Ask for, Bad at</font> <br> <br> <br> <br>ছোটখাটো ব্যাপারেও তোমার তাকে জিজ্ঞাসা করা উচিত । <br> <br>You should ask him <u>about</u> every small thing. <br> <br> <br> <br>কখনো সাহায্য চাইতে ভয় পেও না । <br> <br>Do not be afraid to ask <u>for</u> help. <br> <br> <br> <br>রতন ঘরের কাজে অপটু । <br> <br>Ratan is bad <u>at</u> housekeeping work.",
                        "description": ""
                      },
                      { 
                        "image1": "",             
                        "name": "Bpa3-Lesson1 (3)", 
                        "ltext1": "",
                        "rtext1": "",
                        "utext1": "",
                        "dtext1": "",
                        "text1": "<font color='#ED7745'>Bad for, Belong to, Care for</font> <br> <br> <br> <br>ধূমপান স্বাস্থ্যের পক্ষে খারাপ । <br> <br>Smoking is bad <u>for</u> health. <br> <br> <br> <br>এই জমিটি সরকারের অধীনে । <br> <br>This land  belongs <u>to</u> government. <br> <br> <br> <br>ছেলেটি তার বাবা-মার ভালো যত্ন নিয়েছিল । <br> <br>The boy took good care <u>for</u> his parents.",
                        "description": ""
                      },
                      { 
                        "image1": "",             
                        "name": "Bpa3-Lesson1 (4)", 
                        "ltext1": "",
                        "rtext1": "",
                        "utext1": "",
                        "dtext1": "",
                        "text1": "<font color='#ED7745'>Careless about, Consist of, Familiar with</font> <br> <br> <br> <br>নিজের নিরাপত্তার ব্যাপারে তোমার  উদাসীন হওয়া উচিৎ নয় । <br> <br>You should not be careless <u>about</u> your own safety. <br> <br> <br> <br>আমাদের শ্রেণী ৫০ জন ছাত্র দ্বারা গঠিত । <br> <br>Our class consists <u>of</u> 50 students. <br> <br> <br> <br>আমি তোমার নামের সঙ্গে পরিচিত । <br> <br>I am familiar <u>with</u> your name.",
                        "description": ""
                      },
                      { 
                        "image1": "",             
                        "name": "Bpa3-Lesson1 (5)", 
                        "ltext1": "",
                        "rtext1": "",
                        "utext1": "",
                        "dtext1": "",
                        "text1": "<font color='#ED7745'>Find out, Good for, Grow up</font> <br> <br> <br> <br>শ্রীমতি সেন রঘু কোথায় থাকে জানতে তাকে অনুসরণ করলেন । <br> <br>Mrs. Sen followed him to find <u>out</u> where Raghu lived. <br> <br> <br> <br>সে কোন কাজেরই যোগ্য নয় । <br> <br>He is good <u>for</u> nothing. <br> <br> <br> <br>তুমি বড় হয়ে কি হতে চাও ? <br> <br>What are you going to be when you grow <u>up</u> ?",
                        "description": ""
                      },
                      { 
                        "image1": "",             
                        "name": "Bpa3-Lesson1 (6)", 
                        "ltext1": "",
                        "rtext1": "",
                        "utext1": "",
                        "dtext1": "",
                        "text1": "<font color='#ED7745'>Happy about, Interested in, Jealous of</font> <br> <br> <br> <br>তোমার দলের জয় নিয়ে আনন্দ করার কিছু নেই । <br> <br>There is nothing to be happy <u>about</u> your team's win. <br> <br> <br> <br>আমার রাজনীতিতে কোন কৌতূহল নেই । <br> <br>I am hardly interested <u>in</u> politics. <br> <br> <br> <br>তার আমার ওপর ঈর্ষান্বিত হওয়ার কোন কারণ নেই । <br> <br>She does not have any reason to be jealous <u>of</u> me.",
                        "description": ""
                      },
                      { 
                        "image1": "",             
                        "name": "Bpa3-Lesson1 (7)", 
                        "ltext1": "",
                        "rtext1": "",
                        "utext1": "",
                        "dtext1": "",
                        "text1": "<font color='#ED7745'>Look forward to, Look up to, Married to</font> <br> <br> <br> <br>আমি তোমার জন্মদিনের অনুষ্ঠানের প্রত্যাশায় আছি । <br> <br>I am looking forward <u>to</u> your birthday party. <br> <br> <br> <br>প্রচুর লোক স্বামী বিবেকানন্দের মুখাপেক্ষী । <br> <br>A lot of people look <u>up</u> <u>to</u> Swami Vivekananda. <br> <br> <br> <br>কি ! তার একজন রাজার সঙ্গে বিবাহ হতে যাচ্ছে ! <br> <br>What ! She is going to be married <u>to</u> a king !",
                        "description": ""
                      },
                      { 
                        "image1": "",             
                        "name": "Bpa3-Lesson1 (8)", 
                        "ltext1": "",
                        "rtext1": "",
                        "utext1": "",
                        "dtext1": "",
                        "text1": "<font color='#ED7745'>Pay for, Prepare for, Proud of</font> <br> <br> <br> <br>আজকের দুপুরের খাওয়ার খরচটা আমি দিতে চাই । <br> <br>I would like to pay <u>for</u> today's lunch. <br> <br> <br> <br>দুটো দলই ম্যাচের জন্য ভালোভাবে তৈরী হয়েছিল । <br> <br>Both teams were well prepared <u>for</u> the match. <br> <br> <br> <br>ভারতীয় হিসেবে আমার গর্ব আছে । <br> <br>I am proud <u>of</u> being Indian.",
                        "description": ""
                      },
                      { 
                        "image1": "",             
                        "name": "Bpa3-Lesson1 (9)", 
                        "ltext1": "",
                        "rtext1": "",
                        "utext1": "",
                        "dtext1": "",
                        "text1": "<font color='#ED7745'>Satisfied with, Similar to, Sorry for</font> <br> <br> <br> <br>আমার বাবা কখনোই আমার পরীক্ষার ফলে সন্তুষ্ট হন না । <br> <br>My father is never satisfied <u>with</u> my result. <br> <br> <br> <br>তোমার সমস্যা আমার মতোই । <br> <br>Your problem is similar <u>to</u> mine. <br> <br> <br> <br>চোরটিকে তার চুরির জন্য দুঃখিত বলে মনে হয় । <br> <br>The thief looks sorry <u>for</u> his theft.",
                        "description": ""
                      },
                      { 
                        "image1": "",             
                        "name": "Bpa3-Lesson1 (10)", 
                        "ltext1": "",
                        "rtext1": "",
                        "utext1": "",
                        "dtext1": "",
                        "text1": "<font color='#ED7745'>Study for, Sure of, Talk about</font> <br> <br> <br> <br>আমার বড়দিদি তখন মাধ্যমিক পরীক্ষার জন্য পড়াশুনো করছিল । <br> <br>My elder sister had been studying <u>for</u> Madhyamik examination at that time. <br> <br> <br> <br>তুমি কি তোমার উত্তর সম্বন্ধে নিশ্চিত ? <br> <br>Are you sure <u>of</u> your answer ? <br> <br> <br> <br>আমি এই ব্যপারে কোন কথাই বলতে চাই না । <br> <br>I really do not want to talk <u>about</u> it.",
                        "description": ""
                      },
                      { 
                        "image1": "",             
                        "name": "Bpa3-Lesson1 (11)", 
                        "ltext1": "",
                        "rtext1": "",
                        "utext1": "",
                        "dtext1": "",
                        "text1": "<font color='#ED7745'>Think about, Tired of, Trust in</font> <br> <br> <br> <br>এই ব্যাপারে চিন্তা করার জন্য তাকে অনেক সময় দেওয়া হয়েছিল । <br> <br>He was given enough time to think <u>about</u> it. <br> <br> <br> <br>সে কখনোই দৌড়ে ক্লান্ত হয় না । <br> <br>He is never tired <u>of</u> running. <br> <br> <br> <br>আমি তোমার চোখকে বিশ্বাস করতে পারি । <br> <br>I can trust <u>in</u> your eyes.",
                        "description": ""
                      },
                      { 
                        "image1": "",             
                        "name": "Bpa3-Lesson1 (12)", 
                        "ltext1": "",
                        "rtext1": "",
                        "utext1": "",
                        "dtext1": "",
                        "text1": "<font color='#ED7745'>Work for, Worry about</font> <br> <br> <br> <br>এই শক্তিশালী লোকগুলি সম্ভবত কোন রাজনৈতিক দলের হয়ে কাজ করে । <br> <br>These strong men possibly work <u>for</u> a political party. <br> <br> <br> <br>সে নিশ্চয় কোন ব্যাপারে চিন্তিত আছে । <br> <br>He is certainly worried <u>about</u> something.",
                        "description": ""
                      }
]