[
                      {
                        "description": "",
                        "image1": "atesplanade",
                        "name": "BPP1-Lesson2 (1)",
                        "text1": "তারা এসপ্ল্যানেড পাড়ায় আছে <br> <br>They are ___ Esplanade locality.",
                        "text2": "They are <u>at</u> Esplanade locality. <br> <br>আগে বলা হয়েছে, বড় জায়গা (বড় শহর, দেশ বা মহাদেশ) থাকলে তার আগে in ব্যবহার হয়, আর কোন ১) অপেক্ষাকৃত ছোট বা ২) স্বল্প পরিচিত স্থান বা ৩) নামকরা স্থান বা ৪) জনগণের জায়গা (public place) থাকলে তার আগে at ব্যবহার হয় । in the world, in Africa, in India, in Kolkata - এরকম হয় । আর at Basirhat (স্বল্প পরিচিত), at the Victoria Memorial (নামকরা বাড়ি), at Howrah station (জনগণের জায়গা), at a village (অপেক্ষাকৃত ছোট জায়গা) - এরকম হয় । Esplanade একটি জনগণের জায়গা আর অপেক্ষাকৃত ছোট জায়গা বলে তার আগে at বসল ।"
                      },
                      {
                        "description": "",
                        "image1": "abheda",
                        "name": "BPP1-Lesson2 (2)",
                        "text1": "অভেদ ফাউন্ডেশনের দপ্তর ৮০এ বিবেকানন্দ রোডে <br> <br>The office of Abheda Foundation is _____ 80A Vivekananda Road.",
                        "text2": "The office of Abheda Foundation is <u>at</u> 80A Vivekananda Road. <br> <br>কেন at বসল ? যে কোন একটি ঠিকানা একটি নির্দিষ্ট অপেক্ষাকৃত ছোট স্থান । অতএব আগের বলা নিয়ম অনুযায়ী at বসবে, in বসবে না । অভেদ ফাউন্ডেশনের জায়গায় যদি কোন বিখ্যাত সংস্থা থাকত, তার ঠিকানার আগেও at-ই বসত, কারণ preposition নির্ভর করে তার পরে কোন noun আছে তার ওপর, তার আগে কে বা কোন noun আছে তার ওপর নয় । অতএব ঠিকানা এখানে বিচার্য, সংস্থাটি নয় ।"
                      },
                      {
                        "description": "",
                        "image1": "zoo",
                        "name": "BPP1-Lesson2 (3)",
                        "text1": "আমি আলিপুর চিড়িয়াখানায় একটি বাঘ দেখেছিলাম <br> <br>I saw a tiger ___ the Alipur Zoo.",
                        "text2": "I saw a tiger <u>at</u> the Alipur Zoo. <br> <br>Alipur Zoo একটি নির্দিষ্ট জনগণের জায়গা (public place), অতএব তার আগে at বসবে । আগেই বলা হয়েছে, I saw at a tiger লিখলে ভুল হবে ।"
                      },
                      {
                        "description": "",
                        "image1": "tajmahal",
                        "name": "BPP1-Lesson2 (4)",
                        "text1": "তাজমহলে অনেক লোকের সমাগম হয় <br> <br>Many people gather ___ the Taj Mahal.",
                        "text2": "Many people gather <u>at</u> the Taj Mahal. <br> <br>তাজমহল একটি অতি বিখ্যাত সৌধ (monument) । আগে বলা নিয়ম অনুযায়ী এর আগে তাই at বসবে । in বসবে না । gather - সমাগম হওয়া, একত্র হওয়া ।"
                      },
                      {
                        "description": "",
                        "image1": "police",
                        "name": "BPP1-Lesson2 (5)",
                        "text1": "থানায় পুলিশ নেই কেন ? <br> <br>Why is there no police ____ the police station ?",
                        "text2": "Why is there no police <u>at</u> the police station ? <br> <br>আগের নিয়ম । police station হল জনগণের জায়গা (public place) । তাই at বসল । আবার মনে করানো যাক, কোথায় কোথায় at বসে । ১) অপেক্ষাকৃত ছোট বা ২) স্বল্প পরিচিত স্থান বা ৩) নামকরা স্থান বা ৪) জনগণের জায়গা (public place) ।"
                      },
                      {
                        "description": "",
                        "image1": "postoffice",
                        "name": "BPP1-Lesson2 (6)",
                        "text1": "হায় ! ডাকঘরে কাউন্টারগুলিও তো বন্ধ <br> <br>Alas ! The counters ___ the post office are closed too.",
                        "text2": "Alas ! The counters <u>at</u> the post office are closed too. <br> <br>বুঝতেই পারছ, post office-ও public place । তাই counters at the post office হল, counters in the post office হল না । 'ডাকঘরের কাউন্টারগুলি' থাকলে অবশ্য counters of the post office-ও লেখা যেত ।"
                      },
                      {
                        "description": "",
                        "image1": "school",
                        "name": "BPP1-Lesson2 (7)",
                        "text1": "ছাত্রছাত্রীরা অবশ্য বিদ্যালয়ে বেশ খুশীই <br> <br>The students however are quite happy ___ the school.",
                        "text2": "The students however are quite happy <u>at</u> the school. <br> <br>১) অপেক্ষাকৃত ছোট বা ২) স্বল্প পরিচিত স্থান বা ৩) নামকরা স্থান বা ৪) জনগণের জায়গা (public place) থাকলে at বসে তার আগে । school ছোট জায়গা বটে, তার চেয়ে বড় কথা জনগণের জায়গা । অবশ্য - however (অবশ্যই-এর ইংরিজি হল must) । বেশ - quite (quiet নয়) ।"
                      },
                      {
                        "description": "",
                        "image1": "village",
                        "name": "BPP1-Lesson2 (8)",
                        "text1": "আহা, আমাদের গ্রামে এই দৃশ্য কি চমৎকার ! <br> <br>Oh, how nice is this scenery ____ our village !",
                        "text2": "Oh, how nice is this scenery <u>at</u> our village ! <br> <br>at হবে village-এর আগে, কারণ গ্রাম ছোট জায়গা । বড় গ্রাম যে হয় না তা নয়, তবে 'গ্রাম' এই ধারণাটাই ছোট জায়গা চিন্তায় আনে । দৃশ্য - scenery ।"
                      },
                      {
                        "description": "",
                        "image1": "busstop",
                        "name": "BPP1-Lesson2 (9)",
                        "text1": "সে বাস স্টপেজে অপেক্ষা করছে <br> <br>She is waiting ___ the bus stop.",
                        "text2": "She is waiting <u>at</u> the bus stop. <br> <br>Bus stop একটা নির্দিষ্ট ছোট জায়গা, public place-ও বটে । তাই আগের নিয়ম মেনে at বসল ।"
                      },
                      {
                        "description": "",
                        "image1": "himalaya",
                        "name": "BPP1-Lesson2 (10)",
                        "text1": "পর্বতারোহীরা এখন হিমালয়ে <br> <br>The mountaineers are ____ the Himalayas now.",
                        "text2": "The mountaineers are <u>at</u> the Himalayas now. <br> <br>হিমালয় অতি পরিচিত অতি প্রসিদ্ধ স্থান বলে at বসল, কিন্তু বলতেই পারো, হিমালয় বড় জায়গা, তাই তার আগে in কেন বসবে না ? in দিলেও ভুল হবে না । এরকম কিছু কিছু ক্ষেত্রে, যেখানে দুটো নিয়মই প্রযোজ্য, সেখানে in বা at যে কোন একটাই বসাতে পারো । পর্বতারোহীরা - mountaineers ।"
                      },
                      {
                        "description": "",
                        "image1": "onhimalaya",
                        "name": "BPP1-Lesson2 (11)",
                        "text1": "সে হিমালয়ের ওপর, হিমালয়ের দিকে তাকিয়ে আবার হিমালয়ে যাবার কথাই ভাবছে <br> <br>He is ___ the Himalayas, looking ____ the Himalayas, thinking of going _____ the Himalayas only.",
                        "text2": "He is <u>on</u> the Himalayas, looking <u>at</u> the Himalayas, thinking of going <u>to</u> the Himalayas only. <br> <br>একটা ছবি কত কথা বলে দেয়, আর লিখতে গেলে কত কথা লিখতে হয় । যাক,  হিমালয়ের ওপর যে on the Himalayas, তা তো বোঝাই যায় । 'দিকে' বা 'প্রতি' - এই অর্থে কখন at ব্যবহার হয়, আগেই বলা হয়েছে । তাই looking at হল । আর to-এর ব্যবহার তখনই হয়, যখন কোন কিছু বা কারোর এক জায়গা থেকে আরেক জায়গায় movement (চলন) হয় । তাই going to the Himalayas লেখা হল ।"
                      }
]