[
                      {
                        "description": "",
                        "image1": "tome",
                        "name": "BPP1-Lesson5 (1)",
                        "text1": "এটা আমাকে দাও <br> <br>Give it ___ me.",
                        "text2": "Give it <u>to</u> me. <br> <br>'আমাকে'-কে সাজিয়ে নাও 'আমার প্রতি', যার ইংরিজি হল to me । কেন to হল আর at হল না, মনে আছে তো ? it আসছে me-এর কাছে (চলন), তাই to ।"
                      },
                      {
                        "description": "",
                        "image1": "throw",
                        "name": "BPP1-Lesson5 (2)",
                        "text1": "বলটা আমায় ছুঁড়ে দাও <br> <br>Throw the ball ____ me.",
                        "text2": "Throw the ball <u>to</u> me. <br> <br>আগে তোমরা দেখেছ, throw at, aim at ইত্যাদি হয়েছে । এখানে কিন্তু to এল throw-এর পর । দুটোর তফাৎ আছে । কারোকে লক্ষ্য করে ছুঁড়লে throw at (যেমন throwing balloons at friends ) আর কারোকে এমনি ছুঁড়ে দিলে throw to (যেমন throw the ball to me) ব্যবহার করবে ।"
                      },
                      {
                        "description": "",
                        "image1": "height",
                        "name": "BPP1-Lesson5 (3)",
                        "text1": "আমার উচ্চতা বেড়ে ৪ ফুট হয়েছে <br> <br>My height has increased ____ 4 feet.",
                        "text2": "My height has increased <u>to</u> 4 feet. <br> <br>আগেই বলা হয়েছে, এই to-এর ব্যবহার তখনই হয়, যখন কোন কিছু বা কারোর এক জায়গা থেকে আরেক জায়গায় movement (চলন) হয় । Give it to me - তোমার থেকে it আমার কাছে আসছে । going to school - কোথাও থেকে স্কুলে যাওয়া হচ্ছে । আর increased to 4 feet - কোন একটা উচ্চতা থেকে বেড়ে ৪ ফুট হল । বাড়া - increase ।"
                      },
                      {
                        "description": "",
                        "image1": "nextto",
                        "name": "BPP1-Lesson5 (4)",
                        "text1": "তপন আমার পাশে বসে আছে <br> <br>Tapan is sitting next ___ me.",
                        "text2": "Tapan is sitting next <u>to</u> me. <br> <br>'পাশে' অর্থে beside, by আর next to তিনটেই ব্যবহার হয় । next - পরেরটা বা পরের জন । next of ভুল ।"
                      },
                      {
                        "description": "",
                        "image1": "tojuggling",
                        "name": "BPP1-Lesson5 (5)",
                        "text1": "ওর কাছে জাগলিং খুব সহজ <br> <br>___ him juggling is very easy.",
                        "text2": "<u>To</u> him juggling is very easy. <br> <br>'ওর কাছে' মানে 'ওর নিকটে' নয় - 'ওর (নিজের) প্রতি' । যেহেতু এখানে throw বা aim নেই, অতএব 'প্রতি' অর্থে to ব্যবহার হবে । তাই to him হল ।"
                      },
                      {
                        "description": "",
                        "image1": "bytrain",
                        "name": "BPP1-Lesson5 (6)",
                        "text1": "সে ট্রেনে চড়ে এসেছিল <br> <br>She came ___ train.",
                        "text2": "She came <u>by</u> train. <br> <br>by - দ্বারা, দিয়ে । ট্রেনে চড়ে আসা - ট্রেন দ্বারা আসা । তাই হল came by train । এরকমভাবে সাজিয়ে নিলে অনেক ক্ষেত্রেই preposition সহজ হয়ে যাবে । তবে ইংরিজিতে preposition যে সবসময় খুব নিয়ম মেনে চলে, তা নয় । বেশ কিছু ব্যতিক্রম লক্ষ্য করা যায় ।"
                      },
                      {
                        "description": "",
                        "image1": "hardwork",
                        "name": "BPP1-Lesson5 (7)",
                        "text1": "টনি কাজটা খেটে করেছিল <br> <br>Tony did it ___ hard work.",
                        "text2": "Tony did it <u>by</u> hard work. <br> <br>'খেটে করা'-কে সাজিয়ে নাও 'খাটনির দ্বারা করা' । তাই by hard work হল । with hard work ঠিক নয় ।"
                      },
                      {
                        "description": "",
                        "image1": "hitby",
                        "name": "BPP1-Lesson5 (8)",
                        "text1": "দীনেশ একটি বল থেকে আঘাত পেয়েছিল <br> <br>Dinesh was hit __ a ball.",
                        "text2": "Dinesh was hit <u>by</u> a ball. <br> <br>ইচ্ছে করেই 'বল থেকে' দেওয়া হয়েছে । অর্থ করে নিতে হবে 'বল দ্বারা' (by a ball) । 'থেকে' আছে বলে from a ball লিখলে ভুল হবে ।"
                      },
                      {
                        "description": "",
                        "image1": "roomsize",
                        "name": "BPP1-Lesson5 (9)",
                        "text1": "ঘরটির মাপ লম্বায় দশ ফুট এবং চওড়ায় আট ফুট  <br> <br>The room size is ten feet ___ eight feet.",
                        "text2": "The room size is ten feet <u>by</u> eight feet. <br> <br>এটি বিশেষ ব্যবহার । by এখানে 'দ্বারা' অর্থে ব্যবহার হচ্ছে না । দশ ফুট by আট ফুট - এরকম লেখা হয় । ten feet and eight feet বা ten feet to eight feet লিখবে না ।"
                      },
                      {
                        "description": "",
                        "image1": "sea",
                        "name": "BPP1-Lesson5 (10)",
                        "text1": "ওদের বাড়িটি সমুদ্রতটে <br> <br>Their house is located ___ the sea.",
                        "text2": "Their house is located <u>by</u> the sea. <br> <br>'পাশে' বা 'কাছে' বোঝাতেও by ব্যবহার হয় - beside বা near বা next to-র বদলে । এখানে 'সমুদ্রতটে' অর্থে 'সমুদ্রের পাশে' বোঝাল । ঠিক এই রকমই ব্যবহার -  by the window, by the river । এখানে at the seashore-ও ঠিক হত । "
                      },
                      {
                        "description": "",
                        "image1": "cat",
                        "name": "BPP1-Lesson5 (11)",
                        "text1": "আমার বিড়ালটা জানালার পাশে বসে থাকতে ভালবাসে <br> <br>My cat loves to sit ______ the window.",
                        "text2": "My cat loves to sit <u>by</u> the window. <br> <br>'পাশে' অর্থে by, next to আর beside তিনটেই ব্যবহার হয় ।"
                      }
]