[
                      {
                        "description": "",
                        "image1": "sachin",
                        "name": "BPP1-Lesson4 (1)",
                        "text1": "শচীনের বাঁদিকে সৌরভ <br> <br>___ the left of Sachin is Sourav.",
                        "text2": "<u>To</u> the left of Sachin is Sourav. <br> <br>আগের উদাহরণে বলা হয়েছে, একজন (বা কোন জিনিসের) নিরিখে আরেকজনের (বা আরেকটা জিনিসের) দিক উল্লেখ করা হয়, তখন to বসে । তাই to the left of Sachin (শচীনের বাঁদিকে) এমনটা হল ।"
                      },
                      {
                        "description": "",
                        "image1": "stair",
                        "name": "BPP1-Lesson4 (2)",
                        "text1": "বৃদ্ধদের সিঁড়ির বাঁদিক করে থাকা উচিৎ  <br> <br>Old men should keep ____ the left on stairs.",
                        "text2": "Old men should keep <u>to</u> the left on stairs. <br> <br>কারোর নিরিখে দিক বলা হচ্ছে না, তাই  on the left হতেই পারত । কিন্তু হল না, কারণ keep to the left একটা বিশেষ phrase । এটা মাথায় রাখবে । keep left-ও বলা হয় keep to the left-এর বদলে । আর keep to the left-এর মত turn to the left-ও চলে (বাঁদিকে ঘোরো) । বা turn left ।"
                      },
                      {
                        "description": "",
                        "image1": "toilet",
                        "name": "BPP1-Lesson4 (3)",
                        "text1": "তারা সবচেয়ে ওপরের তলায় একটা শৌচাগার বানিয়েছে <br> <br>They have made a toilet ___ the top floor.",
                        "text2": "They have made a toilet <u>on</u> the top floor. <br> <br>Top floor-এর ওপর toilet আছে, তাই on the top floor হল ।"
                      },
                      {
                        "description": "",
                        "image1": "ontable",
                        "name": "BPP1-Lesson4 (4)",
                        "text1": "টেবিলের উপর সবকিছু খেয়ে ফেলা যাক <br> <br>Let us eat everything ___ the table.",
                        "text2": "Let us eat everything <u>on</u> the table. <br> <br>খাবার আছে টেবিলের ওপর, তাই on the table হল ।"
                      },
                      {
                        "description": "",
                        "image1": "book",
                        "name": "BPP1-Lesson4 (5)",
                        "text1": "বইটির শেষ পাতায় একটি ছবি ছাপা আছে <br> <br>A picture is printed ___ the last page of the book.",
                        "text2": "A picture is printed <u>on</u> the last page of the book. <br> <br>সাজিয়ে নাও, 'বইয়ের শেষ পাতার ওপর' । তাই on the last page of the book হল । একইরকমভাবে on first page, on page 9 ইত্যাদি হবে । in বা at প্রয়োগ এক্ষেত্রে ভুল । মনে রাখবে, এটা 'অনেক খবরের মধ্যে একটা খবর' এরকম ব্যাপারটা নয়, তাই news in the newspaper-এর মত picture in the last page of the book হবে না । ছাপা - print ।"
                      },
                      {
                        "description": "",
                        "image1": "flag",
                        "name": "BPP1-Lesson4 (6)",
                        "text1": "আমি খুঁটির উপর একটি পতাকা দেখতে পাচ্ছি <br> <br>I can see a flag ___ the pole.",
                        "text2": "I can see a flag <u>on</u> the pole. <br> <br>pole-এর ওপর - on the pole ।"
                      },
                      {
                        "description": "",
                        "image1": "atwork",
                        "name": "BPP1-Lesson4 (7)",
                        "text1": "আমার বন্ধু কাজ করছে <br> <br>My friend is ___ work.",
                        "text2": "My friend is <u>at</u> work. <br> <br>অর্থাৎ 'কাজে আছে' - at work । আবার ক্ষেত্রবিশেষে in work-ও হতে পারে । যেমন, I want attention in your work - অর্থ, তোমার কাজে (কাজের ভেতর) মনোযোগ চাই ।"
                      },
                      {
                        "description": "",
                        "image1": "attention",
                        "name": "BPP1-Lesson4 (8)",
                        "text1": "আমি তোমার কাজে আরো মনোযোগ চাই <br> <br>I want more attention ____ your work.",
                        "text2": "I want more attention <u>in</u> your work. <br> <br>আগের উদাহরণে বোঝানো হয়েছে, এমনিতে at work হয় (men are at work ইত্যাদি) কিন্তু এক্ষেত্রে in work হবে । কেন, সেটা ছবি দেখলে বোঝা যাবে । 'কাজে মনোযোগ' বলতে যেহেতু 'কাজের মধ্যে মনোযোগ' বোঝানো হয় (ছবিতে যেমন), তাই attention in your work হল । এইভাবে বুঝে বুঝে preposition প্রয়োগ করবে । এই শব্দের আগে এই preposition-ই বসে - এই মনোভাবে চলবে না ।"
                      },
                      {
                        "description": "",
                        "image1": "athome",
                        "name": "BPP1-Lesson4 (9)",
                        "text1": "বাচ্চারা বাড়ীতে আছে <br> <br>Kids are ___ home.",
                        "text2": "Kids are <u>at</u> home. <br> <br>বাড়ির ভেতর থাকলেও at home হয় - ব্যতিক্রম । কিন্তু আবার হয় in the house - নিয়ম মেনে । খেয়াল করে দেখবে, home আর house দুটো কিন্তু আলাদা ধারণা । home হল থাকার জায়গা, আর house হল যে কোন একটা বাড়ি । There is a big house at the end of the road - এখানে home কখনোই বসবে না ।"
                      },
                      {
                        "description": "",
                        "image1": "inhouse",
                        "name": "BPP1-Lesson4 (10)",
                        "text1": "আমাদের বাড়িতে ছ'টি ঘর <br> <br>We have six rooms ___ our house.",
                        "text2": "We have six rooms <u>in</u> our house. <br> <br>'বাড়িতে' মানে 'বাড়ির ভেতর' - in our house । এখানে 'বাড়ি' আছে বটে আগের উদাহরণের মতই, কিন্তু 'বাড়ি' বলতে এখানে ইটকাঠের একটা বাড়ি বোঝাচ্ছে, যেহেতু ইটকাঠের 'ঘর'-এর নিরিখে 'বাড়ি' বোঝানো হচ্ছে । অতএব home না লিখে house লেখাই ঠিক হবে । "
                      },
                      {
                        "description": "",
                        "image1": "sumana",
                        "name": "BPP1-Lesson4 (11)",
                        "text1": "সুমনা অনুষ্ঠানে গান গাইছে <br> <br>Sumona is singing ___ the function.",
                        "text2": "Sumona is singing <u>at</u> the function. <br> <br>in the function হবে না । যে কারণে at the station, at the village , at the school হয় (অপেক্ষাকৃত ছোট জায়গা), সেই কারণেই at the function হল ।"
                      }
]