[ 
                      {
                        "description": "",
                        "image1": "sangwith",
                        "name": "BPP2-Lesson1 (1)",
                        "text1": "সে আমার সঙ্গে গেয়েছিল <br> <br>He sang ____ me.",
                        "text2": "He sang <u>with</u> me. <br> <br>সঙ্গে - with । এখানে along with me-ও লেখা যায় । কারণ পরে বলা হচ্ছে ।"
                      },
                      {
                        "description": "",
                        "image1": "foodwith",
                        "name": "BPP2-Lesson1 (2)",
                        "text1": "মা খাবারটি চামচ দিয়ে খেয়েছিল <br> <br>Mother ate the food ____ a spoon.",
                        "text2": "Mother ate the food <u>with</u> a spoon. <br> <br>চামচ দিয়ে - চামচের সহিত (with a spoon) । তবে by a spoon (চামচ দ্বারা) লিখলেও ভুল হবে না ।"
                      },
                      {
                        "description": "",
                        "image1": "withhair",
                        "name": "BPP2-Lesson1 (3)",
                        "text1": "এই মেয়েটির লম্বা চুল আছে <br> <br>She is the girl _____ long hair.",
                        "text2": "She is the girl <u>with</u> long hair. <br> <br>যেন 'মেয়েটির সঙ্গে লম্বা চুল' - girl with long hair । এরকম ব্যবহার আরো হয় - he is the man with six fingers (এই লোকটির ছ'টা আঙুল আছে) বা Mr. Modi is a person with iron fists (শ্রীমোদী লৌহমুষ্টির মানুষ) ।"
                      },
                      {
                        "description": "",
                        "image1": "withdrink",
                        "name": "BPP2-Lesson1 (4)",
                        "text1": "তুমি কি পানীয়টির সঙ্গে এই তরল পদার্থটি মেশাতে পারবে ?  <br> <br>Can you mix this fluid _____ the drink ?",
                        "text2": "Can you mix this fluid <u>with</u> the drink ? <br> <br>'সঙ্গে' আছে, তাই with হল । to হবে না এখানে ।"
                      },
                      {
                        "description": "",
                        "image1": "cup",
                        "name": "BPP2-Lesson1 (5)",
                        "text1": "আমি কি এক কাপ চা পেতে পারি ? <br> <br>Can I have a cup ___ tea ?",
                        "text2": "Can I have a cup <u>of</u> tea ? <br> <br>যেন চা চাই না, চায়ের কাপ (cup of tea) চাই (অবশ্যই চা ভর্তি কাপ মানে করা হচ্ছে) । আবার Can I have a teacup বলা যাবে না, তাহলে চায়ের কাপই শুধু চাওয়া হবে, তাতে চা থাকবে না (ফাঁকা কাপ) । এগুলো হল ইংরিজি ভাষার কিছু অদ্ভুতত্ব । মজা করে বলা হল, যাতে মনে থাকে ।"
                      },
                      {
                        "description": "",
                        "image1": "family",
                        "name": "BPP2-Lesson1 (6)",
                        "text1": "এটি আমার পরিবারের ছবি <br> <br>This is a picture ___ my family.",
                        "text2": "This is a picture <u>of</u> my family. <br> <br>পরিবারের ছবি - picture of family । 'এর' থাকলে of বসে । সাধারণত । সবসময় নয় ।"
                      },
                      {
                        "description": "",
                        "image1": "table",
                        "name": "BPP2-Lesson1 (7)",
                        "text1": "এই টেবিলটি কাঠের তৈরি <br> <br>This table is made ___ wood.",
                        "text2": "This table is made <u>of</u> wood. <br> <br>made of wood হয়, আবার অন্য এক ক্ষেত্রে made from wood-ও হয় । যখন কাঠের 'কাঠত্ব' বজায় থাকে, তখন made of wood হবে । যেমন, টেবিলটা দেখে বোঝা যাচ্ছে, সেটা কাঠ থেকে তৈরী, অর্থাৎ 'কাঠত্ব' বজায় আছে । কাঠ আর চেনা না গেলে from wood হবে । যেমন, paper is made from wood, কারণ কাগজ দেখে বোঝার উপায় নেই যে তা কাঠ থেকে তৈরী । wood-এর জায়গায় steel, iron, cotton হতে পারে । যেমন, this gun is made of steel ।"
                      },
                      {
                        "description": "",
                        "image1": "ofbook",
                        "name": "BPP2-Lesson1 (8)",
                        "text1": "এই বইটির দাম পঁচাত্তর টাকা <br> <br>The price ___ the book is Rs. 75",
                        "text2": "The price <u>of</u> the book is Rs. 75. <br> <br>বইয়ের দাম - price of the book । জেনে রাখবে, যদি কোন জিনিশ বা মানুষের গুণ বা বৈশিষ্ট্য বা ধর্ম বোঝায়, তখন of বসবেই । price এখানে book-এর গুণ বা বৈশিষ্ট্য, তাই price of the book হল । আরো উদাহরণ - love of the mother, water of the pond, movement of the snake ইত্যাদি ।"
                      },
                      {
                        "description": "",
                        "image1": "marriage",
                        "name": "BPP2-Lesson1 (9)",
                        "text1": "ওরা দুহাজার সালের গ্রীষ্মে বিবাহ করেছিল <br> <br>They  got married in the summer ___ year 2000.",
                        "text2": "They  got married in the summer <u>of</u> year 2000. <br> <br>year 2000-এর গুণ বা বৈশিষ্ট্য তার summer । তাই of বসল ।"
                      },
                      {
                        "description": "",
                        "image1": "comefrom",
                        "name": "BPP2-Lesson1 (10)",
                        "text1": "আপনি কোথা থেকে আসছেন (বা আপনি কোথাকার লোক) ? <br> <br>Where do you come _____ ?",
                        "text2": "Where do you come <u>from</u> ? <br> <br>কোথা থেকে - where from । তাই এরকমও লেখা যায় - where from do you come ? আবার আরেক ক্ষেত্রে come of হয় । যেমন, he comes of a noble family । কোন জায়গা থেকে এলে come from আর জায়গা নয় এমন সূত্র থেকে এলে come of ।"
                      },
                      {
                        "description": "",
                        "image1": "kolkata",
                        "name": "BPP2-Lesson1 (11)",
                        "text1": "আমরা দিল্লী থেকে কোলকাতা গাড়ি চালিয়ে এসেছিলাম <br> <br>We drove down _____ Delhi _____ Kolkata.",
                        "text2": "We drove down <u>from</u> Delhi <u>to</u> Kolkata. <br> <br>'এখান থেকে ওখান' বোঝাতে from-to ব্যবহার হয় - from Delhi to Kolkata । যে জায়গা থেকে শুরু তার আগে from আর যেখানে শেষ তার আগে to বসে ।  শুধু drive লিখলে 'গাড়ী চালানো' বোঝায় আর drive down হল গাড়ী চালিয়ে আসা ।"
                      }
]