[
                      {
                        "description": "",
                        "image1": "infrontbike",
                        "name": "BPP2-Lesson3 (1)",
                        "text1": "গাড়িটি বাইকের সামনে আছে <br> <br>The car is _____________ a bike.",
                        "text2": "The car is <u>in front of</u> a bike. <br> <br>এই রকম ক্ষেত্রে before ব্যবহার করবে না, in front of-ই ব্যবহার করবে । মনে করে দেখ preposition of place-এ দুটি ক্ষেত্রে before ব্যবহার হয় । এক, কোন list-এ একটির আগে আর একটি (four before five) আর দুই, কোন   গুরুত্বপূর্ণ জিনিসের আগে (before mankind, before God) । অন্য সব ক্ষেত্রে in front of ব্যবহার করবে, before ব্যবহার করবে না ।"
                      },
                      {
                        "description": "",
                        "image1": "audience",
                        "name": "BPP2-Lesson3 (2)",
                        "text1": "তারা দর্শকদের সামনে গান করছে <br> <br>They are singing ____________ the audience.",
                        "text2": "They are singing <u>in front of</u> the audience. <br> <br>এখানে in front of ব্যবহার হল কারণ audience তেমন কিছু গুরুত্বপূর্ণ নয় । এক্ষেত্রে before লিখলেও অবশ্য খুব ভুল হত না (তুমি যদি audience-কে গুরুত্বপূর্ণ মনে কর) ।"
                      },
                      {
                        "description": "",
                        "image1": "infronthouse",
                        "name": "BPP2-Lesson3 (3)",
                        "text1": "তারা দুজনে বাড়ির সামনে ঝগড়া করছে <br> <br>They two are quarreling _____________ the house.",
                        "text2": "They two are quarreling <u>in front of</u> the house. <br> <br>বাড়ির সামনে - in front of the house । যে দুটি ক্ষেত্রের উল্লেখ করা হয়েছিল before-এর জন্য, সে দুটির কোনটাই এখানে প্রযোজ্য নয় । ঝগড়া করা - quarrel ।"
                      },
                      {
                        "description": "",
                        "image1": "sunbehind",
                        "name": "BPP2-Lesson3 (4)",
                        "text1": "সূর্য মেঘের পিছনে হাসছে  <br> <br>The sun is smiling ______ clouds.",
                        "text2": "The sun is smiling <u>behind</u> clouds. <br> <br>পিছনে - behind । এখানে after লিখলে ভুল হবে কারণ after 'পরে' বোঝায়, 'পিছনে' নয় । সূর্য হা হা করে হাসে না, তাই laugh হল না, smile হল । এ দুটোর তফাৎ জানো তো ?"
                      },
                      {
                        "description": "",
                        "image1": "behindbar",
                        "name": "BPP2-Lesson3 (5)",
                        "text1": "অপরাধী এখন জেলে <br> <br>The criminal is _______ the bars now.",
                        "text2": "The criminal is <u>behind</u> the bars now. <br> <br>এটি একটি বিশেষ ব্যবহার, behind the bars মানে যেন জেলের দরজার পিছনে । এখানেও after ব্যবহার করবে না ।"
                      },
                      {
                        "description": "",
                        "image1": "crawling",
                        "name": "BPP2-Lesson3 (6)",
                        "text1": "বৃদ্ধ লোকটি আরম্ভরেখার পিছনে হামাগুড়ি দিচ্ছে <br> <br>The old man is crawling _______ the start line.",
                        "text2": "The old man is crawling <u>behind</u> the start line. <br> <br>এখানেও 'পিছনে' আছে বলেই behind হল । Crawl - হামাগুড়ি দেওয়া ।"
                      },
                      {
                        "description": "",
                        "image1": "behindtree",
                        "name": "BPP2-Lesson3 (7)",
                        "text1": "ছেলেটি গাছের পিছনে লুকিয়ে আছে <br> <br>The boy is hiding _______ the tree.",
                        "text2": "The boy is hiding <u>behind</u> the tree. <br> <br>গাছের পিছনে - behind the tree, লুকিয়ে থাকা - hide ।"
                      },
                      {
                        "description": "",
                        "image1": "goupdown",
                        "name": "BPP2-Lesson3 (8)",
                        "text1": "একজন ওঠে, তাই আরেকজন নামে <br> <br>One goes _____, so another one goes ______ .",
                        "text2": "One goes <u>up</u>, so another one goes <u>down</u>. <br> <br>up ওপরের দিক বোঝায়, আর down বোঝায় নীচের দিক । go up তাই (ওপরের দিকে) ওঠা, আর go down (নীচের দিকে) নামা । এরকমই climb up, climb down (চড়া, নামা) বা look up, look down (ওপরে তাকানো, নীচে তাকানো) ইত্যাদি হয় ।"
                      },
                      {
                        "description": "",
                        "image1": "prayer",
                        "name": "BPP2-Lesson3 (9)",
                        "text1": "প্রার্থনা ওপরে গেলে আশীর্বাদ নীচে নামে <br> <br>As prayers go _____, blessings come _______ .",
                        "text2": "As prayers go <u>up</u>, blessings come <u>down</u>. <br> <br>go up যে ওপরে যাওয়া, সেটা আগের উদাহরণেই জেনেছ । এক্ষেত্রে কিন্তু blessings go down হবে না, come down হবে, কারণ প্রার্থনা যে করছে তার কাছেই আশীর্বাদ নেমে আসছে (আগের উদাহরণে তা কিন্তু নয়) । prayer - প্রার্থনা, blessing - আশীর্বাদ ।"
                      },
                      {
                        "description": "",
                        "image1": "jackandjill",
                        "name": "BPP2-Lesson3 (10)",
                        "text1": "জ্যাক এবং জিল পাহাড় বেয়ে উঠেছিল <br> <br>Jack and Jill went ___ the hill.",
                        "text2": "Jack and Jill went <u>up</u> the hill. <br> <br>'বেয়ে' অর্থে up ব্যবহার হল । went to the hill লিখলে 'পাহাড়ে গিয়েছিল' বোঝাত । এক্ষেত্রে along ব্যবহার খুব ভুল হত না কিন্তু up the hill-ই বেশী সুপ্রযুক্ত । সবসময় মনে রাখবে, up আর down চলন (movement) বোঝাতে ব্যবহার হয় । কেউ যদি পাহাড়ের ওপরে থাকে, তাহলে লিখতে হবে he is on the hill বা he is up on the hill (সেটা চলন হবে না) । এক্ষেত্রে 'উঠেছিল' (এটা চলন) বোঝাতে went up হল ।"
                      },
                      {
                        "description": "",
                        "image1": "baloon",
                        "name": "BPP2-Lesson3 (11)",
                        "text1": "বেলুনটি আকাশে উড়ছে <br> <br>The balloon is ___ in the sky.",
                        "text2": "The balloon is <u>up</u> in the sky. <br> <br>আগের উদাহরণের ব্যাখ্যাতে up on the hill লেখা হয়েছিল, সেটা কোন চলন ছিল না । এখানে up in the sky বোঝাতে 'উচুতে আকাশের মধ্যে আছে' এমনটা মানে করা হচ্ছে । যেহেতু আকাশে দাঁড়িয়ে থাকা যায় না, তাই আকাশের মধ্যে থাকাকে 'ওড়া'-ই বুঝতে হবে ।"
                      }
]