[
                      {
                        "description": "",
                        "image1": "fromwood",
                        "name": "BPP2-Lesson2 (1)",
                        "text1": "কাগজ তৈরি হয় কাঠ থেকে <br> <br>Paper is made _____ wood.",
                        "text2": "Paper is made <u>from</u> wood. <br> <br>আগেই বলা হয়েছে, কাগজে কাঠের 'কাঠত্ব' নেই বলে made from wood হল । কাগজ দেখে কি বুঝতে পার যে সেটা কাঠ থেকে তৈরী ?"
                      },
                      {
                        "description": "",
                        "image1": "fromfever",
                        "name": "BPP2-Lesson2 (2)",
                        "text1": "সে জ্বরে ভুগে চলেছে <br> <br>He has been suffering _____ fever.",
                        "text2": "He has been suffering <u>from</u> fever.  <br> <br>যেন জ্বর থেকে ভুগে চলেছে - suffering from fever । ভোগা - suffer ।"
                      },
                      {
                        "description": "",
                        "image1": "diedof",
                        "name": "BPP2-Lesson2 (3)",
                        "text1": "মি. স্মিথ বয়সজনিত কারণে মারা যান <br> <br>Mr. Smith died ____ old age.",
                        "text2": "Mr. Smith died <u>of</u> old age. <br> <br>এটি একটি বিশেষ ব্যবহার । suffer from হয়, কিন্তু die of হয় । এরকম die of cholera, die of malnutrition, die of cancer ব্যবহার সঠিক । suffer from typhoid, suffer from cancer, suffer from fever - এরকম লিখবে ।"
                      },
                      {
                        "description": "",
                        "image1": "malnutrition",
                        "name": "BPP2-Lesson2 (4)",
                        "text1": "অপুষ্টিজনিত কারণে প্রতি বছর বহু শিশু মারা যায় <br> <br>Many children die _______ malnutrition every year.",
                        "text2": "Many children die <u>of</u> malnutrition every year. <br> <br>ছবি দেখ । 'কারণ' বোঝাতে (জ্বরের বা ক্যান্সারের বা অপুষ্টির) from আর of দুই-ই ব্যবহার হয় । শুধু ভুগলে (suffer) ব্যবহার হয় from, আর মারা গেলে (die) ব্যবহার হয় of । এইটা খেয়াল রাখবে ।"
                      },
                      {
                        "description": "",
                        "image1": "noblefamily",
                        "name": "BPP2-Lesson2 (5)",
                        "text1": "মি. শাহনওয়াজ এক অভিজাত বংশের মানুষ <br> <br>Mr. Shehnawaz comes ______ a noble family.",
                        "text2": "Mr. Shehnawaz comes <u>of</u> a noble family. <br> <br>আগেই বলা হয়েছে, যদি 'আসা' কোন ধারণা (idea) থেকে হয়, ভৌত (physical) কোন উৎস থেকে হয় না, তখন from না বসে of বসে ।  আগের একটি উদাহরণ খেয়াল কর - Where do you come from ? এখানে come from হল, কারণ এখানে যে জায়গা থেকে আসার কথা বলা হচ্ছে, সেটি কোন ভৌত জায়গা, যার অস্তিত্ব দেখতে পাওয়া যায় । family মানুষের তৈরী একটি ধারণা (idea), তাই তার আগে of বসল ।"
                      },
                      {
                        "description": "",
                        "image1": "mirror",
                        "name": "BPP2-Lesson2 (6)",
                        "text1": "আয়নার সামনে দাঁড়ানো আমায় মাঝেমাঝে সাহায্য করে <br> <br>Standing _______ the mirror helps me sometimes.",
                        "text2": "Standing <u>before</u> the mirror helps me sometimes. <br> <br>In front of আর before - এই দুটো preposition মোটামুটি একই অর্থে ব্যবহার হয়, 'আগে' বা 'সামনে' বোঝাতে । এই উদাহরণটিতে তাই before-এর জায়গায় in front of-ও লেখা যেত ।"
                      },
                      {
                        "description": "",
                        "image1": "pollution",
                        "name": "BPP2-Lesson2 (7)",
                        "text1": "দূষণ মানবজাতির সামনে এক চ্যালেঞ্জ <br> <br>Pollution is a challenge _______ mankind.",
                        "text2": "Pollution is a challenge <u>before</u> mankind. <br> <br>দুটি ক্ষেত্রে in front of-এর জায়গায় before ব্যবহার করবে । এক, যখন কোন গুরুত্বপূর্ণ কিছুর সামনে বোঝানো হয়, যেমন mankind, God বা Einstein ইত্যাদি । তাই লেখা হয় - challenge before mankind, standing before God, problems before Einstein । আর দুই, যখন কোন list-এ একটি জিনিস আর একটি জিনিসের আগে আসে । এসব ক্ষেত্রে in front of ব্যবহার ভাল নয় ।"
                      },
                      {
                        "description": "",
                        "image1": "beforefive",
                        "name": "BPP2-Lesson2 (8)",
                        "text1": "চার পাঁচের আগে আসে <br> <br>Four comes _______ five.",
                        "text2": "Four comes <u>before</u> five. <br> <br>আগের উদাহরণের ব্যাখ্যায় বলা হয়েছে list-এ একটি জিনিসের আগে আর একটি জিনিস এলে before ব্যবহার করা হয়, in front of ব্যবহার করা হয় না । এই উদাহরণে সংখ্যার list-এ চার পাঁচের আগে আসে বলে four comes before five লেখা হল । ঠিক এমনই 'p' comes before 'q' ।"
                      },
                      {
                        "description": "",
                        "image1": "maharaja",
                        "name": "BPP2-Lesson2 (9)",
                        "text1": "মহারাজ হাসলেন, “আমি আপনার পরে”  <br> <br>“______ you”, Smiled Maharaja.",
                        "text2": "“<u>After</u> you”, Smiled Maharaja. <br> <br>কোন কিছু বা কেউ অন্য কিছু বা আর একজনের পরে বোঝাতে after-ই ব্যবহার করবে, behind ব্যবহার করবে না । এই উদাহরণে behind you লিখলে ভুল হত । এখানে I am after you লেখার প্রয়োজন হল না যেহেতু এটা  কথোপকথনের মধ্যে ।"
                      },
                      {
                        "description": "",
                        "image1": "afterme",
                        "name": "BPP2-Lesson2 (10)",
                        "text1": "সবসময় আমার পেছনে পড়ে আছ কেন ? <br> <br>Why are you ______ me always ? ",
                        "text2": "Why are you <u>after</u> me always ? <br> <br>এটি একটি বিশেষ ব্যবহার । 'পেছনে পড়ে থাকা'-এর অর্থ বিরক্ত করা (যেমন remote সব সময় TV-র পেছনে পড়ে থাকে বা যেন বিরক্ত করছে) । এই রকম ক্ষেত্রে after ব্যবহার করবে, behind ব্যবহার করবে না ।"
                      },
                      {
                        "description": "",
                        "image1": "afterfive",
                        "name": "BPP2-Lesson2 (11)",
                        "text1": "ছয় পাঁচের পরে আসে <br> <br>Six comes ______ five.",
                        "text2": "Six comes <u>after</u> five. <br> <br>আগেই বলা হয়েছে, list থাকলে যেমন before ব্যবহার হয় তেমনই এক্ষেত্রে after ব্যবহার হল । এক্ষেত্রে in front of ভুল । দুটো ক্ষেত্রে in front of-এর জায়গায় before (আর after) ব্যবহার হয়, সে দুটো মনে আছে তো ?"
                      }
]