[
                      {
                        "description": "",
                        "image1": "undertable",
                        "name": "BPP2-Lesson5 (1)",
                        "text1": "তোমরা বাচ্চারা টেবিলের নীচে কি করছ ? <br> <br>What are you kids doing ______ the table ?",
                        "text2": "What are you kids doing <u>under</u> the table ? <br> <br>কোন জিনিসের কিছুটা নীচে হলে under এবং বেশ কিছুটা নীচে হলে below ব্যবহার হয় । এখানে down কিন্তু কখনই ব্যবহার করবে না, কারণ সেটা হল চলনের preposition । নীচের ছবি দেখ ।",
                        "imagefooter2": "underfooter2"
                      },
                      {
                        "description": "",
                        "image1": "undertree",
                        "name": "BPP2-Lesson5 (2)",
                        "text1": "আমরা গাছের নীচে আশ্রয় নিয়েছিলাম <br> <br>We took shelter ______ a tree.",
                        "text2": "We took shelter <u>under</u> a tree. <br> <br>গাছ যেহেতু খুব বড় কিছু হয় না, তাই গাছের নীচে অর্থে under the tree হবে ।",
                        "imagefooter2": "underfooter2"
                      },
                      {
                        "description": "",
                        "image1": "undercover",
                        "name": "BPP2-Lesson5 (3)",
                        "text1": "যখন বৃষ্টি এসেছিল, আমি ছাউনির নীচে ছিলাম <br> <br>I was ______ cover when the rain came.",
                        "text2": "I was <u>under</u> cover when the rain came. <br> <br>'ছাউনির নীচে' অর্থে অনেকটা নীচে নয়, অল্প নীচে । তাই under cover হল, below cover হল না । নীচের ছবিটা দেখ ।",
                        "imagefooter2": "underfooter2"
                      },
                      {
                        "description": "",
                        "image1": "undershade",
                        "name": "BPP2-Lesson5 (4)",
                        "text1": "তারা বাস স্ট্যান্ডের ছাউনির নীচে দাঁড়িয়ে বাসের জন্য অপেক্ষা করছে <br> <br>They are waiting for bus ______ the shade of a bus stand.",
                        "text2": "They are waiting for bus <u>under</u> the shade of a bus stand. <br> <br>একই কারণে under হল ।"
                      },
                      {
                        "description": "",
                        "image1": "aboveshop",
                        "name": "BPP2-Lesson5 (5)",
                        "text1": "আমরা দোকানের উপর একটা ঘরে থাকি <br> <br>We live in a room ______ the shop.",
                        "text2": "We live in a room <u>above</u> the shop. <br> <br>এখানে প্রশ্ন করতে পার, যেহেতু 'ঘর'-টি ঠিক 'দোকান'-এর ওপর, তাহলে আগের নিয়ম মেনে on বা over হল না কেন ? লম্ব ভাবে অবস্থিত বা দ্বিমাত্রিক তল বুঝতে পারা গেলে, একটির পরিপ্রেক্ষিতে আর একটি জিনিসের অবস্থানকে above বা below দিয়েই প্রকাশ করতে হবে, over বা under হবে না । আগের উদাহরণগুলিতে একটি জিনিস আর একটি জিনিসের ওপরে (স্থিরভাবে)  ছিল না । সমস্ত উদাহরণেই চলন বোঝানো হয়েছিল । যেমন fox jumped over the gate, fly over the mountain ইত্যাদি । এইসব ক্ষেত্রে ছবির নিয়ম কার্যকর হয়েছিল । এক্ষেত্রে হবে না ।"
                      },
                      {
                        "description": "",
                        "image1": "sunabove",
                        "name": "BPP2-Lesson5 (6)",
                        "text1": "সূর্য আমাদের মাথার উপরে আছে <br> <br>The sun is ______ our head.",
                        "text2": "The sun is <u>above</u> our head. <br> <br>অনেক উঁচুতে আছে বলে above হল ।",
                        "imagefooter2": "overfooter2"
                      },
                      {
                        "description": "",
                        "image1": "helicopter",
                        "name": "BPP2-Lesson5 (7)",
                        "text1": "হেলিকপ্টার আমাদের উপর দিয়ে উড়ছে <br> <br>The helicopter is flying ______ us.",
                        "text2": "The helicopter is flying <u>above</u> us. <br> <br>লক্ষ্য কর এখানে above চলন অর্থে ব্যবহার হয়েছে (অনেকটা ওপরে) । তাই ছবির নিয়ম কার্যকর হয়েছে । ছবিটা দেখ ।",
                        "imagefooter2": "overfooter2"
                      },
                      {
                        "description": "",
                        "image1": "abovecricket",
                        "name": "BPP2-Lesson5 (8)",
                        "text1": "সে ক্রিকেট বলটিকে মেরে উপরের দিকের বসবার স্থানে পাঠালো <br> <br>He hit the cricket ball to the stands ______.",
                        "text2": "He hit the cricket ball to the stands <u>above</u>. <br> <br>এটি একটি বিশেষ ব্যবহার । কোন stadium-এ বসবার স্থানকে stand বলে । তার ওপরের দিকের অংশ বোঝাতে above ব্যবহার হল ।"
                      },
                      {
                        "description": "",
                        "image1": "belowtarget",
                        "name": "BPP2-Lesson5 (9)",
                        "text1": "তীরগুলি লাল নিশানার নীচে লাগলো <br> <br>The arrows hit ______ the red target.",
                        "text2": "The arrows hit <u>below</u> the red target. <br> <br>এখানেও প্রশ্ন করতে পার, যেহেতু 'তীরগুলি' নিশানার খুব নীচে লাগেনি, তাই কেন under হল না ? আগের একটি উদাহরণে বলা হয়েছে লম্ব ভাবে অবস্থিত বা দ্বিমাত্রিক তল বুঝতে পারা গেলে একটি জিনিসের পরিপ্রেক্ষিতে আর একটি জিনিসের অবস্থানকে above বা below দিয়েই প্রকাশ করতে হবে । এক্ষেত্রে নিশানাটা একটি দ্বিমাত্রিক তল যা লম্ব ভাবে অবস্থিত তাই below হল । এরকমভাবেই below sea level (সমুদ্র পৃষ্ঠের নীচে), below average (গড়ের নীচে) ইত্যাদি ব্যবহার হয় । ঠিক এই একই কারণে room above the shop হয়েছিল ।"
                      },
                      {
                        "description": "",
                        "image1": "nailbelow",
                        "name": "BPP2-Lesson5 (10)",
                        "text1": "সে প্রথম পেরেকটির তলায় দ্বিতীয় পেরেক গাঁথল <br> <br>He fixed a second nail ______ the first one.",
                        "text2": "He fixed a second nail <u>below</u> the first one. <br> <br>আগের মত একই যুক্তি । এখানেও দ্বিমাত্রিক তল যা লম্বভাবে অবস্থিত (যেটা পরিষ্কারভাবে বোঝা যাচ্ছে), তাই below হল । under বা down লিখবে না ।"
                      },
                      {
                        "description": "",
                        "image1": "belowbridge",
                        "name": "BPP2-Lesson5 (11)",
                        "text1": "আমরা পুলের তলা দিয়ে নৌকা নিয়ে গিয়েছিলাম <br> <br>We took the boat ______ the bridge.",
                        "text2": "We took the boat <u>below</u> the bridge. <br> <br>এখানে under-ও লেখা যায় অবশ্য ('অল্প নীচে' বোঝাতে), কারণ নইলে তো পুলটা ওরকমভাবে খুলে যাবার দরকার হত না । পুলের ছবিটা না থাকলে below-ই হত, তাই না ? ছবি দেখতে পাচ্ছ বলেই under হতে পারে, এমনটা ভাবা হচ্ছে ।"
                      }
]