[
                      {
                        "description": "",
                        "image1": "howrahamong",
                        "name": "BPP3-Lesson2 (1)",
                        "text1": "হাওড়া স্টেশন কোলকাতার সব স্টেশনের মধ্যে বড় <br> <br>Howrah station is very big ______ all stations of Kolkata.",
                        "text2": "Howrah station is very big <u>among</u> all stations of Kolkata. <br> <br>'অনেকের মধ্যে' এরকম বোঝালে among, আর 'দুটোর মধ্যে' এরকম বোঝালে between ব্যবহার করবে । অনেক স্টেশনের মধ্যে একটা স্টেশন হল হাওড়া । তাই তার আগে among বসল । আরো উদাহরণ - Among all Gods, Lord Shiva is my favourite ।"
                      },
                      {
                        "description": "",
                        "image1": "amongstudent",
                        "name": "BPP3-Lesson2 (2)",
                        "text1": "রাম স্কুলের সব ছাত্রদের মধ্যে শ্রেষ্ঠ <br> <br>Ram is the best ______ all students in the school.",
                        "text2": "Ram is the best <u>among</u> all students in the school. <br> <br>ছাত্রসংখ্যা নিশ্চয়ই দুই-এর বেশী । তাই all students-এর আগে among বসল, between বসল না । 'মধ্যে' আছে, তা-ও within বা inside এক্ষেত্রে কেন হবে না, বল তো ? কারণ, 'অনেকের মধ্যে একটা' অর্থাৎ সংখ্যা বোঝাচ্ছে এখানে । তাই among । আগের উদাহরণগুলো, যেমন God is inside you বা keep the toys within reach, এগুলোতে কোন সংখ্যা বোঝানো হচ্ছে না ।"
                      },
                      {
                        "description": "",
                        "image1": "kalighatamong",
                        "name": "BPP3-Lesson2 (3)",
                        "text1": "কালীঘাট মন্দির কলকাতার সব মন্দিরের থেকে পুরানো <br> <br>Kalighat temple is the oldest ______ all Kolkata temples.",
                        "text2": "Kalighat temple is the oldest <u>among</u> all Kolkata temples. <br> <br>'সব মন্দিরের চেয়ে পুরোনো' - সেই একাধিক মন্দির বোঝানো হচ্ছে । যেহেতু কোলকাতায় মন্দিরের সংখ্যা অনেক, তাই among বসল all Kolkata temples-এর আগে ।"
                      },
                      {
                        "description": "",
                        "image1": "betweenhouse",
                        "name": "BPP3-Lesson2 (4)",
                        "text1": "সে দুটি বাড়ীর মধ্যে দৌড়চ্ছে <br> <br>He is running ________ two houses.",
                        "text2": "He is running <u>between</u> two houses. <br> <br>'দুটো বাড়ি' বলে between বসল two houses-এর আগে । দুটোর বেশী থাকলে among বসত ।"
                      },
                      {
                        "description": "",
                        "image1": "betweenpost",
                        "name": "BPP3-Lesson2 (5)",
                        "text1": "গোলকিপারটি দুটি পোস্টের মাঝখানে আছে <br> <br>The goalkeeper is ________ two posts.",
                        "text2": "The goalkeeper is <u>between</u> two posts. <br> <br>একই । 'দুটো পোস্ট' - তাই তার আগে between ।"
                      },
                      {
                        "description": "",
                        "image1": "nexttoshop",
                        "name": "BPP3-Lesson2 (6)",
                        "text1": "সাইকেলটি বইয়ের দোকানের পাশে দাঁড় করানো আছে <br> <br>The cycle is kept ________ the book shop.",
                        "text2": "The cycle is kept <u>next to</u> the book shop. <br> <br>by, beside আর next to একই অর্থে ব্যবহার হয় - 'পাশে' । next of ভুল ।"
                      },
                      {
                        "description": "",
                        "image1": "nexttogarden",
                        "name": "BPP3-Lesson2 (7)",
                        "text1": "বাগানের পরে একটা চিড়িয়াখানা আছে <br> <br>There is a zoo ________ the garden.",
                        "text2": "There is a zoo <u>next to</u> the garden. <br> <br>'পরে' আছে বটে, কিন্তু পাশাপাশি তো garden আর zoo । তাই next to লেখা হল । after-ও ঠিক ছিল । beside কিন্তু হবে না, কারণ 'পাশে' নেই ।"
                      },
                      {
                        "description": "",
                        "image1": "nexttotable",
                        "name": "BPP3-Lesson2 (8)",
                        "text1": "চেয়ারটা টেবিলের পাশে আছে <br> <br>The chair is ________ the table.",
                        "text2": "The chair is <u>next to</u> the table. <br> <br>beside লেখা যেত next to-র জায়গায়, কিন্তু near লিখো না । near হল 'কাছে' । 'পাশে' আর 'কাছে'-র তফাৎ আছে ।"
                      },
                      {
                        "description": "",
                        "image1": "nexttofriend",
                        "name": "BPP3-Lesson2 (9)",
                        "text1": "সানা তার বন্ধুর পাশে হাঁটছে <br> <br>Sana is walking ________ her friend.",
                        "text2": "Sana is walking <u>next to</u> her friend. <br> <br>walk চলনের verb, তাও next to দিব্যি ব্যবহার হল । beside her friend-ও লেখা যেত ।"
                      },
                      {
                        "description": "",
                        "image1": "oppositesignboard",
                        "name": "BPP3-Lesson2 (10)",
                        "text1": "মানুষটি সাইনবোর্ডের বিপরীত দিকে দাঁড়িয়ে আছে <br> <br>The man is standing _________ the signboard.",
                        "text2": "The man is standing <u>opposite</u> the signboard. <br> <br>'বিপরীত' কিন্তু 'পাশাপাশি' নয়, 'বিপরীত' হল উল্টোদিকে অবস্থান । অতএব তোমরা 'পাশে' বা 'কাছে'-র থেকে 'বিপরীত'-কে আলাদা করতে পারছ । বিপরীত - opposite ।"
                      },
                      {
                        "description": "",
                        "image1": "oppositebedroom",
                        "name": "BPP3-Lesson2 (11)",
                        "text1": "কিছু গাড়ি দাঁড় করানো আছে তাদের শোওয়ার ঘরের মুখোমুখি  <br> <br>Some cars are parked _________ their bedroom.",
                        "text2": "Some cars are parked <u>opposite</u> their bedroom. <br> <br>'মুখোমুখি' বোঝাতেও opposite ব্যবহার করা হয় । এখানে 'সামনে' বোঝাচ্ছে, এরকমটাও ভাবতে পার । তাই opposite-এর জায়গায় in front of-ও দেওয়া যেতে পারে । কিন্তু opposite-এর জায়গায় against লিখবে না । Opposite - বিপরীত বা মুখোমুখি, against - বিপক্ষে । এই উদাহরণে passive voice-এর ব্যবহার খেয়াল কর ।"
                      }
]