[
                      {
                        "description": "",
                        "image1": "acrossriver",
                        "name": "BPP3-Lesson5 (1)",
                        "text1": "বাচ্চারা সাঁতরে নদী পেরোনোর কথা ভাবছে <br> <br>Kids are thinking of swimming _______ the river.",
                        "text2": "Kids are thinking of swimming <u>across</u> the river. <br> <br>'নদী'-ও দ্বিমাত্রিক, তাই across the river হল । Thinking of swimming-এর ব্যবহারটা লক্ষ্য কর - এর জায়গায় thinking to swim-ও লেখা যেত ।"
                      },
                      {
                        "description": "",
                        "image1": "acrosscontinent",
                        "name": "BPP3-Lesson5 (2)",
                        "text1": "ইন্টারনেট আজ মহাদেশ পেরিয়ে কথা বলতে সাহায্য করে <br> <br>Internet helps talks _______ continents today.",
                        "text2": "Internet helps talks <u>across</u> continents today. <br> <br>মহাদেশকে আমরা দ্বিমাত্রিক-ই ধরবো (ছবি দেখ), তাই across বসল । helps talks না লিখে helps to talk-ও লেখা যেত ।"
                      },
                      {
                        "description": "",
                        "image1": "acrossjungle",
                        "name": "BPP3-Lesson5 (3)",
                        "text1": "আমি জঙ্গলের ভেতর একটি চমৎকার পুকুরের দেখা পেয়েছি <br> <br>I have come _______ a beautiful pond in the jungle.",
                        "text2": "I have come <u>across</u> a beautiful pond in the jungle. <br> <br>এখানে come across একটি group verb, যার অর্থ দেখা পাওয়া বা সাক্ষাত পাওয়া । এই উদাহরণে across 'ওপারে' অর্থে ব্যবহার হচ্ছে না ।"
                      },
                      {
                        "description": "",
                        "image1": "alongdesert",
                        "name": "BPP3-Lesson5 (4)",
                        "text1": "উটেরা মরুভূমি দিয়ে হেঁটে গিয়েছিল <br> <br>The camels had walked ______ the desert.",
                        "text2": "The camels had walked <u>along</u> the desert. <br> <br>এক লাইনে চলন হলে along ব্যবহার করবে । এখানে উটেরা দ্বিমাত্রিক মরুভূমির ওপর দিয়ে গেলেও, তাদের চলন কিন্তু সোজা ।"
                      },
                      {
                        "description": "",
                        "image1": "kanika",
                        "name": "BPP3-Lesson5 (5)",
                        "text1": "কণিকা যন্ত্রসঙ্গীতের সঙ্গে গাইছে <br> <br>Kanika is singing ______ with instrumental music.",
                        "text2": "Kanika is singing <u>along</u> with instrumental music. <br> <br>একসঙ্গে কাজ করা অর্থেই along with ব্যবহার করা হয় । এখানে সাজিয়ে নাও, কণিকা যন্ত্রসঙ্গীতের সঙ্গে একসঙ্গে গাইছে, অর্থাৎ গান আর যন্ত্রসঙ্গীত একসঙ্গেই চলছে । আরও উদাহরণ - along with him I did the work, come along with me, please tell me the meaning along with examples, এই সব ক্ষেত্রে শুধু with লিখলে ভাব আসবে না । instrument - যন্ত্র । "
                      },
                      {
                        "description": "",
                        "image1": "childalong",
                        "name": "BPP3-Lesson5 (6)",
                        "text1": "তোমার শিশুকে সঙ্গে নিয়ে এসো <br> <br>Bring your child ______.",
                        "text2": "Bring your child <u>along</u>. <br> <br>এখানেও 'একসঙ্গে' অর্থে along ব্যবহার হল, শেষে with you আসলে উহ্য আছে (bring your child along with you) । তুমি আর তোমার শিশু একসঙ্গে আসবে, তাই along with । সঙ্গে - with, একসঙ্গে - along with ।"
                      },
                      {
                        "description": "",
                        "image1": "alongleg",
                        "name": "BPP3-Lesson5 (7)",
                        "text1": "দর্জি ওর প্যান্টের মাপ পা বরাবর নিল <br> <br>The tailor measured his trouser length ______ his legs.",
                        "text2": "The tailor measured his trouser length <u>along</u> his legs. <br> <br>এখানে আবার এক লাইনে (একমাত্রিক) মাপ (measure) নেওয়ার  জন্য along ব্যবহার হল, সেই উটের এক লাইনে হাঁটার মত ।"
                      },
                      {
                        "description": "",
                        "image1": "aroundfire",
                        "name": "BPP3-Lesson5 (8)",
                        "text1": "খ্রীষ্টমাসের রাতে আমরা ছিলাম আগুনের চারপাশে <br> <br>We were _______ a campfire on the Christmas night.  ",
                        "text2": "We were <u>around</u> a campfire on the Christmas night. <br> <br>চারপাশে বোঝাতে around ব্যবহার করা হয় । Campfire হল কোন শিবিরে আগুন পোহানোর জন্য বা রান্না করার জন্য জ্বালানো আগুন ।"
                      },
                      {
                        "description": "",
                        "image1": "martha",
                        "name": "BPP3-Lesson5 (9)",
                        "text1": "তিনি তাঁর হাত মার্থার কাঁধে রাখলেন <br> <br>He put his hand _______ Martha’s shoulder.",
                        "text2": "He put his hand <u>around</u> Martha’s shoulder. <br> <br>এখানে put hand around shoulder মানে হল মাথা এবং ঘাড় বেষ্টন করে কাঁধে হাত রাখা, শুধু কাঁধে হাত রাখা নয় । শুধু কাঁধে হাত রাখা হলে on Martha's shoulder হত ।"
                      },
                      {
                        "description": "",
                        "image1": "mahabharata",
                        "name": "BPP3-Lesson5 (10)",
                        "text1": "মহাভারতের পাশাখেলা সম্বন্ধে কতটা জানো ? <br> <br>How much do you know ________ the game of dice in Mahabharata ?",
                        "text2": "How much do you know <u>about</u> the game of dice in Mahabharata ? <br> <br>about - সম্বন্ধে । about the game of dice - পাশাখেলা সম্বন্ধে । আরও উদাহরণ - You know about yourself, but do you know yourself ?"
                      },
                      {
                        "description": "",
                        "image1": "dhoni",
                        "name": "BPP3-Lesson5 (11)",
                        "text1": "ধোনিকে এরকম দেখতে হলে কেমন হয় ? <br> <br>How __________ Dhoni looking like this ?",
                        "text2": "How <u>about</u> Dhoni looking like this ? <br> <br>How about - কেমন হয় এই সম্বন্ধে । কী সম্বন্ধে, না ধোনিকে এরকম দেখতে - Dhoni looking like this । পুরোটা মিলিয়ে হল How about Dhoni looking like this ? এরকম আরো উদাহরণ - How about killing a tiger with a pin ? বা How about playing football with eleven balls ? "
                      }
]