[
                      {
                        "description": "",
                        "image1": "runtowrds",
                        "name": "BPP3-Lesson4 (1)",
                        "text1": "দৌড়বাজেরা শেষরেখার দিকে ছুটছে <br> <br>The runners are running ________ the finish line.",
                        "text2": "The runners are running <u>towards</u> the finish line. <br> <br>এইখানেও to হবে না towards-ই হবে, কারণ দৌড়বাজেরা finish line-এ যাচ্ছে না, finish line-এর দিকে যাচ্ছে ।"
                      },
                      {
                        "description": "",
                        "image1": "deathtowards",
                        "name": "BPP3-Lesson4 (2)",
                        "text1": "মৃত্যু ধীরে ধীরে সকলের দিকে এগিয়ে আসে <br> <br>Death moves ________ everybody slowly.",
                        "text2": "Death moves <u>towards</u> everybody slowly. <br> <br>একই নিয়ম । moves to everybody বা moves at everybody হবে না । এই এগিয়ে আসা (move), ছোটা (run), গড়ানো (roll) এই সব চলনের verb-এর সঙ্গে towards ব্যবহার হয় ।"
                      },
                      {
                        "description": "",
                        "image1": "outofcage",
                        "name": "BPP3-Lesson4 (3)",
                        "text1": "পাখিটি শেষ পর্যন্ত খাঁচা থেকে বেরোতে পেরেছিল  <br> <br>The bird could finally get ____ of the cage.",
                        "text2": "The bird could finally get <u>out</u> of the cage. <br> <br>বেরিয়ে আসা বোঝাতে out ব্যবহার হয় । যেমন come out, go out, get out ইত্যাদি । get out the cage বা get out from the cage হবে না, get out of the cage হবে ।"
                      },
                      {
                        "description": "",
                        "image1": "sunout",
                        "name": "BPP3-Lesson4 (4)",
                        "text1": "বৃষ্টি থেমে যাওয়ার পর রোদ বেরিয়ে এসেছিল <br> <br>The rain stopped and the sun came ____.",
                        "text2": "The rain stopped and the sun came <u>out</u>. <br> <br>এখানেও বেরিয়ে আসা অর্থে 'out' preposition ব্যবহার হল ।"
                      },
                      {
                        "description": "",
                        "image1": "outidea",
                        "name": "BPP3-Lesson4 (5)",
                        "text1": "আমার মাথায় কিছু আসছে না <br> <br>I'm running ____ of ideas.",
                        "text2": "I'm running <u>out</u> of ideas. <br> <br>এটি একটি বিশেষ ব্যবহার । running out of ideas-এর অর্থ হল, কেউ যেন idea থেকে ছুটে বেরিয়ে আসছে । ছুটে বেরিয়ে আসছে, মানে idea আসছে না ।"
                      },
                      {
                        "description": "",
                        "image1": "outgarden",
                        "name": "BPP3-Lesson4 (6)",
                        "text1": "বাচ্চাগুলি বাগানে বেরিয়েছে <br> <br>The children are ____ in the garden.",
                        "text2": "The children are <u>out</u> in the garden. <br> <br>এখানেও বেরোনো অর্থেই out ব্যবহার হল, শুধু get, come বা go ইত্যাদি verb-এর পরে না এসে out এলো be verb-এর পর (are out) । out the garden বা out of the garden লিখবে না, out in the garden লিখবে ।"
                      },
                      {
                        "description": "",
                        "image1": "throughcity",
                        "name": "BPP3-Lesson4 (7)",
                        "text1": "আমরা শহরের মধ্যে দিয়ে গাড়ি চালিয়ে গেলাম <br> <br>We drove ________ the city.",
                        "text2": "We drove <u>through</u> the city. <br> <br>Through ব্যবহার করা হয়, যখন কোন জায়গার দৈর্ঘ্য, প্রস্থ ও উচ্চতা (ত্রিমাত্রিক) থাকে বা বোঝা যায়, যেমন room, forest, city, sea ইত্যাদি । Across ব্যবহার করা হয়, যখন কোন জায়গার দৈর্ঘ্য ও প্রস্থ (দ্বিমাত্রিক) থাকে বা বোঝা যায়, যেমন table, park, paper, lake ইত্যাদি । Along ব্যবহার করা হয়, যেখানে শুধু দৈর্ঘ্য থাকে বা বোঝা যায়, যেমন path, road, rope ইত্যাদি । এই উদাহরণে city আছে, তাই through হল ।"
                      },
                      {
                        "description": "",
                        "image1": "throughtunnel",
                        "name": "BPP3-Lesson4 (8)",
                        "text1": "ট্রেনটি সুড়ঙ্গের মধ্যে দিয়ে যাচ্ছিল <br> <br>The train was passing ________ the tunnel.",
                        "text2": "The train was passing <u>through</u> the tunnel. <br> <br>Tunnel (সুড়ঙ্গ) দৈর্ঘ্য, প্রস্থ ও উচ্চতা বিশিষ্ট । তাই through ব্যবহার হল ।"
                      },
                      {
                        "description": "",
                        "image1": "throughneedle",
                        "name": "BPP3-Lesson4 (9)",
                        "text1": "আমি এখনো ছুঁচের ভেতর দিয়ে সুতো গলাতে পারি <br> <br>I can still put thread ________ a needle.",
                        "text2": "I can still put thread <u>through</u> a needle. <br> <br>যে কোন গর্তকেই ত্রিমাত্রিক ধরতে হবে । যেমন, through the tunnel, through the hole, through the needle ।"
                      },
                      {
                        "description": "",
                        "image1": "throughphone",
                        "name": "BPP3-Lesson4 (10)",
                        "text1": "ফোন কলটি লাগছে না <br> <br>The phone call is not going ________.",
                        "text2": "The phone call is not going <u>through</u>. <br> <br>Go through একটি group verb, যা সধারণত কোন বিষয়ের ওপর চোখ বোলানো (go through the matter) বা আবার করে পড়া (going through notes before the examination) এই রকম অর্থেই ব্যবহার হয়, কিন্তু কোন কিছুর ভেতর দিয়ে যাওয়া বা যোগাযোগ অর্থেও go through ব্যবহার হয় (pass through-এর মত) ।"
                      },
                      {
                        "description": "",
                        "image1": "acrossfield",
                        "name": "BPP3-Lesson4 (11)",
                        "text1": "মাঠের ওপারে কিছু বাড়ি আছে <br> <br>There are some houses _______ the field.",
                        "text2": "There are some houses <u>across</u> the field. <br> <br>মাঠ (field) দ্বিমাত্রিক, তাই across ব্যবহার হয় । মনে রাখবে, noun ত্রিমাত্রিক হলে through, দ্বিমাত্রিক হলে across এবং একমাত্রিক হলে along ব্যবহার হয় । এই উদাহরণে across 'ওপারে' এই অর্থে ব্যবহার হয়েছে । across-এর বদলে next to-ও লেখা যেত 'পরে' অর্থে । তবে beside বা by এখানে বসালে ঠিক হবে না ।"
                      }
]