[
                      {
                        "description": "",
                        "image1": "at",
                        "name": "BPT1-Lesson2 (1)",
                        "text1": "এ বছর শীতকালে তেমন একটা ঠান্ডা পড়েনি <br> <br>It did not get so cold ___ the winter this year.",
                        "text2": "It did not get so cold <u>in</u> the winter this year. <br> <br>Summer-এর মতই winter এক দিনের চেয়ে বেশী সময়কাল, অতএব in বসল ।"
                      },
                      {
                        "description": "",
                        "image1": "at",
                        "name": "BPT1-Lesson2 (2)",
                        "text1": "বিংশ শতাব্দীতে প্রযুক্তি অনেক এগিয়ে গেছে <br> <br>Technology has advanced a lot ___ the twentieth century. ",
                        "text2": "Technology has advanced a lot <u>in</u> the twentieth century. <br> <br>একশ বছর (twentieth century) কি এক দিনের চেয়ে বেশী নয় ? in তো হবেই ।"
                      },
                      {
                        "description": "",
                        "image1": "fewminutes",
                        "name": "BPT1-Lesson2 (3)",
                        "text1": "ট্রেনটি আগামী কয়েক মিনিটে এসে পড়বে <br> <br>The train is going to arrive ___ a few minutes.",
                        "text2": "The train is going to arrive <u>in</u> a few minutes. <br> <br>ছবিটা লক্ষ্য কর । few minutes দিনের চেয়ে ছোট সময়কাল হলেও একটি অনির্দিষ্ট সময়কাল, কারণ TIME A আর TIME B কী সময়, আমরা জানি না, আবার few minutes যে কত মিনিট তা-ও জানি না । অতএব, আগের বলা নিয়ম অনুযায়ী in বসবে, যদিও within ব্যবহারও ঠিক । তবে কি সময়কাল হলেই in বসবে ? না, নির্দিষ্ট সময়কাল যা দিনের চেয়ে ছোট (যেমন - ৬টা থেকে ৭টা) হলে from-to বা between-and ব্যবহার হয় (যেমন - from 6 to 7) ।"
                      },
                      {
                        "description": "",
                        "image1": "at",
                        "name": "BPT1-Lesson2 (4)",
                        "text1": "আগামী দু’বছরে অভেদের ৫০টি প্রকল্প চালাবার পরিকল্পনা আছে <br> <br>Abheda has plans to run 50 projects ___ the next two years.",
                        "text2": "Abheda has plans to run 50 projects <u>in</u> the next two years. <br> <br>দিনের চেয়ে বেশী সময়কাল, অতএব in বসল । এখানে within বা during বসতে পারে, তবে in বেশী সুপ্রযুক্ত ।"
                      },
                      {
                        "description": "",
                        "image1": "at",
                        "name": "BPT1-Lesson2 (5)",
                        "text1": "মনীশ কয়েক মাসের মধ্যেই বড়লোক হওয়ার আশা করে  <br> <br>Manish hopes to be rich ___ months.  ",
                        "text2": "Manish hopes to be rich <u>in</u> months. <br> <br>দিনের চেয়ে বেশী সময়কাল, তাই in । এই in months-এর ব্যবহারটা খেয়াল কর । 'কয়েক মাস' অর্থে in months হল, যদিও in a few months-ও লেখা যায় । এখানে within চলতে পারে, কিন্তু during ঠিক নয় ।"
                      },
                      {
                        "description": "",
                        "image1": "inonat",
                        "name": "BPT1-Lesson2 (6)",
                        "text1": "জন্মাষ্টমীর দিনে ভগবান শ্রীকৃষ্ণ এ জগতে আসেন  <br> <br>___ the day of Janmashtami, Lord Shrikrishna came to this world.",
                        "text2": "<u>On</u> the day of Janmashtami, Lord Shrikrishna came to this world. <br> <br>সতেরো তারিখ বা ২৩ জানুয়ারির মতই জন্মাষ্টমী একটি নির্দিষ্ট দিন । তাই on হল ।"
                      },
                      {
                        "description": "",
                        "image1": "at",
                        "name": "BPT1-Lesson2 (7)",
                        "text1": "আমরা একটি রবিবারে দাদুর কাছে যাব <br> <br>We shall visit grandfather ___ a Sunday.",
                        "text2": "We shall visit grandfather <u>on</u> a Sunday. <br> <br>একই কারণ । Sunday একটি নির্দিষ্ট দিন । তাই on । কখন go হবে, আর কখন visit - সেটা জানো তো ? লোককে visit করা হয়, go to grandfather খারাপ ইংরিজি । "
                      },
                      {
                        "description": "",
                        "image1": "inonat",
                        "name": "BPT1-Lesson2 (8)",
                        "text1": "শুক্রবার করে আমরা টেবিল টেনিস খেলি  <br> <br>We play table tennis ___ Fridays.",
                        "text2": "We play table tennis <u>on</u> Fridays. <br> <br>বলতে পারো, একাধিক Friday তো, তবে তো দিনের চেয়ে বেশী সময়, অতএব in কেন হবে না ? কিন্তু এটা তো কোন সময়কাল নয়, আলাদা আলাদা Friday-এর সমষ্টি । তাই on হল । ভুল - at, in । আবার, on Friday লিখবে না, on Fridays লিখবে, তাতে 'শুক্রবার শুক্রবার' বা 'শুক্রবার করে' বোঝানো যাবে ।"
                      },
                      {
                        "description": "",
                        "image1": "at",
                        "name": "BPT1-Lesson2 (9)",
                        "text1": "রোদ ঝলমলে দিনে ক্রিকেট খেলতে ভালো লাগে <br> <br>It is enjoyable to play cricket ___ a sunny day.",
                        "text2": "It is enjoyable to play cricket <u>on</u> a sunny day. <br> <br>Sunny day একটা নির্দিষ্ট দিন । তাই on হল । Sunny days যদি থাকত, তাহলেও on-ই হত আগের উদাহরণের নিয়ম মেনে । এখানে It-এর ব্যবহার লক্ষ্য কর । কার ক্রিকেট খেলতে ভাল লাগে জানা নেই বলে it দিয়ে শুরু করা হল । It enjoys to play cricket ভুল ইংরিজি । Playing cricket on a sunny day is enjoyable ঠিক ইংরিজি ।"
                      },
                      {
                        "description": "",
                        "image1": "at",
                        "name": "BPT1-Lesson2 (10)",
                        "text1": "আমি শ্রী সাহাকে ওনার জন্মদিনে শুভেচ্ছা জানিয়েছিলাম <br> <br>I wished Mr. Saha ___ his birthday.",
                        "text2": "I wished Mr. Saha <u>on</u> his birthday. <br> <br>একই । birthday একটা নির্দিষ্ট দিন, তাই on । এই পিরামিডের ছবিটা আর তার খুঁটিনাটি মাথায় খুব ভাল করে ঢুকিয়ে নাও । তাহলে preposition of time-এর at, on আর in ব্যবহারে কখনো ভুল হবে না ।"
                      }
]