[
                      {
                        "description": "",
                        "image1": "in",
                        "name": "BPT1-Lesson1 (1)",
                        "text1": "রোহন সকালে গানের অনুশীলন করে <br> <br>Rohan practises singing ___ the morning.",
                        "text2": "Rohan practises singing <u>in</u> the morning.  <br> <br>এই ছবির অর্থ হল এই যে, in ব্যবহার হয় একটা সময়কালকে (period) বোঝাতে আর সময় যত নির্দিষ্ট হয়, তত on আর at ব্যবহার হয় । morning একটা সময়কাল, কোন নির্দিষ্ট সময় নয়, তাই in বসল preposition হিসেবে ।"
                      },
                      {
                        "description": "",
                        "image1": "in",
                        "name": "BPT1-Lesson1 (2)",
                        "text1": "আমি প্রতিদিন বিকেলে প্রার্থনা করতে ভালবাসি  <br> <br>I like to pray everyday ___ the afternoon.",
                        "text2": "I like to pray everyday <u>in</u> the afternoon. <br> <br>আগের মতই afternoon-এর আগে in বসল, কারণ afternoon একটা সময়কাল । এরকমভাবেই in the evening-ও হয় । অবশ্য এইভাবে in the night না হয়ে at night হয় - এটা একটা ব্যতিক্রম । তবে in the night কিছু জায়গায় ব্যবহার করেন কেউ কেউ, সেটা রাত্রিব্যাপী কোন ঘটনা বা কাজ বোঝাতে (during the night-এর পরিবর্তে) ।"
                      },
                      {
                        "description": "",
                        "image1": "in",
                        "name": "BPT1-Lesson1 (3)",
                        "text1": "তোমার সঙ্গে রাত্রে কথা বলব <br> <br>I shall speak to you ___ night.",
                        "text2": "I shall speak to you <u>at</u> night. <br> <br>আগের উদাহরণে বলা হয়েছে, at night হয়, যদিও রাত্রি একটা সময়কাল । এটা ব্যতিক্রম ।"
                      },
                      {
                        "description": "",
                        "image1": "at",
                        "name": "BPT1-Lesson1 (4)",
                        "text1": "সুধা সতেরো তারিখে সঙ্গীত শিক্ষা শুরু করল <br> <br>Sudha joined music classes ___ 17th.",
                        "text2": "Sudha joined music classes <u>on</u> 17th. <br> <br>এই পিরামিডে আগের ধারণা আরো দৃঢ় হবে । বোঝানো হচ্ছে, সময়কাল বড় হলে in (দিনের চেয়ে বেশী), নির্দিষ্ট দিন হলে on, এবং আরো নির্দিষ্ট করে একটা সময় (7 o'clock) বোঝালে at ব্যবহার হয় । তাই এই নিয়ম মেনে এই উদাহরণে নির্দিষ্ট দিন বলে on বসল ।"
                      },
                      {
                        "description": "",
                        "image1": "at",
                        "name": "BPT1-Lesson1 (5)",
                        "text1": "নেতাজি ২৩শে জানুয়ারি জন্মগ্রহণ করেন <br> <br>Netaji was born ___ 23 January.",
                        "text2": "Netaji was born <u>on</u> 23 January. <br> <br>সতেরো তারিখের মতই ২৩শে জানুয়ারি একটি নির্দিষ্ট দিন । তাই on বসল তার আগে ।"
                      },
                      {
                        "description": "",
                        "image1": "in",
                        "name": "BPT1-Lesson1 (6)",
                        "text1": "কাল দুপুর ১২টায় খুব গরম ছিল <br> <br>It was very hot ___ noon yesterday. ",
                        "text2": "It was very hot <u>at</u> noon yesterday. <br> <br>noon হল নির্দিষ্ট সময়, তাই at ব্যবহার হল ।"
                      },
                      {
                        "description": "",
                        "image1": "at",
                        "name": "BPT1-Lesson1 (7)",
                        "text1": "আমার অফিস সকাল ন’টায় শুরু হয় <br> <br>My office starts ___ 9 AM.",
                        "text2": "My office starts <u>at</u> 9 AM. <br> <br>এখানেও নির্দিষ্ট সময় (সময়কাল বা দিন নয়) । তাই at বসল ।"
                      },
                      {
                        "description": "",
                        "image1": "at",
                        "name": "BPT1-Lesson1 (8)",
                        "text1": "আমার মাধ্যমিক পরীক্ষার ফলাফল জুন মাসে প্রকাশিত হবে <br> <br>My secondary exam results will be published ___ June.",
                        "text2": "My secondary exam results will be published <u>in</u> June. <br> <br>যেহেতু জুনমাস একটা বড় সময়কাল (দিনের চেয়ে বেশী), তাই এক্ষেত্রে in ব্যবহার হল । প্রশ্ন করতে পারো, morning তো দিনের চেয়ে ছোট সময়কাল, তবে in the morning হয় কেন ? উত্তর - morning, evening, afternoon এগুলো অনির্দিষ্ট সময়কাল বোঝাচ্ছে (ক'টা থেকে ক'টা জানা নেই), তাই in হবে - নির্দিষ্ট করে বলা গেলে (দিন বা ঘন্টা) তবেই on বা at বসবে ।"
                      },
                      {
                        "description": "",
                        "image1": "at",
                        "name": "BPT1-Lesson1 (9)",
                        "text1": "১৮৬১ সনে রবীন্দ্রনাথ ঠাকুরের জন্ম হয়েছিল <br> <br>Rabindranath Tagore was born ___ the year 1861.",
                        "text2": "Rabindranath Tagore was born <u>in</u> the year 1861. <br> <br>আগের মতই, 1861 একটা বড় সময়কাল (দিনের চেয়ে বেশী), তাই in বসল ।"
                      },
                      {
                        "description": "",
                        "image1": "at",
                        "name": "BPT1-Lesson1 (10)",
                        "text1": "আমরা গ্রীষ্মে আম খেতে পারি <br> <br>We can eat mangoes ___ summer.",
                        "text2": "We can eat mangoes <u>in</u> summer. <br> <br>Summer দিনের চেয়ে বড় সময়কাল, তাই in ব্যবহার হল । এখানে during ব্যবহারও চলতে পারে - অর্থ, গ্রীষ্মকাল ধরে ।"
                      }
]