[
                      {
                        "description": "",
                        "image1": "beforesuman",
                        "name": "BPT2-Lesson1 (1)",
                        "text1": "বিমল সুমনের আগে এসেছিল <br> <br>Bimal arrived _______ Suman.",
                        "text2": "Bimal arrived <u>before</u> Suman. <br> <br>জানবে, কোনো ঘটনার আগে কোনো ঘটনা ঘটলে যেটা পরে ঘটেছে তার আগে before বসবে । সুমনের আসার আগে বিমল এসেছে, অতএব সুমনের আসা পরে ঘটেছে । তাই before Suman হল । এটা খেয়াল রাখবে । before Suman's arrival বা before Suman arrived লেখার দরকার নেই ।"
                      },
                      {
                        "description": "",
                        "image1": "beforesuman",
                        "name": "BPT2-Lesson1 (2)",
                        "text1": "ঝড় ওঠার আগে জানালা বন্ধ করো <br> <br>Close the windows _______ the storm starts.",
                        "text2": "Close the windows <u>before</u> the storm starts. <br> <br>যুক্তি একই । ঝড় ওঠা পরের ঘটনা, তাই তার আগে before বসল । before the storm starts না লিখে before the storm লিখলে ভুল কিছু হবে না । খেয়াল কর, close the window আর the storm starts দুটো আলাদা বাক্য, যা before দিয়ে যুক্ত করা যায় । মানে, শুধু বাক্যাংশ আর শব্দ (Bimal arrives before Suman) যে preposition দিয়ে জোড়া যায়, তা নয় । দুটো বাক্যও জোড়া যায় ।"
                      },
                      {
                        "description": "",
                        "image1": "beforesuman",
                        "name": "BPT2-Lesson1 (3)",
                        "text1": "ওই লোকটিকে আগে দেখেছো কি ? <br> <br>Have you seen that man _______ ?",
                        "text2": "Have you seen that man <u>before</u> ? <br> <br>প্রশ্ন উঠতে পারে, এখানে কি before ব্যবহার হল preposition হিসেবে ? উত্তর - হ্যাঁ, কারণ before-এর পর today কথাটা উহ্য আছে । তাই এখানে before হল preposition ।"
                      },
                      {
                        "description": "",
                        "image1": "beforesuman",
                        "name": "BPT2-Lesson1 (4)",
                        "text1": "সকাল আটটার আগে প্রাত:রাশ তৈরী ছিল <br> <br>The breakfast was ready _______ 8 AM.",
                        "text2": "The breakfast was ready <u>before</u> 8 AM. <br> <br>দুটো ঘটনা একে অপরের আগে ঘটলেই যে শুধু before ব্যবহার হবে, তা নয় । before 8 AM, মানে আটটার আগে - তা-ও লেখা যায় । আর by আর before-এর তফাতটা মনে আছে তো ? before 8 AM হল আটটার আগে (আটটা সময়কে অন্তর্ভুক্ত করে নয়), আর by 8 AM হল আটটার ভেতর ও আটটা সময়কেও অন্তর্ভুক্ত করে ।"
                      },
                      {
                        "description": "",
                        "image1": "beforesuman",
                        "name": "BPT2-Lesson1 (5)",
                        "text1": "এই বড়িটি নৈশভোজের পর খেয়ে নিও <br> <br>Take this pill ______ dinner.",
                        "text2": "Take this pill <u>after</u> dinner. <br> <br>দুটো ঘটনার যেটা আগে ঘটেছে, তার আগে after বসে - before-এর ঠিক উল্টো । dinner খাওয়া যেহেতু pill খাওয়ার আগে ঘটবে, dinner-এর আগে after বসল । after taking dinner লিখতে পারো, না-ও লিখতে পারো ।"
                      },
                      {
                        "description": "",
                        "image1": "beforesuman",
                        "name": "BPT2-Lesson1 (6)",
                        "text1": "আমেরিকা থেকে ফিরে সে চাকরি ছেড়ে দেবে <br> <br>He will leave his job ______ he returns from America.",
                        "text2": "He will leave his job <u>after</u> he returns from America. <br> <br>আমেরিকা থেকে ফেরা (returns from America) আগে, চাকরি ছাড়া (leave job) পরে । তাই after he returns from America হল । এখানেও দুটো আলাদা বাক্য preposition দিয়ে যুক্ত হল । after না দিয়ে এই বাক্যদুটিকে on দিয়েও জোড়া যায়, সেটা on-এর একটা আলাদা অর্থ বহন করে । On his return from America, he will leave his job ।  আবার যেমন, on his death his body was burnt । কাছাকাছি সময়ে কিন্তু পরপর দুটো ঘটনা ঘটলে after-এর বদলে on ব্যবহার চলতে পারে ।"
                      },
                      {
                        "description": "",
                        "image1": "beforesuman",
                        "name": "BPT2-Lesson1 (7)",
                        "text1": "দরজা ভেঙে পুলিশ শিশুটিকে উদ্ধার করেছিল <br> <br>Police rescued the child ______ breaking the door.",
                        "text2": "Police rescued the child <u>after</u> breaking the door. <br> <br>একই যুক্তি । breaking door আগে ঘটেছে, তাই তার আগে after বসল । Breaking the door the police rescued the child-ও লেখা যায় । breaking একটা gerund, তাই এরকম লেখা যায় ।"
                      },
                      {
                        "description": "",
                        "image1": "beforesuman",
                        "name": "BPT2-Lesson1 (8)",
                        "text1": "সন্ধ্যে ছ’টার পর ওই পথ ব্যবহার কোরো না <br> <br>Do not use that road ______ 6 PM.",
                        "text2": "Do not use that road <u>after</u> 6 PM. <br> <br>শুধু দুটো ঘটনা নয়, একটা নির্দিষ্ট সময়ের পরে বোঝাতে after 6 PM ব্যবহার হল ।"
                      },
                      {
                        "description": "",
                        "image1": "till",
                        "name": "BPT2-Lesson1 (9)",
                        "text1": "প্রদর্শনীটি এক সপ্তাহ ধরে চলেছিল <br> <br>The exhibition was held ____ a week.",
                        "text2": "The exhibition was held <u>for</u> a week. <br> <br>একটা সময়কাল ধরে কোন ঘটনা ঘটলে for ব্যবহার হয় - যেমন এক সপ্তাহ ধরে বা এক সপ্তাহের জন্য অর্থাৎ for a week । ভুল - in a week, কারণ 'সপ্তাহে' বোঝানো হচ্ছে না, 'সপ্তাহ ধরে' বোঝানো হচ্ছে । আবার to a week-ও হবে না, কারণ তাতে 'এক সপ্তাহ অবধি' বোঝানো হয় ।"
                      },
                      {
                        "description": "",
                        "image1": "till",
                        "name": "BPT2-Lesson1 (10)",
                        "text1": "গত পাঁচ দিন ধরে টানা বৃষ্টি হচ্ছে <br> <br>It has been raining continuously ____ the last five days.",
                        "text2": "It has been raining continuously <u>for</u> the last five days. <br> <br>একই নিয়ম । গত পাঁচ দিন ধরে বা গত পাঁচ দিনের জন্য ঘটনাটা ঘটছে বলে for the last five days হল । has been raining-এর ব্যবহারটা মনে আছে তো ? ঘটনা ঘটছে বেশ কিছু সময়কাল ধরে, এটা বোঝাতে has been ব্যবহার হয় ।"
                      }
]