[
                      { 
                        "image1": "lend1",             
                        "name": "Bsv1-Lesson4 (1/1)", 
                        "ltext1": "",
                        "rtext1": "<br>&nbsp;&nbsp;&nbsp;&nbsp;&nbsp;<font color='#ED7745'>Lend</font> <br> <br>&nbsp;&nbsp;&nbsp;&nbsp;&nbsp;তুমি কি অনুগ্রহ করে আমায় বইটা ধার দেবে ? <br> <br>&nbsp;&nbsp;&nbsp;&nbsp;&nbsp;Will you please <font color='#ED7745'><i>lend</i></font> me the book ?",
                        "utext1": "<font color='#ED7745'>Lend, Borrow</font>",
                        "dtext1": "",
                        "text1": "",
                        "description": ""
                      },
                      { 
                        "image1": "borrow",             
                        "name": "Bsv1-Lesson4 (1/2)", 
                        "ltext1": "",
                        "rtext1": "&nbsp;&nbsp;&nbsp;&nbsp;&nbsp;<font color='#ED7745'>Borrow</font> <br> <br>&nbsp;&nbsp;&nbsp;&nbsp;&nbsp;আমি কি তোমার ছাতাটা ধার নিতে পারি ? <br> <br>&nbsp;&nbsp;&nbsp;&nbsp;&nbsp;May I <font color='#ED7745'><i>borrow</i></font> your umbrella ?",
                        "utext1": "",
                        "dtext1": "",
                        "text1": "",
                        "description": ""
                      },
                      { 
                        "image1": "lend2",             
                        "name": "Bsv1-Lesson4 (1/3)", 
                        "ltext1": "",
                        "rtext1": "&nbsp;&nbsp;&nbsp;&nbsp;&nbsp;<font color='#ED7745'>Lend</font> <br> <br>&nbsp;&nbsp;&nbsp;&nbsp;&nbsp;তার যত টাকা দরকার, তাকে ততটাই ধার দাও <br> <br>&nbsp;&nbsp;&nbsp;&nbsp;&nbsp;<font color='#ED7745'><i>Lend</i></font> him as much money as he needs.",
                        "utext1": "",
                        "dtext1": "",
                        "text1": "",
                        "description": ""
                      },
                      { 
                        "image1": "",             
                        "name": "Bsv1-Lesson4 (1/4)", 
                        "ltext1": "",
                        "rtext1": "",
                        "utext1": "",
                        "dtext1": "",
                        "text1": "Lend - ধার দেওয়া, অর্থাৎ কাউকে দেওয়া (to give) । Borrow - ধার নেওয়া, অর্থাৎ কারোর থেকে নেওয়া (to take) । আমি তোমায় ১০০০ টাকা ধার দিয়েছিলাম - I lent you thousand rupees, তুমি আমার কাছ থেকে ১০০০ টাকা ধার নিয়েছিলে - You borrowed thousand rupees from me । Lend - Lent - Lent, borrow - borrowed - borrowed । ",
                        "description": ""
                      },
                      { 
                        "image1": "think1",             
                        "name": "Bsv1-Lesson4 (2/1)", 
                        "ltext1": "",
                        "rtext1": "<br>&nbsp;&nbsp;&nbsp;&nbsp;&nbsp;<font color='#ED7745'>Think</font> <br> <br>&nbsp;&nbsp;&nbsp;&nbsp;&nbsp;আমি মনে করি, আমি মনোযোগ হারাচ্ছি <br> <br>&nbsp;&nbsp;&nbsp;&nbsp;&nbsp;I <font color='#ED7745'><i>think</i></font>, I am losing concentration.",
                        "utext1": "<font color='#ED7745'>Think, Feel, Touch, Realize</font>",
                        "dtext1": "",
                        "text1": "",
                        "description": ""
                      },
                      { 
                        "image1": "think2",             
                        "name": "Bsv1-Lesson4 (2/2)", 
                        "ltext1": "",
                        "rtext1": "&nbsp;&nbsp;&nbsp;&nbsp;&nbsp;<font color='#ED7745'>Think</font> <br> <br>&nbsp;&nbsp;&nbsp;&nbsp;&nbsp;মি. ঘোষ তার স্ত্রীর কথা চিন্তা করছিলেন <br> <br>&nbsp;&nbsp;&nbsp;&nbsp;&nbsp;Mr. Ghosh was <font color='#ED7745'><i>thinking</i></font> of his wife.",
                        "utext1": "",
                        "dtext1": "",
                        "text1": "",
                        "description": ""
                      },
                      { 
                        "image1": "feel1",             
                        "name": "Bsv1-Lesson4 (2/3)", 
                        "ltext1": "",
                        "rtext1": "&nbsp;&nbsp;&nbsp;&nbsp;&nbsp;<font color='#ED7745'>Feel</font> <br> <br>&nbsp;&nbsp;&nbsp;&nbsp;&nbsp;আমি ভাল বোধ করি না আজকাল <br> <br>&nbsp;&nbsp;&nbsp;&nbsp;&nbsp;I do not <font color='#ED7745'><i>feel</i></font> well nowadays.",
                        "utext1": "",
                        "dtext1": "",
                        "text1": "",
                        "description": ""
                      },
                      { 
                        "image1": "touch1",             
                        "name": "Bsv1-Lesson4 (2/4)", 
                        "ltext1": "",
                        "rtext1": "&nbsp;&nbsp;&nbsp;&nbsp;&nbsp;<font color='#ED7745'>Touch</font> <br> <br>&nbsp;&nbsp;&nbsp;&nbsp;&nbsp;মায়ের চরণ স্পর্শ কর <br> <br>&nbsp;&nbsp;&nbsp;&nbsp;&nbsp;<font color='#ED7745'><i>Touch</i></font> the feet of mother.",
                        "utext1": "",
                        "dtext1": "",
                        "text1": "",
                        "description": ""
                      },
                      { 
                        "image1": "feel2",             
                        "name": "Bsv1-Lesson4 (2/5)", 
                        "ltext1": "",
                        "rtext1": "&nbsp;&nbsp;&nbsp;&nbsp;&nbsp;<font color='#ED7745'>Feel</font> <br> <br>&nbsp;&nbsp;&nbsp;&nbsp;&nbsp;আমি পায়ে যন্ত্রণা অনুভব করছি <br> <br>&nbsp;&nbsp;&nbsp;&nbsp;&nbsp;I am <font color='#ED7745'><i></i>feeling</font> pain in my toe.",
                        "utext1": "",
                        "dtext1": "",
                        "text1": "",
                        "description": ""
                      },
                      { 
                        "image1": "touch2",             
                        "name": "Bsv1-Lesson4 (2/6)", 
                        "ltext1": "",
                        "rtext1": "&nbsp;&nbsp;&nbsp;&nbsp;&nbsp;<font color='#ED7745'>Touch</font> <br> <br>&nbsp;&nbsp;&nbsp;&nbsp;&nbsp;তুমি আমার হৃদয় স্পর্শ করেছো <br> <br>&nbsp;&nbsp;&nbsp;&nbsp;&nbsp;You have <font color='#ED7745'><i>touched</i></font> my heart.",
                        "utext1": "",
                        "dtext1": "",
                        "text1": "",
                        "description": ""
                      },
                      { 
                        "image1": "realize",             
                        "name": "Bsv1-Lesson4 (2/7)", 
                        "ltext1": "",
                        "rtext1": "&nbsp;&nbsp;&nbsp;&nbsp;&nbsp;<font color='#ED7745'>Realize</font> <br> <br>&nbsp;&nbsp;&nbsp;&nbsp;&nbsp;আমি উপলব্ধি করি, আমার মধ্যে ভগবান আছেন <br> <br>&nbsp;&nbsp;&nbsp;&nbsp;&nbsp;I <font color='#ED7745'><i>realize</i></font> that God is inside me.",
                        "utext1": "",
                        "dtext1": "",
                        "text1": "",
                        "description": ""
                      },
                      { 
                        "image1": "",             
                        "name": "Bsv1-Lesson4 (2/8)", 
                        "ltext1": "",
                        "rtext1": "",
                        "utext1": "",
                        "dtext1": "",
                        "text1": "Think - মনে করা বা চিন্তা করা, Feel - অনুভব করা বা বোধ হওয়া, Touch - স্পর্শ করা এবং Realize - উপলব্ধি করা । প্রথম উদাহরণে I feel, I am losing concentration লিখতে পারো, কারণ এটা অনুভব বা বোধ করারও ব্যাপার । কিন্তু দ্বিতীয় উদাহরণে feel লেখা যাবে না, কারণ সেটা 'চিন্তা করা', অনুভব বা বোধ করা নয় । ঠিক তেমনই তৃতীয় আর পঞ্চমে think বা realize লেখা যাবে না, কারণ ভালো বা ব্যথা বোধ করা অনুভবের ব্যাপার, চিন্তা বা উপলব্ধির নয় । বড়সড় কোন ভাব উপলব্ধি করলে realize ব্যবহার হয় । Think - Thought - Thought, Feel - Felt - Felt ।",
                        "description": ""
                      },
                      { 
                        "image1": "ask2",             
                        "name": "Bsv1-Lesson4 (3/1)", 
                        "ltext1": "",
                        "rtext1": "<br>&nbsp;&nbsp;&nbsp;&nbsp;&nbsp;<font color='#ED7745'>Ask</font> <br> <br>&nbsp;&nbsp;&nbsp;&nbsp;&nbsp;ছোট মেয়েটি পুলিশের কাছে সাহায্য চাইল <br> <br>&nbsp;&nbsp;&nbsp;&nbsp;&nbsp;The small girl <font color='#ED7745'><i>asked</i></font> the policeman for help.",
                        "utext1": "<font color='#ED7745'>Ask, Beg, Want, Request, Order</font>",
                        "dtext1": "",
                        "text1": "",
                        "description": ""
                      },
                      { 
                        "image1": "beg",             
                        "name": "Bsv1-Lesson4 (3/2)", 
                        "ltext1": "",
                        "rtext1": "&nbsp;&nbsp;&nbsp;&nbsp;&nbsp;<font color='#ED7745'>Beg</font> <br> <br>&nbsp;&nbsp;&nbsp;&nbsp;&nbsp;সুরেশ রমার কাছে সাহায্যভিক্ষা করছে <br> <br>&nbsp;&nbsp;&nbsp;&nbsp;&nbsp;Suresh is <font color='#ED7745'><i>begging</i></font> to Roma for help.",
                        "utext1": "",
                        "dtext1": "",
                        "text1": "",
                        "description": ""
                      },
                      { 
                        "image1": "want2",             
                        "name": "Bsv1-Lesson4 (3/3)", 
                        "ltext1": "",
                        "rtext1": "&nbsp;&nbsp;&nbsp;&nbsp;&nbsp;<font color='#ED7745'>Want</font> <br> <br>&nbsp;&nbsp;&nbsp;&nbsp;&nbsp;আমি দুধ খেতে চাই, আমায় দুধ দাও <br> <br>&nbsp;&nbsp;&nbsp;&nbsp;&nbsp;I <font color='#ED7745'><i>want</i></font> to have milk, give me milk.",
                        "utext1": "",
                        "dtext1": "",
                        "text1": "",
                        "description": ""
                      },
                      { 
                        "image1": "request",             
                        "name": "Bsv1-Lesson4 (3/4)", 
                        "ltext1": "",
                        "rtext1": "&nbsp;&nbsp;&nbsp;&nbsp;&nbsp;<font color='#ED7745'>Request</font> <br> <br>&nbsp;&nbsp;&nbsp;&nbsp;&nbsp;তোমায় কি সাহায্যের জন্য অনুরোধ করতে পারি ? <br> <br>&nbsp;&nbsp;&nbsp;&nbsp;&nbsp;May I <font color='#ED7745'><i>request</i></font> you for help ?",
                        "utext1": "",
                        "dtext1": "",
                        "text1": "",
                        "description": ""
                      },
                      { 
                        "image1": "order",             
                        "name": "Bsv1-Lesson4 (3/5)", 
                        "ltext1": "",
                        "rtext1": "&nbsp;&nbsp;&nbsp;&nbsp;&nbsp;<font color='#ED7745'>Order</font> <br> <br>&nbsp;&nbsp;&nbsp;&nbsp;&nbsp;আমি তোমায় এগিয়ে যেতে আদেশ করি <br> <br>&nbsp;&nbsp;&nbsp;&nbsp;&nbsp;I <font color='#ED7745'><i>order</i></font> you to go ahead.",
                        "utext1": "",
                        "dtext1": "",
                        "text1": "",
                        "description": ""
                      },
                      { 
                        "image1": "",             
                        "name": "Bsv1-Lesson4 (3/6)", 
                        "ltext1": "",
                        "rtext1": "",
                        "utext1": "",
                        "dtext1": "",
                        "text1": "Ask মানে চাওয়া বা প্রার্থনা করা, কিন্তু সেটা request (অনুরোধ) বা beg (ভিক্ষা) করার মত অত কোমলভাবে চাওয়া নয়, সাধারণভাবে চাওয়া । Ask-এর অন্য অর্থ প্রশ্ন করা, সেটা তো জানোই । Beg - Begged - Begged ।",
                        "description": ""
                      }
]