[
                      { 
                        "image1": "search2",             
                        "name": "Bsv1-Lesson5 (1/1)", 
                        "ltext1": "",
                        "rtext1": "<br>&nbsp;&nbsp;&nbsp;&nbsp;&nbsp;<font color='#ED7745'>Search</font> <br> <br>&nbsp;&nbsp;&nbsp;&nbsp;&nbsp;আইনজীবী এই বইটিতে কিছু আইন খুঁজছেন <br> <br>&nbsp;&nbsp;&nbsp;&nbsp;&nbsp;The lawyer is <font color='#ED7745'><i>searching</i></font> some laws in this book.",
                        "utext1": "<font color='#ED7745'>Search, Find, Discover, Invent</font>",
                        "dtext1": "",
                        "text1": "",
                        "description": ""
                      },
                      { 
                        "image1": "find1",             
                        "name": "Bsv1-Lesson5 (1/2)", 
                        "ltext1": "",
                        "rtext1": "&nbsp;&nbsp;&nbsp;&nbsp;&nbsp;<font color='#ED7745'>Find</font> <br> <br>&nbsp;&nbsp;&nbsp;&nbsp;&nbsp;আমি রাস্তা খুঁজে পাচ্ছি না <br> <br>&nbsp;&nbsp;&nbsp;&nbsp;&nbsp;I can not <font color='#ED7745'><i>find</i></font> my way.",
                        "utext1": "",
                        "dtext1": "",
                        "text1": "",
                        "description": ""
                      },
                      { 
                        "image1": "discover",             
                        "name": "Bsv1-Lesson5 (1/3)", 
                        "ltext1": "",
                        "rtext1": "&nbsp;&nbsp;&nbsp;&nbsp;&nbsp;<font color='#ED7745'>Discover</font> <br> <br>&nbsp;&nbsp;&nbsp;&nbsp;&nbsp;কলম্বাস ১৪৯২ সালে আমেরিকা আবিষ্কার করেছিলেন <br> <br>&nbsp;&nbsp;&nbsp;&nbsp;&nbsp;Columbus <font color='#ED7745'><i>discovered</i></font> America in the year 1492.",
                        "utext1": "",
                        "dtext1": "",
                        "text1": "",
                        "description": ""
                      },
                      { 
                        "image1": "invent",             
                        "name": "Bsv1-Lesson5 (1/4)", 
                        "ltext1": "",
                        "rtext1": "&nbsp;&nbsp;&nbsp;&nbsp;&nbsp;<font color='#ED7745'>Invent</font> <br> <br>&nbsp;&nbsp;&nbsp;&nbsp;&nbsp;বিজ্ঞানীরা প্রতিদিন নতুন ঔষধ উদ্ভাবন করার চেষ্টা করছেন <br> <br>&nbsp;&nbsp;&nbsp;&nbsp;&nbsp;Scientists are trying to <font color='#ED7745'><i>invent</i></font> new medicine everyday.",
                        "utext1": "",
                        "dtext1": "",
                        "text1": "",
                        "description": ""
                      },
                      { 
                        "image1": "",             
                        "name": "Bsv1-Lesson5 (1/5)", 
                        "ltext1": "",
                        "rtext1": "",
                        "utext1": "",
                        "dtext1": "",
                        "text1": "Search মানে হল খোঁজা বা অনুসন্ধান করা আর find মানে হল খুঁজে পাওয়া । Discover আর invent দুটোর অর্থই হল আবিষ্কার করা । Discover মানে হল যে জিনিসটি আছে কিন্তু কোথায় আছে জানা নেই, সেটা আবিষ্কার করা, আর invent হল যে জিনিসটি নেই সেটা আবিষ্কার করা । অতএব invent-কে 'উদ্ভাবন করা' বলা যায় । Find - Found - Found ।",
                        "description": ""
                      },
                      { 
                        "image1": "start2",             
                        "name": "Bsv1-Lesson5 (2/1)", 
                        "ltext1": "",
                        "rtext1": "<br>&nbsp;&nbsp;&nbsp;&nbsp;&nbsp;<font color='#ED7745'>Start</font> <br> <br>&nbsp;&nbsp;&nbsp;&nbsp;&nbsp;মি. বিগহেড শুরুর লাইনে আরম্ভ করছেন <br> <br>&nbsp;&nbsp;&nbsp;&nbsp;&nbsp;Mr. Bighead is <font color='#ED7745'><i>starting</i></font> at the start-line.",
                        "utext1": "<font color='#ED7745'>Start, Begin, Commence</font>",
                        "dtext1": "",
                        "text1": "",
                        "description": ""
                      },
                      { 
                        "image1": "start1",             
                        "name": "Bsv1-Lesson5 (2/2)", 
                        "ltext1": "",
                        "rtext1": "&nbsp;&nbsp;&nbsp;&nbsp;&nbsp;<font color='#ED7745'>Start</font> <br> <br>&nbsp;&nbsp;&nbsp;&nbsp;&nbsp;এইভাবে আমরা একটা গাড়ি চালু করি <br> <br>&nbsp;&nbsp;&nbsp;&nbsp;&nbsp;This is how we <font color='#ED7745'><i>start</i></font> a car.",
                        "utext1": "",
                        "dtext1": "",
                        "text1": "",
                        "description": ""
                      },
                      { 
                        "image1": "begin",             
                        "name": "Bsv1-Lesson5 (2/3)", 
                        "ltext1": "",
                        "rtext1": "&nbsp;&nbsp;&nbsp;&nbsp;&nbsp;<font color='#ED7745'>Begin</font> <br> <br>&nbsp;&nbsp;&nbsp;&nbsp;&nbsp;এই শুরু সাফল্যের উদ্দেশ্যে আমাদের যাত্রা <br> <br>&nbsp;&nbsp;&nbsp;&nbsp;&nbsp;Here <font color='#ED7745'><i>begins</i></font> our journey to success.",
                        "utext1": "",
                        "dtext1": "",
                        "text1": "",
                        "description": ""
                      },
                      { 
                        "image1": "begin1",             
                        "name": "Bsv1-Lesson5 (2/4)", 
                        "ltext1": "",
                        "rtext1": "&nbsp;&nbsp;&nbsp;&nbsp;&nbsp;<font color='#ED7745'>Begin</font> <br> <br>&nbsp;&nbsp;&nbsp;&nbsp;&nbsp;নতুন বছরের ক্লাস আজ শুরু হবে <br> <br>&nbsp;&nbsp;&nbsp;&nbsp;&nbsp;Classes in the new year will <font color='#ED7745'><i>begin</i></font> today.",
                        "utext1": "",
                        "dtext1": "",
                        "text1": "",
                        "description": ""
                      },
                      { 
                        "image1": "commence",             
                        "name": "Bsv1-Lesson5 (2/5)", 
                        "ltext1": "",
                        "rtext1": "&nbsp;&nbsp;&nbsp;&nbsp;&nbsp;<font color='#ED7745'>Commence</font> <br> <br>&nbsp;&nbsp;&nbsp;&nbsp;&nbsp;সভা শুরু হতে যাচ্ছে <br> <br>&nbsp;&nbsp;&nbsp;&nbsp;&nbsp;The meeting is about to <font color='#ED7745'><i>commence</i></font>.",
                        "utext1": "",
                        "dtext1": "",
                        "text1": "",
                        "description": ""
                      },
                      { 
                        "image1": "",             
                        "name": "Bsv1-Lesson5 (2/6)", 
                        "ltext1": "",
                        "rtext1": "",
                        "utext1": "",
                        "dtext1": "",
                        "text1": "Start আর Begin দুটোরই অর্থ শুরু (বা আরম্ভ) এবং অনেক ক্ষেত্রেই দুটোর যে কোন একটাই ব্যবহার করা যায় ( যেমন My day starts/begins at 7 AM), কিন্ত কিছু কিছু বাক্যে এদের ব্যবহারের সামান্য হলেও তফাৎ আছে । 'থেমে থাকা' থেকে '(কাজ) শুরু হওয়া' (inaction to action) বোঝাতে start ব্যবহার হয়, তারপর সেই কাজটা আর না-ও এগোতে পারে (এগোতে পারে কিনা ঠিক নেই) - যেমন, start at the start-line, start a car ইত্যাদি । আর begin তখনই ব্যবহার হয় যখন start-এর পর হয় খানিকটা কাজ হয়েছে বা হওয়ার সম্ভবনা প্রবল - যেমন, Journey begins, classes begin, drama begins । অতএব মোটামুটিভাবে start একদম 'গোড়া' আর begin 'গোড়া এবং তারপর খানিকটা' বোঝাতে ব্যবহার হয় । আর commence-ও 'শুরু'-ই বোঝায়, কিন্তু খুব আনুষ্ঠানিক অর্থে - যেমন, The meeting will commence at 5 PM বা The new session (অধিবেশন) will commence from June । Begin - Began - Begun ।",
                        "description": ""
                      },
                      { 
                        "image1": "stop",             
                        "name": "Bsv1-Lesson5 (3/1)", 
                        "ltext1": "",
                        "rtext1": "<br>&nbsp;&nbsp;&nbsp;&nbsp;&nbsp;<font color='#ED7745'>Stop</font> <br> <br>&nbsp;&nbsp;&nbsp;&nbsp;&nbsp;যখন পুলিশ থামতে বলবে তখন থামতে হবে <br> <br>&nbsp;&nbsp;&nbsp;&nbsp;&nbsp;You have to <font color='#ED7745'><i>stop</i></font> when police says 'Stop'.",
                        "utext1": "<font color='#ED7745'>Stop, End, Finish, Complete</font>",
                        "dtext1": "",
                        "text1": "",
                        "description": ""
                      },
                      { 
                        "image1": "stop1",             
                        "name": "Bsv1-Lesson5 (3/2)", 
                        "ltext1": "",
                        "rtext1": "&nbsp;&nbsp;&nbsp;&nbsp;&nbsp;<font color='#ED7745'>Stop</font> <br> <br>&nbsp;&nbsp;&nbsp;&nbsp;&nbsp;রেফারি লড়াই থামিয়ে দিলেন <br> <br>&nbsp;&nbsp;&nbsp;&nbsp;&nbsp;The referee had <font color='#ED7745'><i>stopped</i></font> the fight.",
                        "utext1": "",
                        "dtext1": "",
                        "text1": "",
                        "description": ""
                      },
                      { 
                        "image1": "end1945",             
                        "name": "Bsv1-Lesson5 (3/3)", 
                        "ltext1": "",
                        "rtext1": "&nbsp;&nbsp;&nbsp;&nbsp;&nbsp;<font color='#ED7745'>End</font> <br> <br>&nbsp;&nbsp;&nbsp;&nbsp;&nbsp;দ্বিতীয় বিশ্বযুদ্ধ ১৯৪৫ সালে শেষ হয়েছিল <br> <br>&nbsp;&nbsp;&nbsp;&nbsp;&nbsp;The second world war <font color='#ED7745'><i>ended</i></font> in 1945.",
                        "utext1": "",
                        "dtext1": "",
                        "text1": "",
                        "description": ""
                      },
                      { 
                        "image1": "end1",             
                        "name": "Bsv1-Lesson5 (3/4)", 
                        "ltext1": "",
                        "rtext1": "&nbsp;&nbsp;&nbsp;&nbsp;&nbsp;<font color='#ED7745'>End</font> <br> <br>&nbsp;&nbsp;&nbsp;&nbsp;&nbsp;আমরা আমাদের সম্পর্ক শেষ করার সিদ্ধান্ত নিয়েছি <br> <br>&nbsp;&nbsp;&nbsp;&nbsp;&nbsp;We have decided to <font color='#ED7745'><i>end</i></font> our relationship.",
                        "utext1": "",
                        "dtext1": "",
                        "text1": "",
                        "description": ""
                      },
                      { 
                        "image1": "finish",             
                        "name": "Bsv1-Lesson5 (3/5)", 
                        "ltext1": "",
                        "rtext1": "&nbsp;&nbsp;&nbsp;&nbsp;&nbsp;<font color='#ED7745'>Finish</font> <br> <br>&nbsp;&nbsp;&nbsp;&nbsp;&nbsp;কেকটাকে কখনোই খেয়ে শেষ করতে পারবে না - এটা খুবই বড় । <br> <br>&nbsp;&nbsp;&nbsp;&nbsp;&nbsp;You can never <font color='#ED7745'><i>finish</i></font> eating this cake - it is too big !",
                        "utext1": "",
                        "dtext1": "",
                        "text1": "",
                        "description": ""
                      },
                      { 
                        "image1": "finish1",             
                        "name": "Bsv1-Lesson5 (3/6)", 
                        "ltext1": "",
                        "rtext1": "&nbsp;&nbsp;&nbsp;&nbsp;&nbsp;<font color='#ED7745'>Finish</font> <br> <br>&nbsp;&nbsp;&nbsp;&nbsp;&nbsp;যাক বাবা, আমার পরীক্ষা শেষ হয়েছে <br> <br>&nbsp;&nbsp;&nbsp;&nbsp;&nbsp;Good God, my examination has <font color='#ED7745'><i>finished</i></font>.",
                        "utext1": "",
                        "dtext1": "",
                        "text1": "",
                        "description": ""
                      },
                      { 
                        "image1": "complete",             
                        "name": "Bsv1-Lesson5 (3/7)", 
                        "ltext1": "",
                        "rtext1": "&nbsp;&nbsp;&nbsp;&nbsp;&nbsp;<font color='#ED7745'>Complete</font> <br> <br>&nbsp;&nbsp;&nbsp;&nbsp;&nbsp;নকশার ধাঁধাটা সম্পূর্ণ হয়েছে <br> <br>&nbsp;&nbsp;&nbsp;&nbsp;&nbsp;The puzzle is <font color='#ED7745'><i>completed</i></font>.",
                        "utext1": "",
                        "dtext1": "",
                        "text1": "",
                        "description": ""
                      },
                      { 
                        "image1": "completecircle",             
                        "name": "Bsv1-Lesson5 (3/8)", 
                        "ltext1": "",
                        "rtext1": "&nbsp;&nbsp;&nbsp;&nbsp;&nbsp;<font color='#ED7745'>Complete, Finish</font> <br> <br>&nbsp;&nbsp;&nbsp;&nbsp;&nbsp;আঁকা শেষ করেছ, এবার বৃত্তটা কি সম্পূর্ণ করবে ? <br> <br>&nbsp;&nbsp;&nbsp;&nbsp;&nbsp;You have <font color='#ED7745'><i>finished</i></font> drawing; will you <font color='#ED7745'><i>complete</i></font> the circle now ?",
                        "utext1": "",
                        "dtext1": "",
                        "text1": "",
                        "description": ""
                      },
                      { 
                        "image1": "",             
                        "name": "Bsv1-Lesson5 (3/9)", 
                        "ltext1": "",
                        "rtext1": "",
                        "utext1": "",
                        "dtext1": "",
                        "text1": "Stop - থামা বা থামিয়ে দেওয়া, End - শেষ হওয়া বা শেষ করা (থামবার মত করে), Finish - শেষ হওয়া বা শেষ করা (সম্পাদন করার মত করে) আর Complete - সম্পূর্ণ করা । থামিয়ে দিলে বা থেমে গেলেই শেষ হয় না, তাই stop আর end-এর ব্যবহার আলাদা । আরো উদাহরণ - How will you end the sentence ? (কীভাবে বাক্যটাকে শেষ করবে ?) বা The road has ended in a river (রাস্তাটা একটা নদীতে শেষ হয়েছে) । এগুলিতে stop ব্যবহার হবে না, যদিও বাক্য বা রাস্তা থেমেই যাচ্ছে - তাই বলা হয়েছে, থামবার মত করে শেষ হচ্ছে (end) । আর থামবার বা থামাবার মত না করে একটা সম্পাদন করার মত করে শেষ করলে finish ব্যবহার হয় । আরো উদাহরণ - Have you finished your breakfast ? (প্রাতরাশ খাওয়া শেষ করেছ ?) । এখানে সম্পাদন করার মত করে শেষ হচ্ছে, তাই finish (বা complete) বসল । তবে সম্পাদন হলেই কোন কাজ সম্পূর্ণ (complete) হবে, তা নয় । যেমন, আঁকা সম্পাদন হয়েছে (finished drawing), কিন্তু বৃত্ত তো সম্পূর্ণ হয় নি (not completed) । ভুল - You have to end when police says 'stop', The referee had finished (or completed) the fight, We have decided to finish (or complete) our relationship, The puzzle is finished (or ended), You have ended (or stopped) drawing । ঠিক -  The referee had ended the fight (শেষ করলে), You can never complete eating the cake । ",
                        "description": ""
                      }
]