[
                      { 
                        "image1": "gothere",             
                        "name": "Bsv2-Lesson2 (1/1)", 
                        "ltext1": "",
                        "rtext1": "<br>&nbsp;&nbsp;&nbsp;&nbsp;&nbsp;<font color='#ED7745'>Go</font> <br> <br>&nbsp;&nbsp;&nbsp;&nbsp;&nbsp;ওখানে যাওয়া আমার পছন্দ ছিল না, কিন্তু শেষপর্যন্ত গিয়েছিলাম <br> <br>&nbsp;&nbsp;&nbsp;&nbsp;&nbsp;I did not like to <font color='#ED7745'><i>go</i></font> there, but finally <font color='#ED7745'><i>went</i></font>.",
                        "utext1": "<font color='#ED7745'>Go, Leave, Depart</font>",
                        "dtext1": "",
                        "text1": "",
                        "description": ""
                      },
                      { 
                        "image1": "leavehome",             
                        "name": "Bsv2-Lesson2 (1/2)", 
                        "ltext1": "",
                        "rtext1": "&nbsp;&nbsp;&nbsp;&nbsp;&nbsp;<font color='#ED7745'>Leave</font> <br> <br>&nbsp;&nbsp;&nbsp;&nbsp;&nbsp;বাবা বাড়ি ছেড়ে চলে গেলে আমি খুব কেঁদেছিলাম <br> <br>&nbsp;&nbsp;&nbsp;&nbsp;&nbsp;I cried bitterly as my father <font color='#ED7745'><i>left</i></font> home.",
                        "utext1": "",
                        "dtext1": "",
                        "text1": "",
                        "description": ""
                      },
                      { 
                        "image1": "leavebehind",             
                        "name": "Bsv2-Lesson2 (1/3)", 
                        "ltext1": "",
                        "rtext1": "&nbsp;&nbsp;&nbsp;&nbsp;&nbsp;<font color='#ED7745'>Leave</font> <br> <br>&nbsp;&nbsp;&nbsp;&nbsp;&nbsp;তিনি তিনটি সন্তান রেখে গেছেন <br> <br>&nbsp;&nbsp;&nbsp;&nbsp;&nbsp;He <font color='#ED7745'><i>left</i></font> behind three sons.",
                        "utext1": "",
                        "dtext1": "",
                        "text1": "",
                        "description": ""
                      },
                      { 
                        "image1": "leaveus",             
                        "name": "Bsv2-Lesson2 (1/4)", 
                        "ltext1": "",
                        "rtext1": "&nbsp;&nbsp;&nbsp;&nbsp;&nbsp;<font color='#ED7745'>Leave</font> <br> <br>&nbsp;&nbsp;&nbsp;&nbsp;&nbsp;আমাদের অনেক সংশয়ে রেখে তিনি সভা ছাড়লেন <br> <br>&nbsp;&nbsp;&nbsp;&nbsp;&nbsp;He had <font color='#ED7745'><i>left</i></font> us in lot of doubt as he <font color='#ED7745'><i>left</i></font> the meeting. ",
                        "utext1": "",
                        "dtext1": "",
                        "text1": "",
                        "description": ""
                      },
                      { 
                        "image1": "depart",             
                        "name": "Bsv2-Lesson2 (1/5)", 
                        "ltext1": "",
                        "rtext1": "&nbsp;&nbsp;&nbsp;&nbsp;&nbsp;<font color='#ED7745'>Depart</font> <br> <br>&nbsp;&nbsp;&nbsp;&nbsp;&nbsp;লন্ডনে যাবার ট্রেন এখন স্টেশনে, সাতটায় ছাড়বে <br> <br>&nbsp;&nbsp;&nbsp;&nbsp;&nbsp;The train to London is at the station now and will <font color='#ED7745'><i>depart</i></font> at seven.",
                        "utext1": "",
                        "dtext1": "",
                        "text1": "",
                        "description": ""
                      },
                      { 
                        "image1": "",             
                        "name": "Bsv2-Lesson2 (1/6)", 
                        "ltext1": "",
                        "rtext1": "",
                        "utext1": "",
                        "dtext1": "",
                        "text1": "Go হল 'যাওয়া' আর Leave বা Depart হল 'ছেড়ে যাওয়া' বা 'রেখে যাওয়া' (যেমন, leave home, leave for London বা depart from London) । শুধু কোন জায়গা ছেড়ে যাওয়া অর্থেই leave বসে না, 'রেখে যাওয়া' অর্থেও তা প্রয়োগ হয় (যেমন, he left behind three sons বা he left behind 5 crores) । সংশয়ে ছেড়ে রাখা বা যাওয়া - leave in doubt, বিকল্প না রাখা - leave with no choice, দরজা খুলে রাখা - leave the door open । আর যাত্রার ক্ষেত্রে depart ব্যবহার করবে, যেমন ট্রেন বা প্লেনের যাত্রা, যখন সেটা আনুষ্ঠানিক (যেমন, train departs at 7, I shall depart for London) । Leave-Left-Left ।",
                        "description": ""
                      },
                      { 
                        "image1": "helpmother",             
                        "name": "Bsv2-Lesson2 (2/1)", 
                        "ltext1": "",
                        "rtext1": "<br>&nbsp;&nbsp;&nbsp;&nbsp;&nbsp;<font color='#ED7745'>Help</font> <br> <br>&nbsp;&nbsp;&nbsp;&nbsp;&nbsp;ছোট্ট টিনটিন তার মাকে কাপড় কাচতে সাহায্য করে <br> <br>&nbsp;&nbsp;&nbsp;&nbsp;&nbsp;Small Tintin <font color='#ED7745'><i>helps</i></font> her mother wash clothes.",
                        "utext1": "<font color='#ED7745'>Help, Assist, Support, Guide</font>",
                        "dtext1": "",
                        "text1": "",
                        "description": ""
                      },
                      { 
                        "image1": "helpyou",         
                        "name": "Bsv2-Lesson2 (2/2)", 
                        "ltext1": "",
                        "rtext1": "&nbsp;&nbsp;&nbsp;&nbsp;&nbsp;<font color='#ED7745'>Help</font> <br> <br>&nbsp;&nbsp;&nbsp;&nbsp;&nbsp;শয়তান বলল, \"ঈশ্বর ব্যস্ত আছেন, আমি আপনার জন্য কি করতে পারি ?\" <br> <br>&nbsp;&nbsp;&nbsp;&nbsp;&nbsp;The Satan said, \"God is busy, may I <font color='#ED7745'><i>help</i></font> you ?\"",
                        "utext1": "",
                        "dtext1": "",
                        "text1": "",
                        "description": ""
                      },
                      
                      { 
                        "image1": "helpcrying",             
                        "name": "Bsv2-Lesson2 (2/3)", 
                        "ltext1": "",
                        "rtext1": "&nbsp;&nbsp;&nbsp;&nbsp;&nbsp;<font color='#ED7745'>Help</font> <br> <br>&nbsp;&nbsp;&nbsp;&nbsp;&nbsp;চিঠিটা পড়ে আমার মা না কেঁদে পারল না <br> <br>&nbsp;&nbsp;&nbsp;&nbsp;&nbsp;Reading the letter my mother could not <font color='#ED7745'><i>help</i></font> crying.",
                        "utext1": "",
                        "dtext1": "",
                        "text1": "",
                        "description": ""
                       },
                       { 
                        "image1": "assisthim",             
                        "name": "Bsv2-Lesson2 (2/4)", 
                        "ltext1": "",
                        "rtext1": "&nbsp;&nbsp;&nbsp;&nbsp;&nbsp;<font color='#ED7745'>Assist</font> <br> <br>&nbsp;&nbsp;&nbsp;&nbsp;&nbsp;মি. সেনের সেক্রেটারি তাকে দপ্তরের কাজে সহযোগিতা করেন <br> <br>&nbsp;&nbsp;&nbsp;&nbsp;&nbsp;Mr. Sen's secretary <font color='#ED7745'><i>assists</i></font> him in office work.",
                        "utext1": "",
                        "dtext1": "",
                        "text1": "",
                        "description": ""
                      },
                      { 
                        "image1": "assistleader",             
                        "name": "Bsv2-Lesson2 (2/5)", 
                        "ltext1": "",
                        "rtext1": "&nbsp;&nbsp;&nbsp;&nbsp;&nbsp;<font color='#ED7745'>Assist</font> <br> <br>&nbsp;&nbsp;&nbsp;&nbsp;&nbsp;আমরা আমাদের নেতাকে সাহায্য করি <br> <br>&nbsp;&nbsp;&nbsp;&nbsp;&nbsp;We all <font color='#ED7745'><i>assist</i></font> our leader.",
                        "utext1": "",
                        "dtext1": "",
                        "text1": "",
                        "description": ""
                      },
                      { 
                        "image1": "supportteam",             
                        "name": "Bsv2-Lesson2 (2/6)", 
                        "ltext1": "",
                        "rtext1": "&nbsp;&nbsp;&nbsp;&nbsp;&nbsp;<font color='#ED7745'>Support</font> <br> <br>&nbsp;&nbsp;&nbsp;&nbsp;&nbsp;যখন দল হারেও তখনও আমরা আমাদের দলকে সমর্থন করি <br> <br>&nbsp;&nbsp;&nbsp;&nbsp;&nbsp;We fans <font color='#ED7745'><i>support</i></font> our team even when it loses.",
                        "utext1": "",
                        "dtext1": "",
                        "text1": "",
                        "description": ""
                      },
                      { 
                        "image1": "supporteducation",             
                        "name": "Bsv2-Lesson2 (2/7)", 
                        "ltext1": "",
                        "rtext1": "&nbsp;&nbsp;&nbsp;&nbsp;&nbsp;<font color='#ED7745'>Support</font> <br> <br>&nbsp;&nbsp;&nbsp;&nbsp;&nbsp;অভেদ পশ্চিমবঙ্গের কিছু ছাত্রছাত্রীর শিক্ষার ভার বহন করে  <br> <br>&nbsp;&nbsp;&nbsp;&nbsp;&nbsp;Abheda <font color='#ED7745'><i>supports</i></font> education of some students in West Bengal.",
                        "utext1": "",
                        "dtext1": "",
                        "text1": "",
                        "description": ""
                      },
                      { 
                        "image1": "guide",             
                        "name": "Bsv2-Lesson2 (2/8)", 
                        "ltext1": "",
                        "rtext1": "&nbsp;&nbsp;&nbsp;&nbsp;&nbsp;<font color='#ED7745'>Guide</font> <br> <br>&nbsp;&nbsp;&nbsp;&nbsp;&nbsp;মি. জনসন আমাদের দল পরিচালনা করলে আমরা সফল হতে পারব <br> <br>&nbsp;&nbsp;&nbsp;&nbsp;&nbsp;If Mr. Johnson <font color='#ED7745'><i>guides</i></font> our team, we can succeed.",
                        "utext1": "",
                        "dtext1": "",
                        "text1": "",
                        "description": ""
                      },
                      { 
                        "image1": "",             
                        "name": "Bsv2-Lesson2 (2/9)", 
                        "ltext1": "",
                        "rtext1": "",
                        "utext1": "",
                        "dtext1": "",
                        "text1": "Help হল সাহায্য করা, আর assist হল সহযোগিতা করা । Help-এ একজন আরেকজনকে (মোটামুটি) সমানভাবে সাহায্য করে, কিন্তু assist-এ একজন কাজ করে মুখ্যভাবে আর অন্যজন তাকে (গৌণভাবে) সহযোগিতা করে (যেভাবে assistant কাজ করে) । May I help you - আমি আপনার জন্য কী করতে পারি বা আমি কি আপনাকে সাহায্য করতে পারি ? Help-এর আরো একটা ব্যবহার হল I couldn't help laughing - আমি না হেসে পারলাম না (মানে হাসতেই হল) । আর support হল সমর্থন করা, অবশ্য support a family (পরিবারের ভারবহন করা) বা support a great cause (মহান কোন কাজকে সমর্থন করা) - এরকমও হয় । guide - পরিচালনা করা বা পথনির্দেশ করা । সেটা কোন যাত্রাপথের guide-ও হতে পারে ।",
                        "description": ""
                      },
                      { 
                        "image1": "liecot",             
                        "name": "Bsv2-Lesson2 (3/1)", 
                        "ltext1": "",
                        "rtext1": "<br>&nbsp;&nbsp;&nbsp;&nbsp;&nbsp;<font color='#ED7745'>Lie</font> <br> <br>&nbsp;&nbsp;&nbsp;&nbsp;&nbsp;ছেলেটা খাটের ওপর শুয়ে আছে <br> <br>&nbsp;&nbsp;&nbsp;&nbsp;&nbsp;The boy is <font color='#ED7745'><i>lying</i></font> on the cot.",
                        "utext1": "<font color='#ED7745'>Lie, Lay, Put, Keep</font>",
                        "dtext1": "",
                        "text1": "",
                        "description": ""
                      },
                      { 
                        "image1": "liessouth",         
                        "name": "Bsv2-Lesson2 (3/2)", 
                        "ltext1": "",
                        "rtext1": "&nbsp;&nbsp;&nbsp;&nbsp;&nbsp;<font color='#ED7745'>Lie</font> <br> <br>&nbsp;&nbsp;&nbsp;&nbsp;&nbsp;শ্রীলঙ্কা ভারতের দক্ষিণে পড়ছে <br> <br>&nbsp;&nbsp;&nbsp;&nbsp;&nbsp;Sri Lanka <font color='#ED7745'><i>lies</i></font> to the south of India.",
                        "utext1": "",
                        "dtext1": "",
                        "text1": "",
                        "description": ""
                      },
                      { 
                        "image1": "layson",             
                        "name": "Bsv2-Lesson2 (3/3)", 
                        "ltext1": "",
                        "rtext1": "&nbsp;&nbsp;&nbsp;&nbsp;&nbsp;<font color='#ED7745'>Lay</font> <br> <br>&nbsp;&nbsp;&nbsp;&nbsp;&nbsp;মা তার ছেলেকে খাটের ওপর শুইয়ে দিলেন <br> <br>&nbsp;&nbsp;&nbsp;&nbsp;&nbsp;The mother had <font color='#ED7745'><i>laid</i></font> her son on the cot.",
                        "utext1": "",
                        "dtext1": "",
                        "text1": "",
                        "description": ""
                      },
                      { 
                        "image1": "layegg",             
                        "name": "Bsv2-Lesson2 (3/4)", 
                        "ltext1": "",
                        "rtext1": "&nbsp;&nbsp;&nbsp;&nbsp;&nbsp;<font color='#ED7745'>Lay</font> <br> <br>&nbsp;&nbsp;&nbsp;&nbsp;&nbsp;তোকে দশটা ডিম পাড়তে বলেছিলাম, তিনটে পেড়েছিস কেন ? <br> <br>&nbsp;&nbsp;&nbsp;&nbsp;&nbsp;I asked you to <font color='#ED7745'><i>lay</i></font> ten eggs, why have you <font color='#ED7745'><i>laid</i></font> only three ?",
                        "utext1": "",
                        "dtext1": "",
                        "text1": "",
                        "description": ""
                      },
                       { 
                        "image1": "putbook",             
                        "name": "Bsv2-Lesson2 (3/5)", 
                        "ltext1": "",
                        "rtext1": "&nbsp;&nbsp;&nbsp;&nbsp;&nbsp;<font color='#ED7745'>Put</font> <br> <br>&nbsp;&nbsp;&nbsp;&nbsp;&nbsp;অভিষেক বইটা তাকে তুলে রাখছে <br> <br>&nbsp;&nbsp;&nbsp;&nbsp;&nbsp;Abhishek is <font color='#ED7745'><i>putting</i></font> the book on the rack.",
                        "utext1": "",
                        "dtext1": "",
                        "text1": "",
                        "description": ""
                      },
                      { 
                        "image1": "putdustbin",             
                        "name": "Bsv2-Lesson2 (3/6)", 
                        "ltext1": "",
                        "rtext1": "<font color='#ED7745'>Put</font> <br> <br>না বললেও অপ্রয়োজনীয় কাগজ ডাস্টবিনে ফেলে দিয়ো দয়া করে <br> <br>&nbsp;&nbsp;&nbsp;&nbsp;&nbsp;Even if I do not tell you, please <font color='#ED7745'><i>put</i></font> the useless papers into dustbin.",
                        "utext1": "",
                        "dtext1": "",
                        "text1": "",
                        "description": ""
                      },
                      { 
                        "image1": "putspace",             
                        "name": "Bsv2-Lesson2 (3/7)", 
                        "ltext1": "",
                        "rtext1": "&nbsp;&nbsp;&nbsp;&nbsp;&nbsp;<font color='#ED7745'>Put</font> <br> <br>&nbsp;&nbsp;&nbsp;&nbsp;&nbsp;ভারত একটা নতুন স্যাটেলাইট শূন্যে স্থাপন করল <br> <br>India had <font color='#ED7745'><i>put</i></font> a new satellite into space.",
                        "utext1": "",
                        "dtext1": "",
                        "text1": "",
                        "description": ""
                      },
                      { 
                        "image1": "keepflowers",             
                        "name": "Bsv2-Lesson2 (3/8)", 
                        "ltext1": "",
                        "rtext1": "&nbsp;&nbsp;&nbsp;&nbsp;&nbsp;<font color='#ED7745'>Keep</font> <br> <br>&nbsp;&nbsp;&nbsp;&nbsp;&nbsp;ফুলেদের জানলার কাছে রাখো, যাতে ওগুলো বাড়তে পারে <br> <br>&nbsp;&nbsp;&nbsp;&nbsp;&nbsp;<font color='#ED7745'><i>Keep</i></font> the flowers near the window so that they can grow.",
                        "utext1": "",
                        "dtext1": "",
                        "text1": "",
                        "description": ""
                      },
                      { 
                        "image1": "",             
                        "name": "Bsv2-Lesson2 (3/9)", 
                        "ltext1": "",
                        "rtext1": "",
                        "utext1": "",
                        "dtext1": "",
                        "text1": "Lie হল শুয়ে পড়া, আর lay হল শুইয়ে দেওয়া (সমতল স্থানে) । আবার lie অবস্থান বোঝাতেও ব্যবহার হয়, যেমন Pakistan lies to the west of India । জানবে, মিথ্যে কথা বোঝাতেও lie ব্যবহার হয় verb হিসেবে । আর 'ডিম পাড়া' অর্থেও lay eggs ব্যবহার করবে । lay 'রাখা' অর্থেও প্রয়োগ হয়, কিন্তু শুধু সমতলের ক্ষেত্রে, put বা keep সব রকম 'রাখা'-ই বোঝায় । Put আর keep-এর সামান্য তফাৎ আছে । Abhishek is keeping the book on the rack লেখাই যায় putting-এর বদলে, কিন্তু keep it in the dustbin হবে না । এর কারণ হল, keep সবসময়ই ব্যবহার হয় কোন কিছুকে স্থির অবস্থায় পরে ব্যবহারের জন্য রেখে দেওয়া অর্থে । যেমন, keep the flowers near window । আবার India had kept satellites হবে না, কারণ satellite স্থির অবস্থায় কিছু থাকে না । Lie-Lay-Lain (যখন অর্থ শুয়ে পড়া), Lie-Lied-Lied (যখন অর্থ মিথ্যে বলা), Lay-Laid-Laid ।",
                        "description": ""
                      }
]
