[
                      { 
                        "image1": "thinkghosh",             
                        "name": "Bsv2-Lesson5 (1/1)", 
                        "ltext1": "",
                        "rtext1": "<br>&nbsp;&nbsp;&nbsp;&nbsp;&nbsp;<font color='#ED7745'>Think</font> <br> <br>&nbsp;&nbsp;&nbsp;&nbsp;&nbsp;মি. ঘোষ তার স্ত্রীর কথা চিন্তা করছিলেন । <br> <br>&nbsp;&nbsp;&nbsp;&nbsp;&nbsp;Mr. Ghosh was <font color='#ED7745'><i>thinking</i></font> of his wife.",
                        "utext1": "<font color='#ED7745'>Think, Understand, Make out, Realise</font>",
                        "dtext1": "",
                        "text1": "",
                        "description": ""
                      },
                      { 
                        "image1": "understandexactly",             
                        "name": "Bsv2-Lesson5 (1/2)", 
                        "ltext1": "",
                        "rtext1": "&nbsp;&nbsp;&nbsp;&nbsp;&nbsp;<font color='#ED7745'>Understand</font> <br> <br>&nbsp;&nbsp;&nbsp;&nbsp;&nbsp;তুমি ঠিক কি বলছ, বুঝতে পারছি না । <br> <br>&nbsp;&nbsp;&nbsp;&nbsp;&nbsp;I can not <font color='#ED7745'><i>understand</i></font> what exactly you are saying.",
                        "utext1": "",
                        "dtext1": "",
                        "text1": "",
                        "description": ""
                      },
                      { 
                        "image1": "understandwhat",             
                        "name": "Bsv2-Lesson5 (1/3)", 
                        "ltext1": "",
                        "rtext1": "&nbsp;&nbsp;&nbsp;&nbsp;&nbsp;<font color='#ED7745'>Understand</font> <br> <br>&nbsp;&nbsp;&nbsp;&nbsp;&nbsp;বোঝো, এখানে কি লেখা আছে । <br> <br>&nbsp;&nbsp;&nbsp;&nbsp;&nbsp;<font color='#ED7745'><i>Understand</i></font> what is written here.",
                        "utext1": "",
                        "dtext1": "",
                        "text1": "",
                        "description": ""
                      },
                      { 
                        "image1": "makeout2",             
                        "name": "Bsv2-Lesson5 (1/4)", 
                        "ltext1": "",
                        "rtext1": "&nbsp;&nbsp;&nbsp;&nbsp;&nbsp;<font color='#ED7745'>Makeout</font> <br> <br>&nbsp;&nbsp;&nbsp;&nbsp;&nbsp;অত জোরে বললে কি বলছ তা ধরতে পারছি না । <br> <br>&nbsp;&nbsp;&nbsp;&nbsp;&nbsp;If you are so loud, I can not <font color='#ED7745'><i>make out</i></font> what you are saying.",
                        "utext1": "",
                        "dtext1": "",
                        "text1": "",
                        "description": ""
                      },
                      { 
                        "image1": "makeoutunderstand",             
                        "name": "Bsv2-Lesson5 (1/5)", 
                        "ltext1": "",
                        "rtext1": "&nbsp;&nbsp;&nbsp;&nbsp;&nbsp;<font color='#ED7745'>Makeout, Understand</font> <br> <br>&nbsp;&nbsp;&nbsp;&nbsp;&nbsp;এই হাতের লেখা বুঝতে পারলে বুঝব তুমি মহান । <br> <br>&nbsp;&nbsp;&nbsp;&nbsp;&nbsp;If you can <font color='#ED7745'><i>make out</i></font> this handwriting, I shall </font><font color='#ED7745'><i>understand</i></font> that you are great.",
                        "utext1": "",
                        "dtext1": "",
                        "text1": "",
                        "description": ""
                      },
                      { 
                        "image1": "understandrealise",             
                        "name": "Bsv2-Lesson5 (1/6)", 
                        "ltext1": "",
                        "rtext1": "&nbsp;&nbsp;&nbsp;&nbsp;&nbsp;<font color='#ED7745'>Understand, Realise</font> <br> <br>&nbsp;&nbsp;&nbsp;&nbsp;&nbsp;তুমি আমায় বুঝিয়েছিলে, আর আমি সেটা উপলব্ধি করেছিলাম । <br> <br>&nbsp;&nbsp;&nbsp;&nbsp;&nbsp;You made me <font color='#ED7745'><i>understand</i></font>, and I <font color='#ED7745'><i>realised</i></font> it.",
                        "utext1": "",
                        "dtext1": "",
                        "text1": "",
                        "description": ""
                      },
                      { 
                        "image1": "realisemistake",             
                        "name": "Bsv2-Lesson5 (1/7)", 
                        "ltext1": "",
                        "rtext1": "&nbsp;&nbsp;&nbsp;&nbsp;&nbsp;<font color='#ED7745'>Realise</font> <br> <br>&nbsp;&nbsp;&nbsp;&nbsp;&nbsp;সে তার ভুল বুঝতে পেরেছিল । <br> <br>&nbsp;&nbsp;&nbsp;&nbsp;&nbsp;He <font color='#ED7745'><i>realised</i></font> his mistake.",
                        "utext1": "",
                        "dtext1": "",
                        "text1": "",
                        "description": ""
                      },
                      { 
                        "image1": "",             
                        "name": "Bsv2-Lesson5 (1/8)", 
                        "ltext1": "",
                        "rtext1": "",
                        "utext1": "",
                        "dtext1": "",
                        "text1": "Think - চিন্তা করা, understand - বোঝা, make out - (তফাৎ) ধরতে পারা, realise - উপলব্ধি করা । understand আর think-এর তফাৎ তো বোঝাই যায়, understand আর make out-এর তফাৎ হল 'বোঝা' আর 'ধরতে পারা'-র যা তফাৎ । বেশীরভাগ ক্ষেত্রেই make out-এর জায়গায় understand লিখলে ভুল হয় না, কিন্তু দুটো ব্যাপারের তফাৎ (make out difference) বা হাতের লেখা বোঝা (make out handwriting) ইত্যাদিতে make out সুপ্রযুক্ত । বোঝার ওপরের ধাপ হল উপলব্ধি, যেমন যদি কেউ জানে ঈশ্বর আছেন, তবে সেটা তার বোঝা নয়, উপলব্ধি (realise) । আর লক্ষ্য কর, make understand-এর ব্যবহার, যার অর্থ বোঝানো (explain) ।",
                        "description": ""
                      },
                      { 
                        "image1": "walkstair",             
                        "name": "Bsv2-Lesson5 (2/1)", 
                        "ltext1": "",
                        "rtext1": "<br>&nbsp;&nbsp;&nbsp;&nbsp;&nbsp;<font color='#ED7745'>Walk</font> <br> <br>&nbsp;&nbsp;&nbsp;&nbsp;&nbsp;আমি স্কুলের দিকে সিঁড়ি দিয়ে হাঁটছি । <br> <br>&nbsp;&nbsp;&nbsp;&nbsp;&nbsp;I'm <font color='#ED7745'><i>walking</i></font> up the stairs towards school.",
                        "utext1": "<font color='#ED7745'>Walk, Go, Move, Remove</font>",
                        "dtext1": "",
                        "text1": "",
                        "description": ""
                      },
                      { 
                        "image1": "walkdog",             
                        "name": "Bsv2-Lesson5 (2/2)", 
                        "ltext1": "",
                        "rtext1": "&nbsp;&nbsp;&nbsp;&nbsp;&nbsp;<font color='#ED7745'>Walk</font> <br> <br>&nbsp;&nbsp;&nbsp;&nbsp;&nbsp;সে প্রতি দুপুরে একঘণ্টা তার কুকুরকে হাঁটায় । <br> <br>&nbsp;&nbsp;&nbsp;&nbsp;&nbsp;He <font color='#ED7745'><i>walks</i></font> his dog for an hour every afternoon.",
                        "utext1": "",
                        "dtext1": "",
                        "text1": "",
                        "description": ""
                      },
                      { 
                        "image1": "walkclass",             
                        "name": "Bsv2-Lesson5 (2/3)", 
                        "ltext1": "",
                        "rtext1": "&nbsp;&nbsp;&nbsp;&nbsp;&nbsp;<font color='#ED7745'>Walk</font> <br> <br>&nbsp;&nbsp;&nbsp;&nbsp;&nbsp;উঁচু ক্লাসের ছাত্ররা শ্রেণীকক্ষ ছেড়ে বেরিয়ে গেল । <br> <br>&nbsp;&nbsp;&nbsp;&nbsp;&nbsp;Higher class students had <font color='#ED7745'><i>walked</i></font> out of class.",
                        "utext1": "",
                        "dtext1": "",
                        "text1": "",
                        "description": ""
                      },
                      { 
                        "image1": "gobus",             
                        "name": "Bsv2-Lesson5 (2/4)", 
                        "ltext1": "",
                        "rtext1": "&nbsp;&nbsp;&nbsp;&nbsp;&nbsp;<font color='#ED7745'>Go</font> <br> <br>&nbsp;&nbsp;&nbsp;&nbsp;&nbsp;আমরা বাসে করে যাবো । <br> <br>&nbsp;&nbsp;&nbsp;&nbsp;&nbsp;We shall <font color='#ED7745'><i>go</i></font> by bus.",
                        "utext1": "",
                        "dtext1": "",
                        "text1": "",
                        "description": ""
                      },
                      { 
                        "image1": "gojob",             
                        "name": "Bsv2-Lesson5 (2/5)", 
                        "ltext1": "",
                        "rtext1": "&nbsp;&nbsp;&nbsp;&nbsp;&nbsp;<font color='#ED7745'>Go</font> <br> <br>&nbsp;&nbsp;&nbsp;&nbsp;&nbsp;সে অনেক উৎসাহ নিয়ে নতুন কাজ নিয়েছিলো । <br> <br>&nbsp;&nbsp;&nbsp;&nbsp;&nbsp;He <font color='#ED7745'><i>went</i></font> at the job with a lot of energy.",
                        "utext1": "",
                        "dtext1": "",
                        "text1": "",
                        "description": ""
                      },
                      { 
                        "image1": "goradio",             
                        "name": "Bsv2-Lesson5 (2/6)", 
                        "ltext1": "",
                        "rtext1": "&nbsp;&nbsp;&nbsp;&nbsp;&nbsp;<font color='#ED7745'>Go</font> <br> <br>&nbsp;&nbsp;&nbsp;&nbsp;&nbsp;রেডিওটি চলবে না । <br> <br>&nbsp;&nbsp;&nbsp;&nbsp;&nbsp;The radio won't <font color='#ED7745'><i>go.</i></font>",
                        "utext1": "",
                        "dtext1": "",
                        "text1": "",
                        "description": ""
                      },
                      { 
                        "image1": "movenew",             
                        "name": "Bsv2-Lesson5 (2/7)", 
                        "ltext1": "",
                        "rtext1": "&nbsp;&nbsp;&nbsp;&nbsp;&nbsp;<font color='#ED7745'>Move</font> <br> <br>&nbsp;&nbsp;&nbsp;&nbsp;&nbsp;আমরা নতুন এপার্টমেন্টে চলে এসেছিলাম । <br> <br>&nbsp;&nbsp;&nbsp;&nbsp;&nbsp;We <font color='#ED7745'><i>moved</i></font> to a new apartment.",
                        "utext1": "",
                        "dtext1": "",
                        "text1": "",
                        "description": ""
                      },
                      { 
                        "image1": "movechair",             
                        "name": "Bsv2-Lesson5 (2/8)", 
                        "ltext1": "",
                        "rtext1": "&nbsp;&nbsp;&nbsp;&nbsp;&nbsp;<font color='#ED7745'>Move</font> <br> <br>&nbsp;&nbsp;&nbsp;&nbsp;&nbsp;সে চেয়ারটিকে কোণের দিকে সরিয়েছিল । <br> <br>&nbsp;&nbsp;&nbsp;&nbsp;&nbsp;He <font color='#ED7745'><i>moved</i></font> the chair into the corner.",
                        "utext1": "",
                        "dtext1": "",
                        "text1": "",
                        "description": ""
                      },
                      { 
                        "image1": "moveresearcher",             
                        "name": "Bsv2-Lesson5 (2/9)", 
                        "ltext1": "",
                        "rtext1": "&nbsp;&nbsp;&nbsp;&nbsp;&nbsp;<font color='#ED7745'>Move</font> <br> <br>&nbsp;&nbsp;&nbsp;&nbsp;&nbsp;সে গবেষক হওয়া থেকে অধ্যাপক হবার দিকে এগিয়েছিল । <br> <br>&nbsp;&nbsp;&nbsp;&nbsp;&nbsp;He <font color='#ED7745'><i>moved</i></font> from being a researcher to being a lecturer.",
                        "utext1": "",
                        "dtext1": "",
                        "text1": "",
                        "description": ""
                      },
                      { 
                        "image1": "removeplate",             
                        "name": "Bsv2-Lesson5 (2/10)", 
                        "ltext1": "",
                        "rtext1": "&nbsp;&nbsp;&nbsp;&nbsp;&nbsp;<font color='#ED7745'>Remove</font> <br> <br>&nbsp;&nbsp;&nbsp;&nbsp;&nbsp;আমি টেবিল থেকে প্লেটগুলো সরিয়েছিলাম । <br> <br>&nbsp;&nbsp;&nbsp;&nbsp;&nbsp;I <font color='#ED7745'><i>removed</i></font> plates from the table.",
                        "utext1": "",
                        "dtext1": "",
                        "text1": "",
                        "description": ""
                      },
                      { 
                        "image1": "removestain",             
                        "name": "Bsv2-Lesson5 (2/11)", 
                        "ltext1": "",
                        "rtext1": "<font color='#ED7745'>Remove</font> <br> <br>আমি জামাগুলি থেকে দাগ তুলতে চাই । <br> <br>&nbsp;&nbsp;&nbsp;&nbsp;&nbsp;I want to <font color='#ED7745'><i>remove</i></font> stains from my clothes.",
                        "utext1": "",
                        "dtext1": "",
                        "text1": "",
                        "description": ""
                      },
                      { 
                        "image1": "removegarbage",             
                        "name": "Bsv2-Lesson5 (2/12)", 
                        "ltext1": "",
                        "rtext1": "&nbsp;&nbsp;&nbsp;&nbsp;&nbsp;<font color='#ED7745'>Remove</font> <br> <br>&nbsp;&nbsp;&nbsp;&nbsp;&nbsp;কলোনি থেকে ময়লা অপসারিত হচ্ছে । <br> <br>Garbage is being <font color='#ED7745'><i>removed</i></font> from the colony.",
                        "utext1": "",
                        "dtext1": "",
                        "text1": "",
                        "description": ""
                      },
                      { 
                        "image1": "",             
                        "name": "Bsv2-Lesson5 (2/13)", 
                        "ltext1": "",
                        "rtext1": "",
                        "utext1": "",
                        "dtext1": "",
                        "text1": "Walk - হাঁটা, go - যাওয়া । I walk towards school-এর অর্থ 'আমি স্কুলের দিকে হাঁটছি' আর I go to school-র মানে 'আমি স্কুলে যাচ্ছি' । এ দুটো বোঝা সহজ । এবার move হল কোন জিনিসকে (বা ধারণাকে) এক জায়গা থেকে আরেক জায়গায় সরানো, যেমন he moved the chair into the corner বা we moved to a new apartment । আর remove তখনই ব্যবহার হয়, যখন একেবারে সরিয়ে নেওয়া বা হঠিয়ে দেওয়া বোঝাতে হবে, এক জায়গা থেকে আরেক জায়গায় নয় । যেমন, টেবিল থেকে প্লেট সরানো, জামা থেকে দাগ হঠানো বা কলোনি থেকে ময়লা সরানো । তখন remove ।",
                        "description": ""
                      },
                      { 
                        "image1": "washhand",             
                        "name": "Bsv2-Lesson5 (3/1)", 
                        "ltext1": "",
                        "rtext1": "<br>&nbsp;&nbsp;&nbsp;&nbsp;&nbsp;<font color='#ED7745'>Wash</font> <br> <br>&nbsp;&nbsp;&nbsp;&nbsp;&nbsp;হাত ধোওয়া যাক । <br> <br>&nbsp;&nbsp;&nbsp;&nbsp;&nbsp;Let me <font color='#ED7745'><i>wash</i></font> my hands.",
                        "utext1": "<font color='#ED7745'>Wash, Clean, Wipe</font>",
                        "dtext1": "",
                        "text1": "",
                        "description": ""
                      },
                      { 
                        "image1": "washdish",             
                        "name": "Bsv2-Lesson5 (3/2)", 
                        "ltext1": "",
                        "rtext1": "&nbsp;&nbsp;&nbsp;&nbsp;&nbsp;<font color='#ED7745'>Wash</font> <br> <br>&nbsp;&nbsp;&nbsp;&nbsp;&nbsp;তুমি কি দয়া করে এই ডিশগুলো ধুতে আমাকে সাহায্য করতে পারবে ? <br> <br>&nbsp;&nbsp;&nbsp;&nbsp;&nbsp;Can you help me <font color='#ED7745'><i>wash</i></font> up these dishes, please ?",
                        "utext1": "",
                        "dtext1": "",
                        "text1": "",
                        "description": ""
                      },
                      { 
                        "image1": "washbank",             
                        "name": "Bsv2-Lesson5 (3/3)", 
                        "ltext1": "",
                        "rtext1": "&nbsp;&nbsp;&nbsp;&nbsp;&nbsp;<font color='#ED7745'>Wash</font> <br> <br>&nbsp;&nbsp;&nbsp;&nbsp;&nbsp;নদীর বাঁধ ঝড়ে ভেঙে গিয়েছিল । <br> <br>&nbsp;&nbsp;&nbsp;&nbsp;&nbsp;The embankment was <font color='#ED7745'><i>washed</i></font> out by storm.",
                        "utext1": "",
                        "dtext1": "",
                        "text1": "",
                        "description": ""
                      },
                      { 
                        "image1": "cleanfloor",             
                        "name": "Bsv2-Lesson5 (3/4)", 
                        "ltext1": "",
                        "rtext1": "&nbsp;&nbsp;&nbsp;&nbsp;&nbsp;<font color='#ED7745'>Clean</font> <br> <br>&nbsp;&nbsp;&nbsp;&nbsp;&nbsp;আমি রান্নাঘরের মেঝে পরিষ্কার করছি । <br> <br>&nbsp;&nbsp;&nbsp;&nbsp;&nbsp;I'm <font color='#ED7745'><i>cleaning</i></font> my kitchen floor.",
                        "utext1": "",
                        "dtext1": "",
                        "text1": "",
                        "description": ""
                      },
                      { 
                        "image1": "cleanbet",             
                        "name": "Bsv2-Lesson5 (3/5)", 
                        "ltext1": "",
                        "rtext1": "&nbsp;&nbsp;&nbsp;&nbsp;&nbsp;<font color='#ED7745'>Clean</font> <br> <br>&nbsp;&nbsp;&nbsp;&nbsp;&nbsp;শেষ বাজিটা আমার থেকে সব নিয়ে নিয়েছিল । <br> <br>&nbsp;&nbsp;&nbsp;&nbsp;&nbsp;The last bet <font color='#ED7745'><i>cleaned</i></font> me out.",
                        "utext1": "",
                        "dtext1": "",
                        "text1": "",
                        "description": ""
                      },
                      { 
                        "image1": "wipehair",             
                        "name": "Bsv2-Lesson5 (3/6)", 
                        "ltext1": "",
                        "rtext1": "&nbsp;&nbsp;&nbsp;&nbsp;&nbsp;<font color='#ED7745'>Wipe</font> <br> <br>&nbsp;&nbsp;&nbsp;&nbsp;&nbsp;সে  তোয়ালে দিয়ে তার চুল মুছেছিল । <br> <br>&nbsp;&nbsp;&nbsp;&nbsp;&nbsp;She <font color='#ED7745'><i>wiped</i></font> her hair with a towel.",
                        "utext1": "",
                        "dtext1": "",
                        "text1": "",
                        "description": ""
                      },
                      { 
                        "image1": "wipeboard",             
                        "name": "Bsv2-Lesson5 (3/7)", 
                        "ltext1": "",
                        "rtext1": "&nbsp;&nbsp;&nbsp;&nbsp;&nbsp;<font color='#ED7745'>Wipe</font> <br> <br>&nbsp;&nbsp;&nbsp;&nbsp;&nbsp;মেয়েটি ব্ল্যাকবোর্ডের লেখা ডাস্টার দিয়ে মুছে দিল । <br> <br>&nbsp;&nbsp;&nbsp;&nbsp;&nbsp;The girl had <font color='#ED7745'><i>wiped</i></font> out the blackboard with a duster.",
                        "utext1": "",
                        "dtext1": "",
                        "text1": "",
                        "description": ""
                      },
                      { 
                        "image1": "",             
                        "name": "Bsv2-Lesson5 (3/8)", 
                        "ltext1": "",
                        "rtext1": "",
                        "utext1": "",
                        "dtext1": "",
                        "text1": "ধুলেই পরিষ্কার হয় না, তাই ধোওয়া (wash) আর পরিষ্কার (clean) আলাদা verb । আর wipe হল একদম মুছে বা উঠিয়ে দেওয়া, যেমন wipe out the blackboard । আবার চুল মোছাতেও wipe ব্যবহার হল । লক্ষ্য কর, টাকাপয়সা পুরো চলে যাওয়া অর্থে cleaned out এরকম লেখা হল, মানে যেন পকেট ফাঁকা হয়ে গেল ।",
                        "description": ""
                      }
]
