[
                      { 
                        "image1": "needcare",             
                        "name": "Bsv2-Lesson3 (1/1)", 
                        "ltext1": "",
                        "rtext1": "<br>&nbsp;&nbsp;&nbsp;&nbsp;&nbsp;<font color='#ED7745'>Need</font> <br> <br>&nbsp;&nbsp;&nbsp;&nbsp;&nbsp;এই লোকটির যত্নের প্রয়োজন, তুমি ওকে সাহায্য করবে ? <br> <br>&nbsp;&nbsp;&nbsp;&nbsp;&nbsp;This man <font color='#ED7745'><i>needs</i></font> care, will you help him ?",
                        "utext1": "<font color='#ED7745'>Need, Want, Wish, Hope, Expect, Seem</font>",
                        "dtext1": "",
                        "text1": "",
                        "description": ""
                      },
                      { 
                        "image1": "wantnothing",             
                        "name": "Bsv2-Lesson3 (1/2)", 
                        "ltext1": "",
                        "rtext1": "&nbsp;&nbsp;&nbsp;&nbsp;&nbsp;<font color='#ED7745'>Want</font> <br> <br>&nbsp;&nbsp;&nbsp;&nbsp;&nbsp;আমি জীবনে কিছুই চাই না, কেন তুমি আমায় প্রলোভন দেখাও ? <br> <br>&nbsp;&nbsp;&nbsp;&nbsp;&nbsp;I <font color='#ED7745'><i>want</i></font> nothing in life, why do you tempt me ?",
                        "utext1": "",
                        "dtext1": "",
                        "text1": "",
                        "description": ""
                      },
                      { 
                        "image1": "wantpolice",             
                        "name": "Bsv2-Lesson3 (1/3)", 
                        "ltext1": "",
                        "rtext1": "&nbsp;&nbsp;&nbsp;&nbsp;&nbsp;<font color='#ED7745'>Want</font> <br> <br>&nbsp;&nbsp;&nbsp;&nbsp;&nbsp;এই অপরাধীকে একটা ডাকাতির ব্যাপারে পুলিশ খুঁজছে (চাইছে) <br> <br>&nbsp;&nbsp;&nbsp;&nbsp;&nbsp;This criminal is <font color='#ED7745'><i>wanted</i></font> by police in connection with a robbery.",
                        "utext1": "",
                        "dtext1": "",
                        "text1": "",
                        "description": ""
                      },
                      { 
                        "image1": "wishluck",             
                        "name": "Bsv2-Lesson3 (1/4)", 
                        "ltext1": "",
                        "rtext1": "&nbsp;&nbsp;&nbsp;&nbsp;&nbsp;<font color='#ED7745'>Wish</font> <br> <br>&nbsp;&nbsp;&nbsp;&nbsp;&nbsp;আমার বন্ধু বিকাশ একটা চিঠিতে আমার পরের পরীক্ষার জন্য আমায় শুভকামনা জানিয়েছে <br> <br>&nbsp;&nbsp;&nbsp;&nbsp;&nbsp;In a letter my friend Vikash has <font color='#ED7745'><i>wished</i></font> me good luck for my next examination.",
                        "utext1": "",
                        "dtext1": "",
                        "text1": "",
                        "description": ""
                      },
                      { 
                        "image1": "wishpeace",             
                        "name": "Bsv2-Lesson3 (1/5)", 
                        "ltext1": "",
                        "rtext1": "&nbsp;&nbsp;&nbsp;&nbsp;&nbsp;<font color='#ED7745'>Wish</font> <br> <br>&nbsp;&nbsp;&nbsp;&nbsp;&nbsp;অলস হয়ে বসে থেকে শান্তিকামনা করলে সমস্যার সমাধান হবে না <br> <br>&nbsp;&nbsp;&nbsp;&nbsp;&nbsp;Sitting idle and <font color='#ED7745'><i>wishing</i></font> for peace will not solve problems.",
                        "utext1": "",
                        "dtext1": "",
                        "text1": "",
                        "description": ""
                      },
                      { 
                        "image1": "hopeyou",             
                        "name": "Bsv2-Lesson3 (1/6)", 
                        "ltext1": "",
                        "rtext1": "&nbsp;&nbsp;&nbsp;&nbsp;&nbsp;<font color='#ED7745'>Hope</font> <br> <br>&nbsp;&nbsp;&nbsp;&nbsp;&nbsp;কেন তুমি আশা করো যে একদিন কিছু মহান মানুষ জগৎটাকে পালটে দেবে ? <br> <br>&nbsp;&nbsp;&nbsp;&nbsp;&nbsp;Why do you <font color='#ED7745'><i>hope</i></font> that some great men will change the world one day ?",
                        "utext1": "",
                        "dtext1": "",
                        "text1": "",
                        "description": ""
                      },
                      { 
                        "image1": "hopebest",             
                        "name": "Bsv2-Lesson3 (1/7)", 
                        "ltext1": "",
                        "rtext1": "&nbsp;&nbsp;&nbsp;&nbsp;&nbsp;<font color='#ED7745'>Hope, Expect</font> <br> <br>&nbsp;&nbsp;&nbsp;&nbsp;&nbsp;সবচেয়ে ভালোটা আশা করেছিলাম, কিন্তু এখন মনে হচ্ছে যে সবচেয়ে খারাপটা ঘটবে <br> <br>&nbsp;&nbsp;&nbsp;&nbsp;&nbsp;I <font color='#ED7745'><i>hoped</i></font> for the best, but now I am <font color='#ED7745'><i>expecting</i></font> the worst.",
                        "utext1": "",
                        "dtext1": "",
                        "text1": "",
                        "description": ""
                      },
                      { 
                        "image1": "expectbaby",             
                        "name": "Bsv2-Lesson3 (1/8)", 
                        "ltext1": "",
                        "rtext1": "&nbsp;&nbsp;&nbsp;&nbsp;&nbsp;<font color='#ED7745'>Hope, Expect</font> <br> <br>&nbsp;&nbsp;&nbsp;&nbsp;&nbsp;সে সন্তান ধারণ করছে, ও আশা করে যে সন্তান হবে একটি মেয়ে  <br> <br>&nbsp;&nbsp;&nbsp;&nbsp;&nbsp;She is <font color='#ED7745'><i>expecting</i></font> a baby, and <font color='#ED7745'><i>hopes</i></font> that it is a girl.",
                        "utext1": "",
                        "dtext1": "",
                        "text1": "",
                        "description": ""
                      },
                      { 
                        "image1": "seemsmiling",             
                        "name": "Bsv2-Lesson3 (1/9)", 
                        "ltext1": "",
                        "rtext1": "&nbsp;&nbsp;&nbsp;&nbsp;&nbsp;<font color='#ED7745'>Seem</font> <br> <br>&nbsp;&nbsp;&nbsp;&nbsp;&nbsp;মনে হয়, মোনালিসা হাসছে <br> <br>&nbsp;&nbsp;&nbsp;&nbsp;&nbsp;It <font color='#ED7745'><i>seems</i></font> that Mona Lisa is smiling.",
                        "utext1": "",
                        "dtext1": "",
                        "text1": "",
                        "description": ""
                      },
                      { 
                        "image1": "",             
                        "name": "Bsv2-Lesson3 (1/10)", 
                        "ltext1": "",
                        "rtext1": "",
                        "utext1": "",
                        "dtext1": "",
                        "text1": "Need - প্রয়োজন বোধ করা (I need a house to live), Want - চাওয়া (I want a palace to live), Wish - ইচ্ছাপ্রকাশ বা (শুভ)কামনা করা (I wish, one day I have a palace to live), Hope - আশা করা (I hope that one day I shall have a house to live), Expect - (কিছু ঘটবার) প্রত্যাশা করা বা মনে করা (I expect that Mr. Sen being rich will give me a house), Seem - মনে হওয়া (It seems that Mr. Sen is becoming so rich that he can give me a house) । Need আর want-এর তফাৎ বোঝাই যায়, wish আর hope কাছাকাছি হলেও ব্যবহার আলাদা । I wished him happy Durgapuja হয়, এখানে I hoped him কখনোই হবে না (শুভকামনা বলে) । এখন এই hope বা wish-এর মধ্যে যতটা আবেগ আছে, ততটা যুক্তির নির্ভরতা নেই (আশা বা ইচ্ছে), যেটা expect-এর মধ্যে আছে (I am expecting a visitor now - খানিকটা ধারণা আছে যে visitor আসবে, তাই expect করছি) । আরো উদাহরণ - I expect the company to pay me good salary (যেন, কাজ ভাল করছি, তাই expect করছি মাইনে ভাল পাব) বা I expect that it will rain today, but I hope that it will not (মনে হয় বনাম আশা করি) । আর expect হল 'মনে করা', ও seem হল 'মনে হওয়া' । উদাহরণ - there seems to be plenty to eat (অনেক খাবার আছে মনে হচ্ছে) । স্বাভাবিকভাবেই 'মনে করা'র মধ্যে 'মনে হওয়া'র চেয়ে যুক্তি বেশি, তাই সেইমত বুঝে বুঝে ব্যবহার করবে ।",
                        "description": ""
                      },
                      { 
                        "image1": "offerflower",             
                        "name": "Bsv2-Lesson3 (2/1)", 
                        "ltext1": "",
                        "rtext1": "<br>&nbsp;&nbsp;&nbsp;&nbsp;&nbsp;<font color='#ED7745'>Offer</font> <br> <br>&nbsp;&nbsp;&nbsp;&nbsp;&nbsp;তোমায় কিছু ফুল দিতে চাই । <br> <br>&nbsp;&nbsp;&nbsp;&nbsp;&nbsp;Let me <font color='#ED7745'><i>offer</i></font> you some flowers.",
                        "utext1": "<font color='#ED7745'>Offer, Suggest, Propose, Advise</font>",
                        "dtext1": "",
                        "text1": "",
                        "description": ""
                      },
                      { 
                        "image1": "offeropinion",             
                        "name": "Bsv2-Lesson3 (2/2)", 
                        "ltext1": "",
                        "rtext1": "&nbsp;&nbsp;&nbsp;&nbsp;&nbsp;<font color='#ED7745'>Offer</font> <br> <br>&nbsp;&nbsp;&nbsp;&nbsp;&nbsp;তুমি কি আমার নাক সম্বন্ধে কোন মতামত দিতে চাও ? <br> <br>&nbsp;&nbsp;&nbsp;&nbsp;&nbsp;Will you please <font color='#ED7745'><i>offer</i></font> an opinion on my nose ?",
                        "utext1": "",
                        "dtext1": "",
                        "text1": "",
                        "description": ""
                      },
                      { 
                        "image1": "suggestoption",             
                        "name": "Bsv2-Lesson3 (2/3)", 
                        "ltext1": "",
                        "rtext1": "&nbsp;&nbsp;&nbsp;&nbsp;&nbsp;<font color='#ED7745'>Suggest</font> <br> <br>&nbsp;&nbsp;&nbsp;&nbsp;&nbsp;তুমি যদি আমাকে শ্রেষ্ঠ অপশনটা বাতলাও, তবে পুরস্কৃত হবে । <br> <br>&nbsp;&nbsp;&nbsp;&nbsp;&nbsp;If you <font color='#ED7745'><i>suggest</i></font> me the best option, you will be rewarded.",
                        "utext1": "",
                        "dtext1": "",
                        "text1": "",
                        "description": ""
                      },
                      { 
                        "image1": "suggestpunishment",             
                        "name": "Bsv2-Lesson3 (2/4)", 
                        "ltext1": "",
                        "rtext1": "&nbsp;&nbsp;&nbsp;&nbsp;&nbsp;<font color='#ED7745'>Suggest</font> <br> <br>&nbsp;&nbsp;&nbsp;&nbsp;&nbsp;এইরকম দুষ্কর্ম তৎক্ষণাৎ শাস্তি দাবী করে <br> <br>&nbsp;&nbsp;&nbsp;&nbsp;&nbsp;Such a crime <font color='#ED7745'><i>suggests</i></font> immediate punishment.",
                        "utext1": "",
                        "dtext1": "",
                        "text1": "",
                        "description": ""
                      },
                      { 
                        "image1": "proposekeka",             
                        "name": "Bsv2-Lesson3 (2/5)", 
                        "ltext1": "",
                        "rtext1": "&nbsp;&nbsp;&nbsp;&nbsp;&nbsp;<font color='#ED7745'>Propose</font> <br> <br>&nbsp;&nbsp;&nbsp;&nbsp;&nbsp;কি করে সুবীর কেকাকে বিয়ে করার প্রস্তাব দিতে পারে ! <br> <br>&nbsp;&nbsp;&nbsp;&nbsp;&nbsp;How can Subir <font color='#ED7745'><i>propose</i></font> to Keka !",
                        "utext1": "",
                        "dtext1": "",
                        "text1": "",
                        "description": ""
                      },
                      { 
                        "image1": "proposetobuy",             
                        "name": "Bsv2-Lesson3 (2/6)", 
                        "ltext1": "",
                        "rtext1": "&nbsp;&nbsp;&nbsp;&nbsp;&nbsp;<font color='#ED7745'>Propose</font> <br> <br>&nbsp;&nbsp;&nbsp;&nbsp;&nbsp;তার ইচ্ছে ছিল একটি খামার কেনা এবং সেটিকে চালানো । <br> <br>&nbsp;&nbsp;&nbsp;&nbsp;&nbsp;He <font color='#ED7745'><i>proposed</i></font> to buy and run a farm.",
                        "utext1": "",
                        "dtext1": "",
                        "text1": "",
                        "description": ""
                      },
                      { 
                        "image1": "advisehim",             
                        "name": "Bsv2-Lesson3 (2/7)", 
                        "ltext1": "",
                        "rtext1": "&nbsp;&nbsp;&nbsp;&nbsp;&nbsp;<font color='#ED7745'>Advise</font> <br> <br>&nbsp;&nbsp;&nbsp;&nbsp;&nbsp;ডাক্তার তাকে পুরোপুরি বিশ্রাম নিতে উপদেশ দিয়েছেন । <br> <br>&nbsp;&nbsp;&nbsp;&nbsp;&nbsp;Doctor has <font color='#ED7745'><i>advised</i></font> him to take complete rest.",
                        "utext1": "",
                        "dtext1": "",
                        "text1": "",
                        "description": ""
                      },
                      { 
                        "image1": "advisetoleave",             
                        "name": "Bsv2-Lesson3 (2/8)", 
                        "ltext1": "",
                        "rtext1": "&nbsp;&nbsp;&nbsp;&nbsp;&nbsp;<font color='#ED7745'>Advise</font> <br> <br>&nbsp;&nbsp;&nbsp;&nbsp;&nbsp;মি. গুঁফো রেগে বললেন, \"আপনাকে ভাল পরামর্শ দেওয়া হচ্ছে, আপনি আমায় ত্যাগ করুন\" । <br> <br>&nbsp;&nbsp;&nbsp;&nbsp;&nbsp;Mr. Gnufo said angrily, \"You are better <font color='#ED7745'><i>advised</i></font> to leave me alone.\"",
                        "utext1": "",
                        "dtext1": "",
                        "text1": "",
                        "description": ""
                      },
                      { 
                        "image1": "",             
                        "name": "Bsv2-Lesson3 (2/9)", 
                        "ltext1": "",
                        "rtext1": "",
                        "utext1": "",
                        "dtext1": "",
                        "text1": "Offer, Suggest, Propose আর Advise এই সব verb-গুলোরই ভাব হল কিছু দেওয়া, তবে কি দেওয়া হচ্ছে তার ওপর verb-গুলোর ব্যবহার নির্ভর করছে ।<br> <br>Offer মানে হল 'দিতে চাওয়া'। Suggest - (উপায়) 'বাতলানো'। Propose হল 'প্রস্তাব দেওয়া'। আর Advise-এর অর্থ, 'উপদেশ অথবা পরামর্শ দেওয়া'।<br> <br>Offer 'কোন জিনিস বা কোন সাহায্য দিতে চাওয়া বা দেওয়া' অর্থে ব্যবহার হয়, সেটা সরাসরি দেওয়া যেমন Ram offers tea to Shyam' (রাম শ্যামকে চা এগিয়ে দিল) । আর Suggest হল কোন কিছু বাতলানো অথবা কোন বিষয়ে মত দেওয়া বা তার ভাবনা প্রদান করা, এখানে কোন জিনিস সরাসরি দেবার নেই  । যেমন Ram suggests to Shyam that they should go for a walk ।  রাম শ্যামকে দুজনে হাঁটতে যাবার কথা বাতলেছিল - অতএব এটা রামের ভাবনা । Offer আর suggest এর এটাই পার্থক্য ।<br> <br>Propose মানে আমরা জানি যে প্রস্তাব দেওয়া বা উত্থাপন করা, যেমন -- I propose that we go at 5.00 p.m. এটা একটা প্রস্তাব । এখানে propose-এর বদলে কখনই advise হবে না, কিন্তু suggest হতে পারে । আর যেহেতু Advise পরামর্শ বা উপদেশ দেওয়া (যেমন Doctor advised him to take rest), তাই advised এর বদলে suggested হতেই পারে । পরামর্শও তো এক ধরণের বাতলানো ।<br> <br>Advice - noun (You should listen to your father's advice) আর  Advise - verb ।",
                        "description": ""
                      },
                      { 
                        "image1": "riseearly",             
                        "name": "Bsv2-Lesson3 (3/1)", 
                        "ltext1": "",
                        "rtext1": "<br>&nbsp;&nbsp;&nbsp;&nbsp;&nbsp;<font color='#ED7745'>Rise</font> <br> <br>&nbsp;&nbsp;&nbsp;&nbsp;&nbsp;সে রোজ তাড়াতাড়ি  ঘুম থেকে ওঠে । <br> <br>&nbsp;&nbsp;&nbsp;&nbsp;&nbsp;He always <font color='#ED7745'><i>rises</i></font> early.",
                        "utext1": "<font color='#ED7745'>Rise, Arise, Raise, Lift</font>",
                        "dtext1": "",
                        "text1": "",
                        "description": ""
                      },
                      { 
                        "image1": "risewind",             
                        "name": "Bsv2-Lesson3 (3/2)", 
                        "ltext1": "",
                        "rtext1": "&nbsp;&nbsp;&nbsp;&nbsp;&nbsp;<font color='#ED7745'>Rise</font> <br> <br>&nbsp;&nbsp;&nbsp;&nbsp;&nbsp;হাওয়ার তেজ বাড়ছে । <br> <br>&nbsp;&nbsp;&nbsp;&nbsp;&nbsp;The wind is <font color='#ED7745'><i>rising</i></font>.",
                        "utext1": "",
                        "dtext1": "",
                        "text1": "",
                        "description": ""
                      },
                      { 
                        "image1": "arisechair",             
                        "name": "Bsv2-Lesson3 (3/3)", 
                        "ltext1": "",
                        "rtext1": "&nbsp;&nbsp;&nbsp;&nbsp;&nbsp;<font color='#ED7745'>Arise</font> <br> <br>&nbsp;&nbsp;&nbsp;&nbsp;&nbsp;সে তার চেয়ার থেকে উঠল । <br> <br>&nbsp;&nbsp;&nbsp;&nbsp;&nbsp;He had <font color='#ED7745'><i>arisen</i></font> from his chair.",
                        "utext1": "",
                        "dtext1": "",
                        "text1": "",
                        "description": ""
                      },
                      { 
                        "image1": "ariseproblem",             
                        "name": "Bsv2-Lesson3 (3/4)", 
                        "ltext1": "",
                        "rtext1": "&nbsp;&nbsp;&nbsp;&nbsp;&nbsp;<font color='#ED7745'>Arise</font> <br> <br>&nbsp;&nbsp;&nbsp;&nbsp;&nbsp;সমস্যা ঘটাতে তাকে অসহায় দেখাচ্ছে । <br> <br>&nbsp;&nbsp;&nbsp;&nbsp;&nbsp;He is looking helpless as problem <font color='#ED7745'><i>arises</i></font>.",
                        "utext1": "",
                        "dtext1": "",
                        "text1": "",
                        "description": ""
                      },
                      { 
                        "image1": "raisevoice",             
                        "name": "Bsv2-Lesson3 (3/5)", 
                        "ltext1": "",
                        "rtext1": "&nbsp;&nbsp;&nbsp;&nbsp;&nbsp;<font color='#ED7745'>Raise</font> <br> <br>&nbsp;&nbsp;&nbsp;&nbsp;&nbsp;সে তার গলার স্বর বাড়িয়েছিল । <br> <br>&nbsp;&nbsp;&nbsp;&nbsp;&nbsp;He <font color='#ED7745'><i>raised</i></font> his voice.",
                        "utext1": "",
                        "dtext1": "",
                        "text1": "",
                        "description": ""
                      },
                      { 
                        "image1": "raiseload",             
                        "name": "Bsv2-Lesson3 (3/6)", 
                        "ltext1": "",
                        "rtext1": "&nbsp;&nbsp;&nbsp;&nbsp;&nbsp;<font color='#ED7745'>Raise</font> <br> <br>&nbsp;&nbsp;&nbsp;&nbsp;&nbsp;ক্রেনের সাহায্যে ভার উপরে তোলা হয়েছিলো । <br> <br>&nbsp;&nbsp;&nbsp;&nbsp;&nbsp;The loads were <font color='#ED7745'><i>raised</i></font> with a crane.",
                        "utext1": "",
                        "dtext1": "",
                        "text1": "",
                        "description": ""
                      },
                      { 
                        "image1": "liftsuitcase",             
                        "name": "Bsv2-Lesson3 (3/7)", 
                        "ltext1": "",
                        "rtext1": "&nbsp;&nbsp;&nbsp;&nbsp;&nbsp;<font color='#ED7745'>Lift</font> <br> <br>&nbsp;&nbsp;&nbsp;&nbsp;&nbsp;সুটকেসটি তোলা হয়েছিলো । <br> <br>&nbsp;&nbsp;&nbsp;&nbsp;&nbsp;The suitcase was <font color='#ED7745'><i>lifted</i></font>.",
                        "utext1": "",
                        "dtext1": "",
                        "text1": "",
                        "description": ""
                      },
                      { 
                        "image1": "liftintheeye",             
                        "name": "Bsv2-Lesson3 (3/8)", 
                        "ltext1": "",
                        "rtext1": "&nbsp;&nbsp;&nbsp;&nbsp;&nbsp;<font color='#ED7745'>Lift</font> <br> <br>&nbsp;&nbsp;&nbsp;&nbsp;&nbsp;ওর কাজ ওকে ওর সহকর্মীদের চোখে অনেক উঁচুতে তুলে দিয়েছে । <br> <br>&nbsp;&nbsp;&nbsp;&nbsp;&nbsp;It is his work that has <font color='#ED7745'><i>lifted</i></font> him in the eyes of his colleagues.",
                        "utext1": "",
                        "dtext1": "",
                        "text1": "",
                        "description": ""
                      },
                      { 
                        "image1": "",             
                        "name": "Bsv2-Lesson3 (3/9)", 
                        "ltext1": "",
                        "rtext1": "",
                        "utext1": "",
                        "dtext1": "",
                        "text1": "Rise, Arise, Raise, Lift - এই সবকটি শব্দই কোন না কোন ভাবে ওপরে ওঠা বোঝায় । Rise শব্দটি আমরা সাধারণত ব্যবহার করি যখন কোন বস্তু বা লোক নীচু থেকে ওপরে (নিজে থেকে) যায় । যেমন The plane rose to 2000 meters । Arise শব্দটি আমরা সাধারণত ব্যবহার করি যখন কোন অবস্থা নিজে থেকে আমাদের সামনে আসে (আমরা সেই অবস্থা তৈরী করি না) । এরকম অবস্থা বলতে বোঝানো হচ্ছে কোন সমস্যা, কোন সুযোগ, কোন প্রয়োজন ইত্যদি । যেমন A problem has arisen with the TV that I bought last week । আবার অনেক সময় ওঠা বা দাঁড়ানো বোঝাতেও Arise শব্দটি ব্যবহার করি (যেমন, স্বামীজির সেই উক্তি - Arise, awake, and stop not till the goal is reached) । এবার Raise মানে হল কোন কিছুকে উঁচু অবস্থায় নিয়ে যাওয়া । যেমন  Raise your voice, raise your hands ইত্যাদি । তাই Rise আর Raise এর পার্থক্য হল -  Rise এর ক্ষেত্রে নিজে থেকে ওঠা,  যেমন Hot air rises আর Raise এর ক্ষেত্রে ওঠানো, যেমন She raises her hand অথবা she raises her voice । এবার Lift আর Raise এই দুটোর মানেই উপরে তোলা । প্রায় সমার্থক দুটো শব্দ, একইরকম ভাবে ব্যবহার হয়, কিন্তু কিছু ক্ষেত্রে ব্যবহারের তফাৎ আছে । যেমন, He raised money for the charity program (সে সেবামূলক প্রোগ্রামের জন্য টাকা তুলেছিল) - এখানে lift হবে না । আবার The batsman lifted the ball over fielders (ব্যাটসম্যান ফিল্ডারদের ওপর দিয়ে বলটাকে  তুলে দিয়েছিল) - এখানে raise হবে না । rise - rose - risen, arise - arose - arisen ।",
                        "description": ""
                      }
]
