[
                      { 
                        "image1": "askhelp",             
                        "name": "Bsv2-Lesson1 (1/1)", 
                        "ltext1": "",
                        "rtext1": "<br>&nbsp;&nbsp;&nbsp;&nbsp;&nbsp;<font color='#ED7745'>Ask</font> <br> <br>&nbsp;&nbsp;&nbsp;&nbsp;&nbsp;যখন কেউ সাহায্য চাইবে, সাহায্য করতেই হবে <br> <br>&nbsp;&nbsp;&nbsp;&nbsp;&nbsp;You must help when someone <font color='#ED7745'><i>asks</i></font> for help.",
                        "utext1": "<font color='#ED7745'>Ask, Call, tell, Demand</font>",
                        "dtext1": "",
                        "text1": "",
                        "description": ""
                      },
                      { 
                        "image1": "callloud",             
                        "name": "Bsv2-Lesson1 (1/2)", 
                        "ltext1": "",
                        "rtext1": "&nbsp;&nbsp;&nbsp;&nbsp;&nbsp;<font color='#ED7745'>Call</font> <br> <br>&nbsp;&nbsp;&nbsp;&nbsp;&nbsp;এই লোকটা এত চেঁচিয়ে কাকে ডাকছে ? <br> <br>&nbsp;&nbsp;&nbsp;&nbsp;&nbsp;Whom is this man <font color='#ED7745'><i>calling</i></font> so loudly ?",
                        "utext1": "",
                        "dtext1": "",
                        "text1": "",
                        "description": ""
                      },
                      { 
                        "image1": "callask",             
                        "name": "Bsv2-Lesson1 (1/3)", 
                        "ltext1": "",
                        "rtext1": "&nbsp;&nbsp;&nbsp;&nbsp;&nbsp;<font color='#ED7745'>Call, Ask</font> <br> <br>&nbsp;&nbsp;&nbsp;&nbsp;&nbsp;আমি একটি নার্সকে ডেকে একটা বই পড়ে শোনাতে বললাম <br> <br>&nbsp;&nbsp;&nbsp;&nbsp;&nbsp;I <font color='#ED7745'><i>called</i></font> a nurse and <font color='#ED7745'><i>asked</i></font> her to read a book for me.",
                        "utext1": "",
                        "dtext1": "",
                        "text1": "",
                        "description": ""
                      },
                      { 
                        "image1": "calltell",             
                        "name": "Bsv2-Lesson1 (1/4)", 
                        "ltext1": "",
                        "rtext1": "&nbsp;&nbsp;&nbsp;&nbsp;&nbsp;<font color='#ED7745'>Call, Tell</font> <br> <br>&nbsp;&nbsp;&nbsp;&nbsp;&nbsp;শিক্ষিকা আমার নাম ধরে ডাকলেন ও আমায় অঙ্কটা করতে বললেন <br> <br>&nbsp;&nbsp;&nbsp;&nbsp;&nbsp;The teacher <font color='#ED7745'><i>called</i></font> my name, and </font><font color='#ED7745'><i></i>told</font> me to do the sum.",
                        "utext1": "",
                        "dtext1": "",
                        "text1": "",
                        "description": ""
                      },
                      { 
                        "image1": "calling",             
                        "name": "Bsv2-Lesson1 (1/5)", 
                        "ltext1": "",
                        "rtext1": "&nbsp;&nbsp;&nbsp;&nbsp;&nbsp;<font color='#ED7745'>Call</font> <br> <br>&nbsp;&nbsp;&nbsp;&nbsp;&nbsp;আমি কি জানতে পারি, কে ফোন করছেন ? <br> <br>&nbsp;&nbsp;&nbsp;&nbsp;&nbsp;May I know who is <font color='#ED7745'><i>calling</i></font> ?",
                        "utext1": "",
                        "dtext1": "",
                        "text1": "",
                        "description": ""
                      },
                      { 
                        "image1": "callgopu",             
                        "name": "Bsv2-Lesson1 (1/6)", 
                        "ltext1": "",
                        "rtext1": "&nbsp;&nbsp;&nbsp;&nbsp;&nbsp;<font color='#ED7745'>Call</font> <br> <br>&nbsp;&nbsp;&nbsp;&nbsp;&nbsp;তার নাম গোপা, কিন্তু আমরা তাকে আদর করে 'গোপু' বলে ডাকি <br> <br>&nbsp;&nbsp;&nbsp;&nbsp;&nbsp;Her name is Gopa, but we <font color='#ED7745'><i>call</i></font> her 'Gopu' fondly.",
                        "utext1": "",
                        "dtext1": "",
                        "text1": "",
                        "description": ""
                      },
                      { 
                        "image1": "calldemand",             
                        "name": "Bsv2-Lesson1 (1/7)", 
                        "ltext1": "",
                        "rtext1": "&nbsp;&nbsp;&nbsp;&nbsp;&nbsp;<font color='#ED7745'>Call, Demand</font> <br> <br>&nbsp;&nbsp;&nbsp;&nbsp;&nbsp;তুমি সভাটা ডেকেছিলে, কিন্তু এবার তোমার মাথাটাই দাবী করছি <br> <br>&nbsp;&nbsp;&nbsp;&nbsp;&nbsp;You <font color='#ED7745'><i>called</i></font> the meeting, but now I <font color='#ED7745'><i>demand</i></font> your head only !",
                        "utext1": "",
                        "dtext1": "",
                        "text1": "",
                        "description": ""
                      },
                      { 
                        "image1": "",             
                        "name": "Bsv2-Lesson1 (1/8)", 
                        "ltext1": "",
                        "rtext1": "",
                        "utext1": "",
                        "dtext1": "",
                        "text1": "Ask মানে 'চাওয়া', এটা আগেও পেয়েছ । আর call হল 'ডাকা' । ডাকলেই চাইতে হবে, তার কোন মানে নেই । এই call অনেকভাবে ব্যবহার হয় । যেমন, চেঁচিয়ে ডাকা (call loudly), নাম ধরে ডাকা (call her 'Gopu'), ফোন করা (who is calling) বা সভা ডাকা (call a meeting) ইত্যাদি । লক্ষ্য কর, নার্সকে বই পড়ে শোনাতে বললে ask ব্যবহার হল (কারণ ask অনুরোধের মত করে চাওয়া), আর শিক্ষিকা যখন অঙ্ক করতে বললেন তখন tell বসল (কারণ tell-এর মধ্যে আদেশ বা নির্দেশের সুর অল্প হলেও আছে) । আর demand হল 'দাবী করা' ।",
                        "description": ""
                      },
                      { 
                        "image1": "comehouse",             
                        "name": "Bsv2-Lesson1 (2/1)", 
                        "ltext1": "",
                        "rtext1": "<br>&nbsp;&nbsp;&nbsp;&nbsp;&nbsp;<font color='#ED7745'>Come</font> <br> <br>&nbsp;&nbsp;&nbsp;&nbsp;&nbsp;সে আমার বাড়ি ঘনঘন আসে <br> <br>&nbsp;&nbsp;&nbsp;&nbsp;&nbsp;He <font color='#ED7745'><i>comes</i></font> to my house often.",
                        "utext1": "<font color='#ED7745'>Come, Reach, Arrive</font>",
                        "dtext1": "",
                        "text1": "",
                        "description": ""
                      },
                      { 
                        "image1": "reachhome",             
                        "name": "Bsv2-Lesson1 (2/2)", 
                        "ltext1": "",
                        "rtext1": "&nbsp;&nbsp;&nbsp;&nbsp;&nbsp;<font color='#ED7745'>Reach</font> <br> <br>&nbsp;&nbsp;&nbsp;&nbsp;&nbsp;আমরা নিরাপদে বাড়ি পৌঁচেছি <br> <br>&nbsp;&nbsp;&nbsp;&nbsp;&nbsp;We have <font color='#ED7745'><i>reached</i></font> home safely.",
                        "utext1": "",
                        "dtext1": "",
                        "text1": "",
                        "description": ""
                      },
                      { 
                        "image1": "reachtop",             
                        "name": "Bsv2-Lesson1 (2/3)", 
                        "ltext1": "",
                        "rtext1": "&nbsp;&nbsp;&nbsp;&nbsp;&nbsp;<font color='#ED7745'>Reach</font> <br> <br>&nbsp;&nbsp;&nbsp;&nbsp;&nbsp;মেয়েটি শেষ পর্যন্ত পাহাড়ের চূড়ায় পৌঁছতে পারল <br> <br>&nbsp;&nbsp;&nbsp;&nbsp;&nbsp;The girl could <font color='#ED7745'><i>reach</i></font> the mountain top finally.",
                        "utext1": "",
                        "dtext1": "",
                        "text1": "",
                        "description": ""
                      },
                      { 
                        "image1": "reachgoal",             
                        "name": "Bsv2-Lesson1 (2/4)", 
                        "ltext1": "",
                        "rtext1": "&nbsp;&nbsp;&nbsp;&nbsp;&nbsp;<font color='#ED7745'>Reach</font> <br> <br>&nbsp;&nbsp;&nbsp;&nbsp;&nbsp;স্বামীজি আমাদের লক্ষ্যে পৌঁছনো পর্যন্ত না থামবার কথা বলেন <br> <br>&nbsp;&nbsp;&nbsp;&nbsp;&nbsp;Swamiji asks us not to stop till our goal is <font color='#ED7745'><i>reached</i></font>.",
                        "utext1": "",
                        "dtext1": "",
                        "text1": "",
                        "description": ""
                      },
                      { 
                        "image1": "reachshelf",             
                        "name": "Bsv2-Lesson1 (2/5)", 
                        "ltext1": "",
                        "rtext1": "&nbsp;&nbsp;&nbsp;&nbsp;&nbsp;<font color='#ED7745'>Reach</font> <br> <br>&nbsp;&nbsp;&nbsp;&nbsp;&nbsp;সে বই রাখার জন্য সবচেয়ে উঁচু তাকের দিকে হাত বাড়াল <br> <br>&nbsp;&nbsp;&nbsp;&nbsp;&nbsp;She had <font color='#ED7745'><i>reached</i></font> for the top shelf to keep books.",
                        "utext1": "",
                        "dtext1": "",
                        "text1": "",
                        "description": ""
                      },
                      { 
                        "image1": "arrivestation",             
                        "name": "Bsv2-Lesson1 (2/6)", 
                        "ltext1": "",
                        "rtext1": "&nbsp;&nbsp;&nbsp;&nbsp;&nbsp;<font color='#ED7745'>Arrive</font> <br> <br>&nbsp;&nbsp;&nbsp;&nbsp;&nbsp;এই ট্রেনটা ৬-৫০এ স্টেশনে আসে (আগমন হয়) <br> <br>&nbsp;&nbsp;&nbsp;&nbsp;&nbsp;This train <font color='#ED7745'><i>arrives</i></font> at the station at 6-50.",
                        "utext1": "",
                        "dtext1": "",
                        "text1": "",
                        "description": ""
                       },
                       { 
                        "image1": "arriveagreement",             
                        "name": "Bsv2-Lesson1 (2/7)", 
                        "ltext1": "",
                        "rtext1": "&nbsp;&nbsp;&nbsp;&nbsp;&nbsp;<font color='#ED7745'>Arrive</font> <br> <br>&nbsp;&nbsp;&nbsp;&nbsp;&nbsp;অনেক কথাবার্তার পর আমরা একমত হলাম <br> <br>&nbsp;&nbsp;&nbsp;&nbsp;&nbsp;After lot of talks we had <font color='#ED7745'><i>arrived</i></font> at an agreement.",
                        "utext1": "",
                        "dtext1": "",
                        "text1": "",
                        "description": ""
                      },
                      { 
                        "image1": "",             
                        "name": "Bsv2-Lesson1 (2/8)", 
                        "ltext1": "",
                        "rtext1": "",
                        "utext1": "",
                        "dtext1": "",
                        "text1": "Come শুধু 'আসা' অর্থেই ব্যবহার হয় (I have come to you, Nabin came home ইত্যাদি) আর reach বা arrive 'পৌঁছনো' অর্থে ব্যবহার হয় । Reach আর arrive প্রায়ই বদলাবদলি করে ব্যবহার করা যায় (we have reached/arrived home, they reached/arrived at the library), কিন্তু কিছু জায়গায় সামান্য হলেও দুটোর ব্যবহারের তফাৎ আছে । arrive একটু আনুষ্ঠানিক অর্থে বেশি প্রয়োগ হয়, অর্থ যেখানে 'আগমন' (train arrives at the station at 6-50, we can arrive at a decision/agreement) । লিখো না - the train reaches the station at 6-50 বা she arrived at the top shelf to keep books বা goal is arrived । আবার we have reached an agreement এরকমও লেখা হয় । আরো উদাহরণ - the baby arrives (বাচ্চা জন্মগ্রহণ করল), reach out the poor and give them education (গরীবের কাছে পৌঁছও ও তাকে বিদ্যা দাও) ।",
                        "description": ""
                      },
                      { 
                        "image1": "considertrain",             
                        "name": "Bsv2-Lesson1 (3/1)", 
                        "ltext1": "",
                        "rtext1": "<br>&nbsp;&nbsp;&nbsp;&nbsp;&nbsp;<font color='#ED7745'>Consider</font> <br> <br>&nbsp;&nbsp;&nbsp;&nbsp;&nbsp;আমি বাসের পরিবর্তে ট্রেন ধরব বলে ভাবছি । <br> <br>&nbsp;&nbsp;&nbsp;&nbsp;&nbsp;I am <font color='#ED7745'><i>considering</i></font> taking train instead of bus.",
                        "utext1": "<font color='#ED7745'>Consider, Decide, Judge</font>",
                        "dtext1": "",
                        "text1": "",
                        "description": ""
                      },
                      { 
                        "image1": "considerleisure",             
                        "name": "Bsv2-Lesson1 (3/2)", 
                        "ltext1": "",
                        "rtext1": "&nbsp;&nbsp;&nbsp;&nbsp;&nbsp;<font color='#ED7745'>Consider</font> <br> <br>&nbsp;&nbsp;&nbsp;&nbsp;&nbsp;একেই আমি অবসর বলে বিবেচনা করি । <br> <br>&nbsp;&nbsp;&nbsp;&nbsp;&nbsp;This is what I <font color='#ED7745'><i>consider</i></font> as leisure.",
                        "utext1": "",
                        "dtext1": "",
                        "text1": "",
                        "description": ""
                      },
                      { 
                        "image1": "considerdecide",                          
                        "name": "Bsv2-Lesson1 (3/3)", 
                        "ltext1": "",
                        "rtext1": "&nbsp;&nbsp;&nbsp;&nbsp;&nbsp;<font color='#ED7745'>Consider, Decide</font> <br> <br>&nbsp;&nbsp;&nbsp;&nbsp;&nbsp;আম্পায়ার অনেক বিবেচনা করে আউটের সিদ্ধান্ত দিলেন । <br> <br>&nbsp;&nbsp;&nbsp;&nbsp;&nbsp;After <font color='#ED7745'><i>considering</i></font> a lot the umpire <font color='#ED7745'><i>decided</i></font> that the batsman was out.",
                        "utext1": "",
                        "dtext1": "",
                        "text1": "",
                        "description": ""
                      },
                      { 
                        "image1": "decidetodo",             
                        "name": "Bsv2-Lesson1 (3/4)", 
                        "ltext1": "",
                        "rtext1": "&nbsp;&nbsp;&nbsp;&nbsp;&nbsp;<font color='#ED7745'>Decide</font> <br> <br>&nbsp;&nbsp;&nbsp;&nbsp;&nbsp;আমি সিদ্ধান্তে আসতে পারছিলাম না যে কি করব । <br> <br>&nbsp;&nbsp;&nbsp;&nbsp;&nbsp;I could not <font color='#ED7745'><i>decide</i></font> what to do.",
                        "utext1": "",
                        "dtext1": "",
                        "text1": "",
                        "description": ""
                      },
                      { 
                        "image1": "decidebygoal",             
                        "name": "Bsv2-Lesson1 (3/5)", 
                        "ltext1": "",
                        "rtext1": "&nbsp;&nbsp;&nbsp;&nbsp;&nbsp;<font color='#ED7745'>Decide</font> <br> <br>&nbsp;&nbsp;&nbsp;&nbsp;&nbsp;খেলাটিতে শেষ মুহূর্তের গোলে মীমাংসা হয়েছিল । <br> <br>&nbsp;&nbsp;&nbsp;&nbsp;&nbsp;The match was finally <font color='#ED7745'><i>decided</i></font> by a goal in the last minute of play.",
                        "utext1": "",
                        "dtext1": "",
                        "text1": "",
                        "description": ""
                      },
                      { 
                        "image1": "judgeguilty",             
                        "name": "Bsv2-Lesson1 (3/6)", 
                        "ltext1": "",
                        "rtext1": "&nbsp;&nbsp;&nbsp;&nbsp;&nbsp;<font color='#ED7745'>Judge</font> <br> <br>&nbsp;&nbsp;&nbsp;&nbsp;&nbsp;আদালত রায় দিয়েছিল, সে দোষী ।  <br> <br>&nbsp;&nbsp;&nbsp;&nbsp;&nbsp;The court <font color='#ED7745'><i>judged</i></font> him guilty.",
                        "utext1": "",
                        "dtext1": "",
                        "text1": "",
                        "description": ""
                      },
                      { 
                        "image1": "judgedistance",             
                        "name": "Bsv2-Lesson1 (3/7)", 
                        "ltext1": "",
                        "rtext1": "&nbsp;&nbsp;&nbsp;&nbsp;&nbsp;<font color='#ED7745'>Judge</font> <br> <br>&nbsp;&nbsp;&nbsp;&nbsp;&nbsp;একজন সৈনিকের তার সামনের সৈনিকের থেকে দূরত্ব নির্ধারণ করার প্রয়োজন আছে । <br> <br>&nbsp;&nbsp;&nbsp;&nbsp;&nbsp;A soldier needs to <font color='#ED7745'><i>judge</i></font> distance from the soldier in front.",
                        "utext1": "",
                        "dtext1": "",
                        "text1": "",
                        "description": ""
                      },
                      { 
                        "image1": "",             
                        "name": "Bsv2-Lesson1 (3/8)", 
                        "ltext1": "",
                        "rtext1": "",
                        "utext1": "",
                        "dtext1": "",
                        "text1": "Consider - বিবেচনা করা, decide - স্থির/সিদ্ধান্ত করা, মীমাংসা হওয়া, judge - নির্ধারণ করা, রায় দেওয়া । ট্রেন না বাস - কোন বাছাইটা নেওয়া উচিত, সেটা লোকে consider করে । তারপর যদি ট্রেনে যাওয়ার সিদ্ধান্ত হয়, তখন সেটা decide করা হল । এবার judge - নির্ধারণ করা  বা গণ্য করা বা ধারণা করা । judge-এ একইসঙ্গে বিবেচনা করা আছে, আবার সিদ্ধান্ত নেওয়াও আছে । তাকে বলে নির্ধারণ । যখন বিবেচনা করে সিদ্ধান্ত নিয়ে নির্ধারণ বা ধারণা করা হয়েছে দূরত্ব কতটা, তখন judge । শুধু সিদ্ধান্ত নিলে decide হয় । একমাত্র বিচারব্যবস্থা বা বিচারকের বিচারের ক্ষেত্রে সিদ্ধান্ত নেওয়াতে judge ব্যবহার হয়, decide নয় ।",
                        "description": ""
                      }
]