[
                      { 
                        "image1": "do",             
                        "name": "Bvb1-Lesson1 (1)", 
                        "ltext1": "",
                        "rtext1": "<br> <br>&nbsp;&nbsp;&nbsp;&nbsp;&nbsp;<font color='#ED7745'>Do</font> <br> <br> <br>&nbsp;&nbsp;&nbsp;&nbsp;&nbsp;করা",
                        "utext1": "",
                        "dtext1": "",
                        "text1": "I <font color='#ED7745'>do</font> it. <br>আমি এটা করি । <br> <br>He <font color='#ED7745'>does</font>  his lessons. <br>সে তার পড়া করে । <br> <br>Golapi will <font color='#ED7745'>do</font> her work carefully. <br>গোলাপী তার কাজটা যত্ন করে করবে । <br> <br>Do&nbsp;&nbsp;&nbsp;&nbsp;&nbsp;Did&nbsp;&nbsp;&nbsp;&nbsp;&nbsp;Done <br> <br>Translate: সে এটা করেছে",
                        "description": ""
                      },
                      {
                        "image1": "go",
                        "name": "Bvb1-Lesson1 (2)",
                        "ltext1": "",
                        "rtext1": "<br> <br>&nbsp;&nbsp;&nbsp;&nbsp;&nbsp;<font color='#ED7745'>Go</font> <br> <br> <br>&nbsp;&nbsp;&nbsp;&nbsp;&nbsp;যাওয়া",
                        "utext1": "",
                        "dtext1": "",
                        "text1": "You <font color='#ED7745'>go</font> there. <br>তুমি সেখানে যাও । <br> <br>Malati <font color='#ED7745'>went</font> to the market. <br>মালতী বাজারে গিয়েছিল । <br> <br>Swapan is <font color='#ED7745'>going</font> through bad time. <br>স্বপন বাজে সময়ের মধ্যে দিয়ে যাচ্ছে । <br> <br>Go&nbsp;&nbsp;&nbsp;&nbsp;&nbsp;Went&nbsp;&nbsp;&nbsp;&nbsp;&nbsp;Gone <br> <br>Translate:  তুমি কি সেখানে যাবে ?",
                        "description": ""
                      },
                      {
                        "image1": "come",
                        "name": "Bvb1-Lesson1 (3)",
                        "ltext1": "",
                        "rtext1": "<br> <br>&nbsp;&nbsp;&nbsp;&nbsp;&nbsp;<font color='#ED7745'>Come</font> <br> <br> <br>&nbsp;&nbsp;&nbsp;&nbsp;&nbsp;আসা",
                        "utext1": "",
                        "dtext1": "",
                        "text1": "Shefali <font color='#ED7745'>came</font> here to meet her mother. <br>শেফালি এখানে তার মায়ের সঙ্গে দেখা করতে এসেছিল । <br> <br>Gouri will <font color='#ED7745'>come</font> from Kolkata. <br>গৌরী কলকাতা থেকে আসবে । <br> <br><font color='#ED7745'>Come</font> on, you can do it. <br>এগিয়ে এসো, তুমি এটা পারবে । <br> <br>Come&nbsp;&nbsp;&nbsp;&nbsp;&nbsp;Came&nbsp;&nbsp;&nbsp;&nbsp;&nbsp;Come <br> <br>Translate: তুমি কি আজ আসবে ?",
                        "description": ""
                      },
                      {
                        "image1": "get",
                        "name": "Bvb1-Lesson1 (4)",
                        "ltext1": "",
                        "rtext1": "<br> <br>&nbsp;&nbsp;&nbsp;&nbsp;&nbsp;<font color='#ED7745'>Get</font> <br> <br> <br>&nbsp;&nbsp;&nbsp;&nbsp;&nbsp;আনা, পাওয়া",
                        "utext1": "",
                        "dtext1": "",
                        "text1": "Shall I <font color='#ED7745'>get</font> a book for you ? <br>আমি কি তোমার জন্য একটা বই আনবো ? <br> <br>Munai had <font color='#ED7745'>got</font> a new pen. <br>মুনাই একটা নতুন পেন পেল । <br> <br><font color='#ED7745'>Get</font> ready for your class. <br>তোমার ক্লাসের জন্য তৈরী হও । <br> <br>Get&nbsp;&nbsp;&nbsp;&nbsp;&nbsp;Got&nbsp;&nbsp;&nbsp;&nbsp;&nbsp;Got <br> <br>Translate:  তুমি কি বইটা পেয়েছো ?",
                        "description": ""
                      },
                      {
                        "image1": "put",
                        "name": "Bvb1-Lesson1 (5)",
                        "ltext1": "",
                        "rtext1": "<br> <br>&nbsp;&nbsp;&nbsp;&nbsp;&nbsp;<font color='#ED7745'>Put</font> <br> <br> <br> <br>&nbsp;&nbsp;&nbsp;&nbsp;&nbsp;রাখা, স্থাপন করা",
                        "utext1": "",
                        "dtext1": "",
                        "text1": "<font color='#ED7745'>Put</font> the book on the table. <br>বইটা টেবিলে রাখো । <br> <br>She <font color='#ED7745'>put</font> it with care. <br>সে যত্ন করে এটি রাখলো । <br> <br>Has he <font color='#ED7745'>put</font> off the lamp ? <br>সে কি আলো নিভিয়েছে ? <br> <br>Put&nbsp;&nbsp;&nbsp;&nbsp;&nbsp;Put&nbsp;&nbsp;&nbsp;&nbsp;&nbsp;Put <br> <br>Translate: এটা ওখানে রাখো",
                        "description": ""
                      },
                      {
                        "image1": "keep",
                        "name": "Bvb1-Lesson1 (6)",
                        "ltext1": "",
                        "rtext1": "<br> <br>&nbsp;&nbsp;&nbsp;&nbsp;&nbsp;<font color='#ED7745'>Keep</font> <br> <br> <br>&nbsp;&nbsp;&nbsp;&nbsp;&nbsp;রাখা",
                        "utext1": "",
                        "dtext1": "",
                        "text1": "You may <font color='#ED7745'>keep</font> the chalk near blackboard. <br>তুমি ব্ল্যাকবোর্ডের কাছে চকটি রাখতে পারো । <br> <br><font color='#ED7745'>Keep</font> your word. <br>তোমার কথা রেখো । <br> <br><font color='#ED7745'>Keep</font> on doing the good things. <br>ভালো কাজ করাটা চালিয়ে যাও । <br> <br>Keep&nbsp;&nbsp;&nbsp;&nbsp;&nbsp;Kept&nbsp;&nbsp;&nbsp;&nbsp;&nbsp;Kept <br> <br>Translate: এটা ওখানে রেখেছো ?",
                        "description": ""
                      },
                      {
                        "image1": "give",
                        "name": "Bvb1-Lesson1 (7)",
                        "ltext1": "",
                        "rtext1": "<br> <br>&nbsp;&nbsp;&nbsp;&nbsp;&nbsp;<font color='#ED7745'>Give</font> <br> <br> <br>&nbsp;&nbsp;&nbsp;&nbsp;&nbsp;দেওয়া",
                        "utext1": "",
                        "dtext1": "",
                        "text1": "<font color='#ED7745'>Give</font> me a pen. <br>আমাকে একটা পেন দাও । <br> <br>Sumit <font color='#ED7745'>gave</font> it a try. <br>সুমিত চেষ্টা করে দেখেছিল । <br> <br>Do not <font color='#ED7745'>give</font> up. <br>হাল ছেড়ো না । <br> <br>Give&nbsp;&nbsp;&nbsp;&nbsp;&nbsp;Gave&nbsp;&nbsp;&nbsp;&nbsp;&nbsp;Given <br> <br>Translate: আমাকে বইটা দাও",
                        "description": ""
                      },
                      {
                        "image1": "take",
                        "name": "Bvb1-Lesson1 (8)",
                        "ltext1": "",
                        "rtext1": "<br> <br>&nbsp;&nbsp;&nbsp;&nbsp;&nbsp;<font color='#ED7745'>Take</font> <br> <br> <br>&nbsp;&nbsp;&nbsp;&nbsp;&nbsp;নেওয়া",
                        "utext1": "",
                        "dtext1": "",
                        "text1": "<font color='#ED7745'>Take</font> a pencil with you. <br>তোমার সঙ্গে একটি পেন্সিল নাও । <br> <br>The doctor <font color='#ED7745'>took</font> care of the patient. <br>ডাক্তার রোগীটির যত্ন নিয়েছিলেন । <br> <br>Students have <font color='#ED7745'>taken</font> part in the function. <br>ছাত্রছাত্রীরা অনুষ্ঠানে অংশ নিয়েছে । <br> <br>Take&nbsp;&nbsp;&nbsp;&nbsp;&nbsp;Took&nbsp;&nbsp;&nbsp;&nbsp;&nbsp;Taken <br> <br>Translate: তুমি কি কলমটা নিয়েছো ?",
                        "description": ""
                      },
                      {
                        "image1": "want",
                        "name": "Bvb1-Lesson1 (9)",
                        "ltext1": "",
                        "rtext1": "<br> <br>&nbsp;&nbsp;&nbsp;&nbsp;&nbsp;<font color='#ED7745'>Want</font> <br> <br> <br>&nbsp;&nbsp;&nbsp;&nbsp;&nbsp;চাওয়া",
                        "utext1": "",
                        "dtext1": "",
                        "text1": "I <font color='#ED7745'>want</font> your help. <br>আমি তোমার সাহায্য চাই । <br> <br>Do you <font color='#ED7745'>want</font> a room ? <br>তোমার কি ঘর চাই ? <br> <br>Beggars <font color='#ED7745'>wanted</font> food, but did not get.<br>ভিখারীরা খাবার চেয়েছিল, কিন্তু পায়নি । <br> <br>Want&nbsp;&nbsp;&nbsp;&nbsp;&nbsp;Wanted&nbsp;&nbsp;&nbsp;&nbsp;&nbsp;Wanted <br> <br>Translate: তুমি কী চাও ?",
                        "description": ""
                      },
                      {
                        "image1": "make",
                        "name": "Bvb1-Lesson1 (10)",
                        "ltext1": "",
                        "rtext1": "<br> <br>&nbsp;&nbsp;&nbsp;&nbsp;&nbsp;<font color='#ED7745'>Make</font> <br> <br> <br>&nbsp;&nbsp;&nbsp;&nbsp;&nbsp;তৈরী করা",
                        "utext1": "",
                        "dtext1": "",
                        "text1": "She <font color='#ED7745'>makes</font> dolls. <br>সে পুতুল তৈরী করে । <br> <br>The car is <font color='#ED7745'>made</font> in India. <br>গাড়িটি ভারতে তৈরী । <br> <br>He has <font color='#ED7745'>made</font> up his mind to do it. <br>সে এটা করবেই ঠিক করে ফেলেছে । <br> <br>Make&nbsp;&nbsp;&nbsp;&nbsp;&nbsp;Made&nbsp;&nbsp;&nbsp;&nbsp;&nbsp;Made <br> <br>Translate: সে বাড়িটা তৈরী করছে",
                        "description": ""
                      }
                      
]