[
                      {
                        "image1": "call",
                        "name": "Bvb1-Lesson3 (1)",
                        "ltext1": "",
                        "rtext1": "<br> <br>&nbsp;&nbsp;&nbsp;&nbsp;&nbsp;<font color='#ED7745'>Call</font> <br> <br> <br>&nbsp;&nbsp;&nbsp;&nbsp;&nbsp;ডাকা",
                        "utext1": "",
                        "dtext1": "",
                        "text1": "Rabin <font color='#ED7745'>calls</font> Shyamal loudly. <br>রবিন শ্যামলকে চেঁচিয়ে ডাকে । <br> <br>I was <font color='#ED7745'>called</font> at 5 p.m. last evening. <br>আমাকে কাল সন্ধ্যে ৫টায় ডাকা হয়েছিল । <br> <br>She got a <font color='#ED7745'>phone-call</font>. <br>সে একটা ফোন পেয়েছিল । <br> <br>Call&nbsp;&nbsp;&nbsp;&nbsp;&nbsp;Called&nbsp;&nbsp;&nbsp;&nbsp;&nbsp;Called <br> <br>Translate: তাকে ডেকে দাও",
                        "description": ""
                      },
                      {
                        "image1": "ask",
                        "name": "Bvb1-Lesson3 (2)",
                        "ltext1": "",
                        "rtext1": "<br> <br>&nbsp;&nbsp;&nbsp;&nbsp;&nbsp;<font color='#ED7745'>Ask</font> <br> <br> <br>&nbsp;&nbsp;&nbsp;&nbsp;&nbsp;জিজ্ঞাসা করা, চাওয়া",
                        "utext1": "",
                        "dtext1": "",
                        "text1": "Hema <font color='#ED7745'>asks</font> many questions. <br>হেমা অনেক প্রশ্ন জিজ্ঞেস করে । <br> <br>Anu <font color='#ED7745'>asked</font> Shyamali for help. <br>অনু শ্যামলীর কাছে সাহায্য চেয়েছিল । <br> <br>Should we <font color='#ED7745'>ask</font> them for a meeting ? <br>আমাদের কি তাদের একটা মিটিঙে ডাকা উচিৎ ? <br> <br>Ask&nbsp;&nbsp;&nbsp;&nbsp;&nbsp;Asked&nbsp;&nbsp;&nbsp;&nbsp;&nbsp;Asked <br> <br>Translate: দেবু জিজ্ঞেস করলো, \"তুমি কেমন আছ\" ?",
                        "description": ""
                      },
                      {
                        "image1": "read",
                        "name": "Bvb1-Lesson3 (3)",
                        "ltext1": "",
                        "rtext1": "<br> <br>&nbsp;&nbsp;&nbsp;&nbsp;&nbsp;<font color='#ED7745'>Read</font> <br> <br> <br>&nbsp;&nbsp;&nbsp;&nbsp;&nbsp;পড়া",
                        "utext1": "",
                        "dtext1": "",
                        "text1": "Sita <font color='#ED7745'>reads</font> story books everyday. <br>সীতা প্রতিদিন গল্পের বই পড়ে । <br> <br>He <font color='#ED7745'>read</font> the newspaper loudly. <br>সে চেঁচিয়ে খবরের কাগজ পড়েছিল । <br> <br>He said, \"I <font color='#ED7745'>read</font> in class five\". <br>সে বললো \"আমি ক্লাস ফাইভে পড়ি\" । <br> <br>Read&nbsp;&nbsp;&nbsp;&nbsp;&nbsp;Read&nbsp;&nbsp;&nbsp;&nbsp;&nbsp;Read <br> <br>Translate: বইপড়া ভালো অভ্যেস",
                        "description": ""
                      },
                      {
                        "image1": "write",
                        "name": "Bvb1-Lesson3 (4)",
                        "ltext1": "",
                        "rtext1": "<br> <br>&nbsp;&nbsp;&nbsp;&nbsp;&nbsp;<font color='#ED7745'>Write</font> <br> <br> <br>&nbsp;&nbsp;&nbsp;&nbsp;&nbsp;লেখা",
                        "utext1": "",
                        "dtext1": "",
                        "text1": "Jamuna often <font color='#ED7745'>writes</font> letter to her father. <br>যমুনা তার বাবাকে প্রায়ই চিঠি লেখে । <br> <br>Please <font color='#ED7745'>write</font> this down. <br>অনুগ্রহ করে এটা লিখে ফেলো । <br> <br>The order is <font color='#ED7745'>written</font> on the paper. <br>অর্ডারটা কাগজে লেখা আছে । <br> <br>Write&nbsp;&nbsp;&nbsp;&nbsp;&nbsp;Wrote&nbsp;&nbsp;&nbsp;&nbsp;&nbsp;Written <br> <br>Translate: শরৎচন্দ্র অনেক গল্প লিখেছিলেন",
                        "description": ""
                      },
                      {
                        "image1": "think",
                        "name": "Bvb1-Lesson3 (5)",
                        "ltext1": "",
                        "rtext1": "<br> <br>&nbsp;&nbsp;&nbsp;&nbsp;&nbsp;<font color='#ED7745'>Think</font> <br> <br> <br>&nbsp;&nbsp;&nbsp;&nbsp;&nbsp;চিন্তা করা",
                        "utext1": "",
                        "dtext1": "",
                        "text1": "<font color='#ED7745'>Think</font> and you too can give answer. <br>ভাবো, তুমিও উত্তর দিতে পারবে । <br> <br>I never <font color='#ED7745'>thought</font> of such a story. <br>আমি কখনো এরকম গল্পের কথা ভাবিনি । <br> <br><font color='#ED7745'>Think</font> twice before telling anything. <br>কিছু বলার আগে দুবার ভাববে । <br> <br>Think&nbsp;&nbsp;&nbsp;&nbsp;&nbsp;Thought&nbsp;&nbsp;&nbsp;&nbsp;&nbsp;Thought <br> <br>Translate: এটা কি আগে ভেবেছিলে ?",
                        "description": ""
                      },
                      {
                        "image1": "know",
                        "name": "Bvb1-Lesson3 (6)",
                        "ltext1": "",
                        "rtext1": "<br> <br>&nbsp;&nbsp;&nbsp;&nbsp;&nbsp;<font color='#ED7745'>Know</font> <br> <br> <br>&nbsp;&nbsp;&nbsp;&nbsp;&nbsp;জানা",
                        "utext1": "",
                        "dtext1": "",
                        "text1": "Basanti <font color='#ED7745'>knows</font> cooking. <br>বাসন্তী রান্না করতে জানে । <br> <br><font color='#ED7745'>Know</font> yourself. <br>নিজেকে জানো । <br> <br>I <font color='#ED7745'>knew</font> this person. <br>আমি এই লোকটিকে চিনতাম । <br> <br>Know&nbsp;&nbsp;&nbsp;&nbsp;&nbsp;Knew&nbsp;&nbsp;&nbsp;&nbsp;&nbsp;Known <br> <br>Translate: সে আমার চেনা",
                        "description": ""
                      },
                      {
                        "image1": "learn",
                        "name": "Bvb1-Lesson3 (7)",
                        "ltext1": "",
                        "rtext1": "<br> <br>&nbsp;&nbsp;&nbsp;&nbsp;&nbsp;<font color='#ED7745'>Learn</font> <br> <br> <br>&nbsp;&nbsp;&nbsp;&nbsp;&nbsp;শেখা",
                        "utext1": "",
                        "dtext1": "",
                        "text1": "Rupali <font color='#ED7745'>learns</font> ten English words everyday. <br>রূপালী রোজ দশটা ইংরাজী শব্দ শেখে । <br> <br>Little <font color='#ED7745'>learning</font> is bad. <br>অল্প বিদ্যা খারাপ । <br> <br>\"I have <font color='#ED7745'>learnt</font> Hindi\", she said. <br>সে বললো, \"আমি হিন্দি শিখেছি\" । <br> <br>Learn&nbsp;&nbsp;&nbsp;&nbsp;&nbsp;Learned&nbsp;&nbsp;&nbsp;&nbsp;&nbsp;Learnt <br> <br>Translate: সে বলল যে সে ১০ বছর গান শিখেছে",
                        "description": ""
                      },
                      {
                        "image1": "laugh",
                        "name": "Bvb1-Lesson3 (8)",
                        "ltext1": "",
                        "rtext1": "<br> <br>&nbsp;&nbsp;&nbsp;&nbsp;&nbsp;<font color='#ED7745'>Laugh</font> <br> <br> <br>&nbsp;&nbsp;&nbsp;&nbsp;&nbsp;হাসা",
                        "utext1": "",
                        "dtext1": "",
                        "text1": "Do not <font color='#ED7745'>laugh</font> in the class. <br>ক্লাসের ভেতর হেসো না । <br> <br><font color='#ED7745'>Laughing</font> makes you happy. <br>হাসি তোমায় সুখী করে । <br> <br>Shanti gave a wrong answer and Kobita <font color='#ED7745'>laughed</font> at it. <br>শান্তি একটা ভুল উত্তর দিলো আর কবিতা তাতে হেসে দিলো । <br> <br>Laugh&nbsp;&nbsp;&nbsp;&nbsp;&nbsp;Laughed&nbsp;&nbsp;&nbsp;&nbsp;&nbsp;Laughed <br> <br>Translate: কেন তুমি হাসবে না ?",
                        "description": ""
                      },
                      {
                        "image1": "cry",
                        "name": "Bvb1-Lesson3 (9)",
                        "ltext1": "",
                        "rtext1": "<br> <br>&nbsp;&nbsp;&nbsp;&nbsp;&nbsp;<font color='#ED7745'>Cry</font> <br> <br> <br>&nbsp;&nbsp;&nbsp;&nbsp;&nbsp;কাঁদা",
                        "utext1": "",
                        "dtext1": "",
                        "text1": "The baby is <font color='#ED7745'>crying</font> for food. <br>বাচ্চাটা খাবারের জন্য কাঁদছে । <br> <br>Only <font color='#ED7745'>crying</font> baby gets the milk. <br>যে বাচ্চা কাঁদে, সে-ই দুধ পায় । <br> <br>Surojit did not give him money, so he <font color='#ED7745'>cried</font>. <br>সুরজিৎ তাকে টাকা দেয় নি, তাই সে কেঁদেছিল । <br> <br>Cry&nbsp;&nbsp;&nbsp;&nbsp;&nbsp;Cried&nbsp;&nbsp;&nbsp;&nbsp;&nbsp;Cried <br> <br>Translate: সে খবরটা শুনল ও কাঁদলো",
                        "description": ""
                      },
                      {
                        "image1": "sing",
                        "name": "Bvb1-Lesson3 (10)",
                        "ltext1": "",
                        "rtext1": "<br> <br>&nbsp;&nbsp;&nbsp;&nbsp;&nbsp;<font color='#ED7745'>Sing</font> <br> <br> <br>&nbsp;&nbsp;&nbsp;&nbsp;&nbsp;গান করা",
                        "utext1": "",
                        "dtext1": "",
                        "text1": "Pramila <font color='#ED7745'>sings</font> very well. <br>প্রমীলা বেশ ভালো গান করে । <br> <br>Do you know how to <font color='#ED7745'>sing</font> ? <br>তুমি গান জানো ? <br> <br>I told all that you <font color='#ED7745'>sang</font> well yesterday. <br>আমি সবাইকে বলেছিলাম যে তুমি কাল ভালো গেয়েছো । <br> <br>Sing&nbsp;&nbsp;&nbsp;&nbsp;&nbsp;Sang&nbsp;&nbsp;&nbsp;&nbsp;&nbsp;Sung <br> <br>Translate: তুমি আজ ভালো গেয়েছো",
                        "description": ""
                      }
]