[
                      {
                        "image1": "break",
                        "name": "Bvb1-Lesson2 (1)",
                        "ltext1": "",
                        "rtext1": "<br> <br>&nbsp;&nbsp;&nbsp;&nbsp;&nbsp;<font color='#ED7745'>Break</font> <br> <br> <br>&nbsp;&nbsp;&nbsp;&nbsp;&nbsp;ভাঙা",
                        "utext1": "",
                        "dtext1": "",
                        "text1": "Children <font color='#ED7745'>break</font> toys. <br>বাচ্চারা খেলনা ভাঙে । <br> <br>The thief <font color='#ED7745'>broke</font> the back door. <br>চোরটি পেছনের দরজাটি ভেঙেছিল । <br> <br>Their friendship has <font color='#ED7745'>broken</font> up. <br>তাদের বন্ধুত্ব ভেঙে গিয়েছে । <br> <br>Break&nbsp;&nbsp;&nbsp;&nbsp;&nbsp;Broke&nbsp;&nbsp;&nbsp;&nbsp;&nbsp;Broken <br> <br>Translate: সে টিভিটা ভেঙেছে",
                        "description": ""
                      },
                      {
                        "image1": "work",
                        "name": "Bvb1-Lesson2 (2)",
                        "ltext1": "",
                        "rtext1": "<br> <br>&nbsp;&nbsp;&nbsp;&nbsp;&nbsp;<font color='#ED7745'>Work</font> <br> <br> <br>&nbsp;&nbsp;&nbsp;&nbsp;&nbsp;কাজ করা",
                        "utext1": "",
                        "dtext1": "",
                        "text1": "His father <font color='#ED7745'>works</font> in a factory and makes cars. <br>তার বাবা একটি কারখানায় কাজ করে ও গাড়ি তৈরী করে । <br> <br>This television does not <font color='#ED7745'>work</font> anymore. <br>এই টিভিটা আর কাজ করে না । <br> <br>Let us <font color='#ED7745'>work</font> out the sum. <br>চল, অঙ্কটা শেষ করি । <br> <br>Work&nbsp;&nbsp;&nbsp;&nbsp;&nbsp;Worked&nbsp;&nbsp;&nbsp;&nbsp;&nbsp;Worked <br> <br>Translate: তুমি কোথায় কাজ করো ?",
                        "description": ""
                      },
                      {
                        "image1": "eat",
                        "name": "Bvb1-Lesson2 (3)",
                        "ltext1": "",
                        "rtext1": "<br> <br>&nbsp;&nbsp;&nbsp;&nbsp;&nbsp;<font color='#ED7745'>Eat</font> <br> <br> <br>&nbsp;&nbsp;&nbsp;&nbsp;&nbsp;খাওয়া",
                        "utext1": "",
                        "dtext1": "",
                        "text1": "I <font color='#ED7745'>eat</font> fruits. <br>আমি ফল খাই । <br> <br>Madhabi never <font color='#ED7745'>ate</font> meat. <br>মাধবী কখনো মাংস খায় নি । <br> <br>Have you ever <font color='#ED7745'>eaten</font> chowmein before ? <br>তুমি কি আগে কখনো চাউমিন খেয়েছো ? <br> <br>Eat&nbsp;&nbsp;&nbsp;&nbsp;&nbsp;Ate&nbsp;&nbsp;&nbsp;&nbsp;&nbsp;Eaten <br> <br>Translate: তুমি তাড়াতাড়ি খেয়ে নাও",
                        "description": ""
                      },
                      {
                        "image1": "drink",
                        "name": "Bvb1-Lesson2 (4)",
                        "ltext1": "",
                        "rtext1": "<br> <br>&nbsp;&nbsp;&nbsp;&nbsp;&nbsp;<font color='#ED7745'>Drink</font> <br> <br> <br>&nbsp;&nbsp;&nbsp;&nbsp;&nbsp;পান করা",
                        "utext1": "",
                        "dtext1": "",
                        "text1": "I <font color='#ED7745'>drink</font> water. <br>আমি জল পান করি । <br> <br>They <font color='#ED7745'>drank</font> water, but did not eat food.<br>তারা জল খেয়েছিল, কিন্তু খাবার খায় নি ।<br> <br>Have you <font color='#ED7745'>drunk</font> Pepsi before ? <br>তুমি কি আগে পেপসি খেয়েছো ? <br> <br>Drink&nbsp;&nbsp;&nbsp;&nbsp;&nbsp;Drank&nbsp;&nbsp;&nbsp;&nbsp;&nbsp;Drunk <br> <br>Translate: তুমি জল খেয়েছো ?",
                        "description": ""
                      },
                      {
                        "image1": "see",
                        "name": "Bvb1-Lesson2 (5)",
                        "ltext1": "",
                        "rtext1": "<br> <br>&nbsp;&nbsp;&nbsp;&nbsp;&nbsp;<font color='#ED7745'>See</font> <br> <br> <br>&nbsp;&nbsp;&nbsp;&nbsp;&nbsp;দেখা",
                        "utext1": "",
                        "dtext1": "",
                        "text1": "Samiran can <font color='#ED7745'>see</font> the ball. <br>সমীরণ বলটা দেখতে পাচ্ছে । <br> <br>I <font color='#ED7745'>saw</font> Deb in a shooting. <br>আমি দেবকে একটা শুটিঙে দেখেছিলাম । <br> <br><font color='#ED7745'>See</font> if it works. <br>দেখে নাও এটা কাজ করে কিনা । <br> <br>See&nbsp;&nbsp;&nbsp;&nbsp;&nbsp;Saw&nbsp;&nbsp;&nbsp;&nbsp;&nbsp;Seen <br> <br>Translate: তুমি আজ চাঁদ দেখেছো ?",
                        "description": ""
                      },
                      {
                        "image1": "look",
                        "name": "Bvb1-Lesson2 (6)",
                        "ltext1": "",
                        "rtext1": "<br> <br>&nbsp;&nbsp;&nbsp;&nbsp;&nbsp;<font color='#ED7745'>Look</font> <br> <br> <br>&nbsp;&nbsp;&nbsp;&nbsp;&nbsp;তাকানো",
                        "utext1": "",
                        "dtext1": "",
                        "text1": "Do not <font color='#ED7745'>look</font> at me. <br>আমার দিকে তাকিয়ো না । <br> <br>Sabitri is <font color='#ED7745'>looking</font> at the sun. <br>সাবিত্রী সূর্যের দিকে তাকিয়ে আছে । <br> <br>Tapan has to <font color='#ED7745'>look</font> after his dog. <br>তপনকে তার কুকুরের দেখভাল করতে হয় ।<br> <br>Look&nbsp;&nbsp;&nbsp;&nbsp;&nbsp;Looked&nbsp;&nbsp;&nbsp;&nbsp;&nbsp;Looked <br> <br>Translate: আমার দিকে তাকাও",
                        "description": ""
                      },
                      {
                        "image1": "hear",
                        "name": "Bvb1-Lesson2 (7)",
                        "ltext1": "",
                        "rtext1": "<br> <br>&nbsp;&nbsp;&nbsp;&nbsp;&nbsp;<font color='#ED7745'>Hear</font> <br> <br> <br>&nbsp;&nbsp;&nbsp;&nbsp;&nbsp;শোনা",
                        "utext1": "",
                        "dtext1": "",
                        "text1": "Can you <font color='#ED7745'>hear</font> me ? <br>তুমি কি আমায় শুনতে পাচ্ছো ? <br> <br>Chandana had <font color='#ED7745'>heard</font> the call. <br>চন্দনা ডাকটা শুনতে পেলো । <br> <br>He is hard of <font color='#ED7745'>hearing</font>. <br>সে কানে কম শোনে । <br> <br>Hear&nbsp;&nbsp;&nbsp;&nbsp;&nbsp;Heard&nbsp;&nbsp;&nbsp;&nbsp;&nbsp;Heard <br> <br>Translate: হ্যাঁ, খবরটা আমি শুনেছি",
                        "description": ""
                      },
                      {
                        "image1": "say",
                        "name": "Bvb1-Lesson2 (8)",
                        "ltext1": "",
                        "rtext1": "<br> <br>&nbsp;&nbsp;&nbsp;&nbsp;&nbsp;<font color='#ED7745'>Say</font> <br> <br> <br>&nbsp;&nbsp;&nbsp;&nbsp;&nbsp;বলা",
                        "utext1": "",
                        "dtext1": "",
                        "text1": "Bharati and Anjana <font color='#ED7745'>say</font> 'hello' to me everyday. <br>ভারতী ও অঞ্জনা রোজ আমায় 'হ্যালো' বলে । <br> <br>He <font color='#ED7745'>said</font>, \"But I am Shombhu\". <br>সে বলল, \"কিন্তু আমি যে শম্ভু\" । <br> <br>The clock <font color='#ED7745'>says</font> noon. <br>ঘড়ি বলে, দুপুর হয়েছে । <br> <br>Say&nbsp;&nbsp;&nbsp;&nbsp;&nbsp;Said&nbsp;&nbsp;&nbsp;&nbsp;&nbsp;Said <br> <br>Translate: সে কি বললো ?",
                        "description": ""
                      },
                      {
                        "image1": "tell",
                        "name": "Bvb1-Lesson2 (9)",
                        "ltext1": "",
                        "rtext1": "<br> <br>&nbsp;&nbsp;&nbsp;&nbsp;&nbsp;<font color='#ED7745'>Tell</font> <br> <br> <br>&nbsp;&nbsp;&nbsp;&nbsp;&nbsp;বলা",
                        "utext1": "",
                        "dtext1": "",
                        "text1": "Manjul <font color='#ED7745'>tells</font> Shiuli to do work. <br>মঞ্জুল শিউলিকে কাজ করতে বলে । <br> <br>Lakshmi <font color='#ED7745'>told</font> Sanoka, \"I shall go tomorrow\". <br>লক্ষ্মী সনকাকে বললো, \"আমি কাল যাবো\"।<br> <br>Never <font color='#ED7745'>tell</font> a lie. <br>কখনো মিথ্যা বোলো না । <br> <br>Tell&nbsp;&nbsp;&nbsp;&nbsp;&nbsp;Told&nbsp;&nbsp;&nbsp;&nbsp;&nbsp;Told <br> <br>Translate: তোমার নাম বলো",
                        "description": ""
                      },
                      {
                        "image1": "speak",
                        "name": "Bvb1-Lesson2 (10)",
                        "ltext1": "",
                        "rtext1": "<br> <br>&nbsp;&nbsp;&nbsp;&nbsp;&nbsp;<font color='#ED7745'>Speak</font> <br> <br> <br>&nbsp;&nbsp;&nbsp;&nbsp;&nbsp;কথা বলা",
                        "utext1": "",
                        "dtext1": "",
                        "text1": "He <font color='#ED7745'>speaks</font> the truth. <br>সে সত্যি কথা বলে । <br> <br>The teacher said, \"<font color='#ED7745'>Speak</font> out loudly\". <br>শিক্ষক বললেন, \"জোরে বলো\" । <br> <br>Shanu <font color='#ED7745'>spoke</font> for his class. <br>শানু তার ক্লাসের হয়ে কথা বললো । <br> <br>Speak&nbsp;&nbsp;&nbsp;&nbsp;&nbsp;Spoke&nbsp;&nbsp;&nbsp;&nbsp;&nbsp;Spoken <br> <br>Translate: সে ইংরেজী বলতে পারে",
                        "description": ""
                      }
]