[
                      {
                        "image1": "draw",
                        "name": "Bvb2-Lesson1 (1)",
                        "ltext1": "",
                        "rtext1": "<br> <br>&nbsp;&nbsp;&nbsp;&nbsp;&nbsp;<font color='#ED7745'>Draw</font> <br> <br> <br>&nbsp;&nbsp;&nbsp;&nbsp;&nbsp;আঁকা, টানা",
                        "utext1": "",
                        "dtext1": "",
                        "text1": "Mamoni is <font color='#ED7745'>drawing</font> lines for playing. <br>মামনি খেলার জন্য দাগ টানছে । <br> <br>The students <font color='#ED7745'>drew</font> the table. <br>ছাত্ররা টেবিলটা টেনেছিল । <br> <br>Tanmoy <font color='#ED7745'>draws</font> good salary. <br>তন্ময় ভালো মাইনে পায় । <br> <br>Draw&nbsp;&nbsp;&nbsp;&nbsp;&nbsp;Drew&nbsp;&nbsp;&nbsp;&nbsp;&nbsp;Drawn <br> <br>Translate: সে একটা ছবি এঁকেছে, কিন্তু আমায় দেয়নি",
                        "description": ""
                      },
                      {
                        "image1": "sit",
                        "name": "Bvb2-Lesson1 (2)",
                        "ltext1": "",
                        "rtext1": "<br> <br>&nbsp;&nbsp;&nbsp;&nbsp;&nbsp;<font color='#ED7745'>Sit</font> <br> <br> <br>&nbsp;&nbsp;&nbsp;&nbsp;&nbsp;বসা",
                        "utext1": "",
                        "dtext1": "",
                        "text1": "The cat is <font color='#ED7745'>sitting</font> on the mat. <br>বিড়ালটি মাদুরে বসে আছে । <br> <br><font color='#ED7745'>Sit</font> down and do the sum. <br>বোসো আর অঙ্কটা করো । <br> <br>I <font color='#ED7745'>sat</font> up until morning. <br>আমি ভোর পর্যন্ত বসে রইলাম । <br> <br>Sit&nbsp;&nbsp;&nbsp;&nbsp;&nbsp;Sat&nbsp;&nbsp;&nbsp;&nbsp;&nbsp;Sat <br> <br>Translate: বোসো আর আমার কথা শোনো",
                        "description": ""
                      },
                      {
                        "image1": "sleep",
                        "name": "Bvb2-Lesson1 (3)",
                        "ltext1": "",
                        "rtext1": "<br> <br>&nbsp;&nbsp;&nbsp;&nbsp;&nbsp;<font color='#ED7745'>Sleep</font> <br> <br> <br>&nbsp;&nbsp;&nbsp;&nbsp;&nbsp;ঘুমোনো",
                        "utext1": "",
                        "dtext1": "",
                        "text1": "<font color='#ED7745'>Sleeping</font> is good for health. <br>ঘুমানো স্বাস্থ্যের জন্য ভালো । <br> <br>I <font color='#ED7745'>slept</font> for six hours. <br>আমি ছঘন্টা ঘুমিয়েছিলাম । <br> <br>If you <font color='#ED7745'>sleep</font> in again, you will get tired. <br>যদি আবার ঘুমিয়ে পড়ো, ক্লান্ত হয়ে যাবে । <br> <br>Sleep&nbsp;&nbsp;&nbsp;&nbsp;&nbsp;Slept&nbsp;&nbsp;&nbsp;&nbsp;&nbsp;Slept <br> <br>Translate: রাতে ভালো করে ঘুমোও, তারপর ইংরেজী শেখো",
                        "description": ""
                      },
                      {
                        "image1": "stand",
                        "name": "Bvb2-Lesson1 (4)",
                        "ltext1": "", 
                        "rtext1": "<br> <br>&nbsp;&nbsp;&nbsp;&nbsp;&nbsp;<font color='#ED7745'>Stand</font> <br> <br> <br>&nbsp;&nbsp;&nbsp;&nbsp;&nbsp;দাঁড়ানো",
                        "utext1": "",
                        "dtext1": "",
                        "text1": "Jakaria is <font color='#ED7745'>standing</font> on the bench. <br>জাকারিয়া বেঞ্চের ওপর দাঁড়িয়ে আছে । <br> <br>I <font color='#ED7745'>stood</font> straight. <br>আমি সোজা দাঁড়িয়েছিলাম । <br> <br><font color='#ED7745'>Stand</font> by your friends during their bad time. <br>তোমার বন্ধুদের খারাপ সময়ে তাদের পাশে দাঁড়িয়ো । <br> <br>Stand&nbsp;&nbsp;&nbsp;&nbsp;&nbsp;Stood&nbsp;&nbsp;&nbsp;&nbsp;&nbsp;Stood <br> <br>ranslate: শিক্ষক বললেন, \"দাঁড়িয়ে আছো কেন\" ?",
                        "description": ""
                      },
                      {
                        "image1": "walk",
                        "name": "Bvb2-Lesson1 (5)",
                        "ltext1": "",
                        "rtext1": "<br> <br>&nbsp;&nbsp;&nbsp;&nbsp;&nbsp;<font color='#ED7745'>Walk</font> <br> <br> <br>&nbsp;&nbsp;&nbsp;&nbsp;&nbsp;হাঁটা",
                        "utext1": "",
                        "dtext1": "",
                        "text1": "Rajesh says that he can <font color='#ED7745'>walk</font> fast. <br>রাজেশ বলে যে সে জোরে হাঁটতে পারে । <br> <br>She has <font color='#ED7745'>walked</font> out of the room. <br>সে ঘর থেকে বেরিয়ে গেছে । <br> <br>Sangita and Mitali <font color='#ED7745'>walked</font> in and sat down. <br>সঙ্গীতা আর মিতালী ভেতরে এলো আর বসে পড়লো । <br> <br>Walk&nbsp;&nbsp;&nbsp;&nbsp;&nbsp;Walked&nbsp;&nbsp;&nbsp;&nbsp;&nbsp;Walked <br> <br>Translate: আমি যখন হাঁটছিলাম তোমাকে দেখলাম",
                        "description": ""
                      },
                       {
                        "image1": "run",
                        "name": "Bvb2-Lesson1 (6)",
                        "ltext1": "",
                        "rtext1": "<br> <br>&nbsp;&nbsp;&nbsp;&nbsp;&nbsp;<font color='#ED7745'>Run</font> <br> <br> <br>&nbsp;&nbsp;&nbsp;&nbsp;&nbsp;দৌড়ানো",
                        "utext1": "",
                        "dtext1": "",
                        "text1": "The children are <font color='#ED7745'>running</font> around the tree. <br>বাচ্চারা গাছের চারপাশে দৌড়চ্ছে । <br> <br>I <font color='#ED7745'>ran</font> a long way. <br>আমি অনেকদূর ছুটেছিলাম । <br> <br>Kalyan is <font color='#ED7745'>running</font> after money. <br>কল্যাণ টাকার পেছনে ছুটছে । <br> <br>Run&nbsp;&nbsp;&nbsp;&nbsp;&nbsp;Ran&nbsp;&nbsp;&nbsp;&nbsp;&nbsp;Run <br> <br>Translate: অনেক ছুটেছো, এবার জল খাও",
                        "description": ""
                      },
                      {
                        "image1": "play",
                        "name": "Bvb2-Lesson1 (7)",
                        "ltext1": "",
                        "rtext1": "<br> <br>&nbsp;&nbsp;&nbsp;&nbsp;&nbsp;<font color='#ED7745'>Play</font> <br> <br> <br>&nbsp;&nbsp;&nbsp;&nbsp;&nbsp;খেলা করা",
                        "utext1": "",
                        "dtext1": "",
                        "text1": "The students are <font color='#ED7745'>playing</font> in the ground. <br>ছাত্ররা মাঠে খেলছে । <br> <br>Do not <font color='#ED7745'>play</font> with fire. <br>আগুন নিয়ে খেলা কোরো না । <br> <br>Shreya Ghosal is a famous <font color='#ED7745'>play-back</font> singer. <br>শ্রেয়া ঘোষাল একজন বিখ্যাত নেপথ্য সঙ্গীতশিল্পী । <br> <br>Play&nbsp;&nbsp;&nbsp;&nbsp;&nbsp;Played&nbsp;&nbsp;&nbsp;&nbsp;&nbsp;Played <br> <br>Translate: বাসন্তী আজ খারাপ খেলেছে",
                        "description": ""
                      },
                      {
                        "image1": "jump",
                        "name": "Bvb2-Lesson1 (8)",
                        "ltext1": "",
                        "rtext1": "<br> <br>&nbsp;&nbsp;&nbsp;&nbsp;&nbsp;<font color='#ED7745'>Jump</font> <br> <br> <br>&nbsp;&nbsp;&nbsp;&nbsp;&nbsp;লাফানো, ডিঙোনো",
                        "utext1": "",
                        "dtext1": "",
                        "text1": "The child is <font color='#ED7745'>jumping</font> in joy. <br>বাচ্চাটি আনন্দে লাফাচ্ছে । <br> <br>Can you <font color='#ED7745'>jump</font> over the fence ? <br>তুমি কি বেড়াটা ডিঙোতে পারবে ? <br> <br>Samir <font color='#ED7745'>jumped</font> into the game. <br>সমীর খেলাটায় ঝাঁপিয়ে পড়লো । <br> <br>Jump&nbsp;&nbsp;&nbsp;&nbsp;&nbsp;Jumped&nbsp;&nbsp;&nbsp;&nbsp;&nbsp;Jumped <br> <br>Translate: মোটা বেড়ালটা খুব লাফাতে পারে",
                        "description": ""
                      },
                      {
                        "image1": "fall",
                        "name": "Bvb2-Lesson1 (9)",
                        "ltext1": "",
                        "rtext1": "<br> <br>&nbsp;&nbsp;&nbsp;&nbsp;&nbsp;<font color='#ED7745'>Fall</font> <br> <br> <br>&nbsp;&nbsp;&nbsp;&nbsp;&nbsp;পড়ে যাওয়া",
                        "utext1": "",
                        "dtext1": "",
                        "text1": "The boy often <font color='#ED7745'>falls</font> from tree. <br>ছেলেটা প্রায়ই গাছ থেকে পড়ে । <br> <br>Have you <font color='#ED7745'>fallen</font> down from chair ? <br>তুমি কি চেয়ার থেকে পড়ে গেছো ? <br> <br>He <font color='#ED7745'>fell</font> to his knees. <br>সে হাঁটু মুড়ে বসে পড়লো । <br> <br>Fall&nbsp;&nbsp;&nbsp;&nbsp;&nbsp;Fell&nbsp;&nbsp;&nbsp;&nbsp;&nbsp;Fallen <br> <br>Translate: আমি পড়লাম, কিন্তু আমার পা ভাঙলো না",
                        "description": ""
                      },
                      {
                        "image1": "throw",
                        "name": "Bvb2-Lesson1 (10)",
                        "ltext1": "",
                        "rtext1": "<br> <br>&nbsp;&nbsp;&nbsp;&nbsp;&nbsp;<font color='#ED7745'>Throw</font> <br> <br> <br>&nbsp;&nbsp;&nbsp;&nbsp;&nbsp;ছোঁড়া, ফেলে দেওয়া",
                        "utext1": "",
                        "dtext1": "",
                        "text1": "Sanju is <font color='#ED7745'>throwing</font> a balloon. <br>সঞ্জু একটা বেলুন ছুঁড়ছে । <br> <br>Bad things should be <font color='#ED7745'>thrown</font> out. <br>খারাপ জিনিস ছুঁড়ে ফেলা উচিত । <br> <br>The horse <font color='#ED7745'>threw</font> away its rider. <br>ঘোড়াটি তার সওয়ারীকে ফেলে দিলো । <br> <br>Throw&nbsp;&nbsp;&nbsp;&nbsp;&nbsp;Threw&nbsp;&nbsp;&nbsp;&nbsp;&nbsp;Thrown <br> <br>Translate: খাবার  খেয়ে  কাগজের প্লেটটা ফেলে দাও",
                        "description": ""
                      }
]