[
                      {
                        "image1": "move",
                        "name": "Bvb2-Lesson3 (1)",
                        "ltext1": "",
                        "rtext1": "<br> <br>&nbsp;&nbsp;&nbsp;&nbsp;&nbsp;<font color='#ED7745'>Move</font> <br> <br> <br>&nbsp;&nbsp;&nbsp;&nbsp;&nbsp;সরানো, ঘোরা",
                        "utext1": "",
                        "dtext1": "",
                        "text1": "The earth <font color='#ED7745'>moves</font> around the sun. <br>পৃথিবী সূর্যের চারদিকে ঘোরে । <br> <br>Who has <font color='#ED7745'>moved</font> my chair ? <br>আমার চেয়ারটা কে সরিয়েছে ? <br> <br>I pushed the car, but it did not <font color='#ED7745'>move</font>. <br>আমি গাড়িটা ঠেললাম, কিন্তু সেটা নড়ল না । <br> <br>Move&nbsp;&nbsp;&nbsp;&nbsp;&nbsp;Moved&nbsp;&nbsp;&nbsp;&nbsp;&nbsp;Moved <br> <br>Translate: ভারতী বলল যে সে নড়েনি",
                        "description": ""
                      },
                      {
                        "image1": "use",
                        "name": "Bvb2-Lesson3 (2)",
                        "ltext1": "",
                        "rtext1": "<br> <br>&nbsp;&nbsp;&nbsp;&nbsp;&nbsp;<font color='#ED7745'>Use</font> <br> <br> <br>&nbsp;&nbsp;&nbsp;&nbsp;&nbsp;ব্যবহার করা",
                        "utext1": "",
                        "dtext1": "",
                        "text1": "The bin says, \"<font color='#ED7745'>Use</font> me\". <br>পাত্রটা বলে, \"আমায় ব্যবহার করো\" । <br> <br>Did you <font color='#ED7745'>use</font> your pen ? <br>তোমার পেন ব্যবহার করেছিলে ? <br> <br><font color='#ED7745'>Use</font> it or lose it. <br>এটা ব্যবহার করো নাহলে খারাপ হয়ে যাবে । <br> <br>Use&nbsp;&nbsp;&nbsp;&nbsp;&nbsp;Used&nbsp;&nbsp;&nbsp;&nbsp;&nbsp;Used <br> <br>Translate: কাজ করতে আমরা অবশ্যই মাথা ব্যবহার করবো",
                        "description": ""
                      },
                      {
                        "image1": "live",
                        "name": "Bvb2-Lesson3 (3)",
                        "ltext1": "",
                        "rtext1": "<br> <br>&nbsp;&nbsp;&nbsp;&nbsp;&nbsp;<font color='#ED7745'>Live</font> <br> <br> <br>&nbsp;&nbsp;&nbsp;&nbsp;&nbsp;বাস করা, বাঁচা",
                        "utext1": "",
                        "dtext1": "",
                        "text1": "He <font color='#ED7745'>lives</font> in this beautiful house. <br>সে এই সুন্দর বাড়িটায় বাস করে । <br> <br>I shall not <font color='#ED7745'>live</font> if I do not work. <br>যদি কাজ না করি আমি বাঁচব না । <br> <br>Babies <font color='#ED7745'>live</font> on milk. <br>বাচ্চারা দুধের ওপর বাঁচে । <br> <br>Live&nbsp;&nbsp;&nbsp;&nbsp;&nbsp;Lived&nbsp;&nbsp;&nbsp;&nbsp;&nbsp;Lived <br> <br>Translate: খাবার খাও, তবেই তুমি বাঁচবে",
                        "description": ""
                      },
                      {
                        "image1": "love",
                        "name": "Bvb2-Lesson3 (4)",
                        "ltext1": "",
                        "rtext1": "<br> <br>&nbsp;&nbsp;&nbsp;&nbsp;&nbsp;<font color='#ED7745'>Love</font> <br> <br> <br>&nbsp;&nbsp;&nbsp;&nbsp;&nbsp;ভালবাসা",
                        "utext1": "",
                        "dtext1": "",
                        "text1": "Mother <font color='#ED7745'>loves</font> her child. <br>মা তার বাচ্চাকে ভালবাসে । <br> <br>Everybody wants to be <font color='#ED7745'>loved</font>. <br>প্রত্যেকে ভালোবাসা পেতে চায় । <br> <br>If you have <font color='#ED7745'>loved</font> me, please take the flowers. <br>যদি তুমি আমায় ভালোবেসেছো তো দয়া করে ফুল নাও । <br> <br>Love&nbsp;&nbsp;&nbsp;&nbsp;&nbsp;Loved&nbsp;&nbsp;&nbsp;&nbsp;&nbsp;Loved <br> <br>Translate: শিক্ষক বললেন \"তাকে আমার ভালোবাসা দিয়ো\"",
                        "description": ""
                      },
                      {
                        "image1": "like",
                        "name": "Bvb2-Lesson3 (5)",
                        "ltext1": "",
                        "rtext1": "<br> <br>&nbsp;&nbsp;&nbsp;&nbsp;&nbsp;<font color='#ED7745'>Like</font> <br> <br> <br>&nbsp;&nbsp;&nbsp;&nbsp;&nbsp;পছন্দ করা",
                        "utext1": "",
                        "dtext1": "",
                        "text1": "Who does not <font color='#ED7745'>like</font> babies ! <br>শিশুদের কে না পছন্দ করে ! <br> <br>Santanu <font color='#ED7745'>likes</font> to sing <br>শান্তনু গান করতে ভালোবাসে । <br> <br>Barun was <font color='#ED7745'>liked</font> by all. <br>বরুণ ছিল সবার পছন্দের । <br> <br>Like&nbsp;&nbsp;&nbsp;&nbsp;&nbsp;Liked&nbsp;&nbsp;&nbsp;&nbsp;&nbsp;Liked <br> <br>Translate: মি. জনসন ভালো খাবার পছন্দ করেন",
                        "description": ""
                      },
                      {
                        "image1": "help",
                        "name": "Bvb2-Lesson3 (6)",
                        "ltext1": "",
                        "rtext1": "<br> <br>&nbsp;&nbsp;&nbsp;&nbsp;&nbsp;<font color='#ED7745'>Help</font> <br> <br> <br>&nbsp;&nbsp;&nbsp;&nbsp;&nbsp;সাহায্য করা",
                        "utext1": "",
                        "dtext1": "",
                        "text1": "The girl had cried, \"Please <font color='#ED7745'>help</font> me\". <br>মেয়েটি কেঁদে বলল, \"দয়া করে আমায় সাহায্য করো\" । <br> <br>She will <font color='#ED7745'>help</font> the baby to stand. <br>সে বাচ্চাটিকে দাঁড়াতে সাহায্য করবে । <br> <br>I was <font color='#ED7745'>helped</font> by Moinak. <br>আমি মৈনাকের দ্বারা সাহায্যপ্রাপ্ত হয়েছিলাম । <br> <br>Help&nbsp;&nbsp;&nbsp;&nbsp;&nbsp;Helped&nbsp;&nbsp;&nbsp;&nbsp;&nbsp;Helped <br> <br>Translate: ওকে তোমার সাহায্য করা উচিৎ",
                        "description": ""
                      },
                      {
                        "image1": "meet",
                        "name": "Bvb2-Lesson3 (7)",
                        "ltext1": "",
                        "rtext1": "<br> <br>&nbsp;&nbsp;&nbsp;&nbsp;&nbsp;<font color='#ED7745'>Meet</font> <br> <br> <br>&nbsp;&nbsp;&nbsp;&nbsp;&nbsp;দেখা হওয়া",
                        "utext1": "",
                        "dtext1": "",
                        "text1": "Two friends <font color='#ED7745'>met</font> after many years. <br>দুই বন্ধুর বহু বছর পর দেখা হলো । <br> <br>I think that we have <font color='#ED7745'>met</font> before. <br>আমার মনে হয় যে আমাদের আগে দেখা হয়েছে । <br> <br>Should I <font color='#ED7745'>meet</font> up with the boy ? <br>আমার কি ছেলেটির সঙ্গে দেখা করা ঠিক হবে ? <br> <br>Meet&nbsp;&nbsp;&nbsp;&nbsp;&nbsp;Met&nbsp;&nbsp;&nbsp;&nbsp;&nbsp;Met <br> <br>Translate: রাতে আমরা দেখা করে কথা বলব",
                        "description": ""
                      },
                      {
                        "image1": "set",
                        "name": "Bvb2-Lesson3 (8)",
                        "ltext1": "",
                        "rtext1": "<br> <br>&nbsp;&nbsp;&nbsp;&nbsp;&nbsp;<font color='#ED7745'>Set</font> <br> <br> <br>&nbsp;&nbsp;&nbsp;&nbsp;&nbsp;বসানো, ঠিক করা",
                        "utext1": "",
                        "dtext1": "",
                        "text1": "<font color='#ED7745'>Set</font> the picture on the wall. <br>ছবিটা দেওয়ালে টাঙাও । <br> <br>\"<font color='#ED7745'>Set</font> the birds free\", cried the child. <br>বাচ্চাটি কেঁদে বলল, \"পাখিদের ছেড়ে দাও\" । <br> <br>He <font color='#ED7745'>had</font> set out the journey. <br>সে যাত্রা শুরু করলো । <br> <br>Set&nbsp;&nbsp;&nbsp;&nbsp;&nbsp;Set&nbsp;&nbsp;&nbsp;&nbsp;&nbsp;Set <br> <br>Translate: যদি তুমি চাও, আমি তোমার চুল সেট করে দিচ্ছি",
                        "description": ""
                      },
                      {
                        "image1": "start",
                        "name": "Bvb2-Lesson3 (9)",
                        "ltext1": "",
                        "rtext1": "<br> <br>&nbsp;&nbsp;&nbsp;&nbsp;&nbsp;<font color='#ED7745'>Start</font> <br> <br> <br>&nbsp;&nbsp;&nbsp;&nbsp;&nbsp;শুরু করা",
                        "utext1": "",
                        "dtext1": "",
                        "text1": "Manasi has <font color='#ED7745'>started</font> reading the book.<br>মানসী বইটা পড়া শুরু করেছে । <br> <br>Learn to <font color='#ED7745'>start</font> the day well. <br>দিনটা ভালো করে শুরু করতে শেখো । <br> <br>He <font color='#ED7745'>started</font> a new business. <br>সে একটা নতুন ব্যবসা শুরু করলো । <br> <br>Start&nbsp;&nbsp;&nbsp;&nbsp;&nbsp;Started&nbsp;&nbsp;&nbsp;&nbsp;&nbsp;Started <br> <br>Translate: কেন তুমি খেতে শুরু করছো না ?",
                        "description": ""
                      },
                      {
                        "image1": "end",
                        "name": "Bvb2-Lesson3 (10)",
                        "ltext1": "",
                        "rtext1": "<br> <br>&nbsp;&nbsp;&nbsp;&nbsp;&nbsp;<font color='#ED7745'>End</font> <br> <br> <br>&nbsp;&nbsp;&nbsp;&nbsp;&nbsp;শেষ করা",
                        "utext1": "",
                        "dtext1": "",
                        "text1": "Let us <font color='#ED7745'>end</font> our fight. <br>চলো আমাদের লড়াই বন্ধ করি । <br> <br>He had <font color='#ED7745'>ended</font> the race as first. <br>সে প্রথম হয়ে দৌড় শেষ করলো । <br> <br>All stories will come to an <font color='#ED7745'>end</font> sometime. <br>সব গল্পই একসময় শেষ হবে । <br> <br>End&nbsp;&nbsp;&nbsp;&nbsp;&nbsp;Ended&nbsp;&nbsp;&nbsp;&nbsp;&nbsp;Ended <br> <br>Translate: শেষ ভাল হলে সব ভাল",
                        "description": ""
                      }
]