[
                      {
                        "image1": "catch",
                        "name": "Bvb2-Lesson2 (1)",
                        "ltext1": "",
                        "rtext1": "<br> <br>&nbsp;&nbsp;&nbsp;&nbsp;&nbsp;<font color='#ED7745'>Catch</font> <br> <br> <br>&nbsp;&nbsp;&nbsp;&nbsp;&nbsp;ধরা",
                        "utext1": "",
                        "dtext1": "",
                        "text1": "The girl <font color='#ED7745'>caught</font> the ball which her brother threw in. <br>মেয়েটি বলটি ধরে নিল যেটা তার ভাই ছুঁড়লো । <br> <br>Lata is <font color='#ED7745'>catching</font> fish. <br>লতা মাছ ধরছে । <br> <br>The baby has <font color='#ED7745'>caught</font> cold. <br>বাচ্চাটির ঠান্ডা লেগেছে । <br> <br>Catch&nbsp;&nbsp;&nbsp;&nbsp;&nbsp;Caught&nbsp;&nbsp;&nbsp;&nbsp;&nbsp;Caught <br> <br>Translate: শচীন ভালো ক্যাচ ধরতে চায়",
                        "description": ""
                      },
                      {
                        "image1": "kick",
                        "name": "Bvb2-Lesson2 (2)",
                        "ltext1": "",
                        "rtext1": "<br> <br>&nbsp;&nbsp;&nbsp;&nbsp;&nbsp;<font color='#ED7745'>Kick</font> <br> <br> <br>&nbsp;&nbsp;&nbsp;&nbsp;&nbsp;লাথি মারা",
                        "utext1": "",
                        "dtext1": "",
                        "text1": "Bapi <font color='#ED7745'>kicked</font> a ball. <br>বাপি একটা বলে লাথি মারলো । <br> <br>Shaibal has jumped to <font color='#ED7745'>kick</font> the football. <br>শৈবাল লাফিয়ে ফুটবলে শট মেরেছে । <br> <br>The referee <font color='#ED7745'>kicked</font> off the match. <br>রেফারি খেলা শুরু করলেন । <br> <br>Kick&nbsp;&nbsp;&nbsp;&nbsp;&nbsp;Kicked&nbsp;&nbsp;&nbsp;&nbsp;&nbsp;Kicked <br> <br>Translate: মানুষকে লাথি মারা কি উচিৎ ?",
                        "description": ""
                      },
                      {
                        "image1": "hit",
                        "name": "Bvb2-Lesson2 (3)",
                        "ltext1": "",
                        "rtext1": "<br> <br>&nbsp;&nbsp;&nbsp;&nbsp;&nbsp;<font color='#ED7745'>Hit</font> <br> <br> <br>&nbsp;&nbsp;&nbsp;&nbsp;&nbsp;আঘাত করা",
                        "utext1": "",
                        "dtext1": "",
                        "text1": "Two cars <font color='#ED7745'>hit</font> each other. <br>দুটো গাড়ি ধাক্কা মারলো । <br> <br>Dhoni <font color='#ED7745'>hits</font> the ball hard. <br>ধোনি সজোরে বল মারে । <br> <br>I was <font color='#ED7745'>hit</font> by the storm. <br>আমি ঝড়ে আহত হলাম । <br> <br>Hit&nbsp;&nbsp;&nbsp;&nbsp;&nbsp;Hit&nbsp;&nbsp;&nbsp;&nbsp;&nbsp;Hit <br> <br>Translate: শচীনের কি চমৎকার মার !",
                        "description": ""
                      },
                      {
                        "image1": "cut",
                        "name": "Bvb2-Lesson2 (4)",
                        "ltext1": "",
                        "rtext1": "<br> <br>&nbsp;&nbsp;&nbsp;&nbsp;&nbsp;<font color='#ED7745'>Cut</font> <br> <br> <br>&nbsp;&nbsp;&nbsp;&nbsp;&nbsp;কাটা",
                        "utext1": "",
                        "dtext1": "",
                        "text1": "This scissors <font color='#ED7745'>cut</font> well. <br>এই কাঁচিতে কাটে ভালো । <br> <br>Shanti is <font color='#ED7745'>cutting</font> paper with knife. <br>শান্তি ছুরি দিয়ে কাগজ কাটছে । <br> <br><font color='#ED7745'>Cut</font> off bad friends. <br>খারাপ বন্ধুদের সঙ্গ ছাড়ো । <br> <br>Cut&nbsp;&nbsp;&nbsp;&nbsp;&nbsp;Cut&nbsp;&nbsp;&nbsp;&nbsp;&nbsp;Cut <br> <br>Translate: হেমা জিজ্ঞেস করল, \"কাগজ কাটছো কেন\" ?",
                        "description": ""
                      },
                      {
                        "image1": "fight",
                        "name": "Bvb2-Lesson2 (5)",
                        "ltext1": "",
                        "rtext1": "<br> <br>&nbsp;&nbsp;&nbsp;&nbsp;&nbsp;<font color='#ED7745'>Fight</font> <br> <br> <br>&nbsp;&nbsp;&nbsp;&nbsp;&nbsp;লড়াই করা",
                        "utext1": "",
                        "dtext1": "",
                        "text1": "Soldiers <font color='#ED7745'>fight</font> for our country. <br>সৈনিকরা আমাদের দেশের জন্য লড়ে । <br> <br>Two men <font color='#ED7745'>fought</font> with each other. <br>দুটো লোক লড়াই করেছিল । <br> <br>Stand straight and <font color='#ED7745'>fight</font> back. <br>সোজা হয়ে দাঁড়াও আর পাল্টা লড়ো । <br> <br>Fight&nbsp;&nbsp;&nbsp;&nbsp;&nbsp;Fought&nbsp;&nbsp;&nbsp;&nbsp;&nbsp;Fought <br> <br>Translate: তোমরা লড়াই করেছো, কিন্তু কেন ?",
                        "description": ""
                      },
                      {
                        "image1": "fly",
                        "name": "Bvb2-Lesson2 (6)",
                        "ltext1": "",
                        "rtext1": "<br> <br>&nbsp;&nbsp;&nbsp;&nbsp;&nbsp;<font color='#ED7745'>Fly</font> <br> <br> <br>&nbsp;&nbsp;&nbsp;&nbsp;&nbsp;ওড়া",
                        "utext1": "",
                        "dtext1": "",
                        "text1": "Jewel <font color='#ED7745'>flies</font> kites. <br>জুয়েল ঘুড়ি ওড়ায় । <br> <br>The students <font color='#ED7745'>flew</font> to Delhi. <br>ছাত্ররা দিল্লী উড়ে গেলো । <br> <br>The birds have <font color='#ED7745'>flown</font> down the hall. <br>পাখিগুলো হলে উড়ে এসেছে । <br> <br>Fly&nbsp;&nbsp;&nbsp;&nbsp;&nbsp;Flew&nbsp;&nbsp;&nbsp;&nbsp;&nbsp;Flown <br> <br>Translate: আমি যদি উড়তে পারতাম !",
                        "description": ""
                      },
                      {
                        "image1": "open",
                        "name": "Bvb2-Lesson2 (7)",
                        "ltext1": "",
                        "rtext1": "<br> <br>&nbsp;&nbsp;&nbsp;&nbsp;&nbsp;<font color='#ED7745'>Open</font> <br> <br> <br>&nbsp;&nbsp;&nbsp;&nbsp;&nbsp;খোলা",
                        "utext1": "",
                        "dtext1": "",
                        "text1": "Can you please <font color='#ED7745'>open</font> the door ? <br>দয়া করে দরজাটা খুলে দিতে পারো ? <br> <br>A good teacher <font color='#ED7745'>opens</font> up your mind. <br>একজন ভালো শিক্ষক তোমার মন উন্মুক্ত করেন । <br> <br>The job is still <font color='#ED7745'>open</font>. <br>চাকরিটি এখনো খোলা আছে । <br> <br>Open&nbsp;&nbsp;&nbsp;&nbsp;&nbsp;Opened&nbsp;&nbsp;&nbsp;&nbsp;&nbsp;Opened <br> <br>Translate: ছুটে গিয়ে দরজাটা খোলো",
                        "description": ""
                      },
                      {
                        "image1": "close",
                        "name": "Bvb2-Lesson2 (8)",
                        "ltext1": "",
                        "rtext1": "<br> <br>&nbsp;&nbsp;&nbsp;&nbsp;&nbsp;<font color='#ED7745'>Close</font> <br> <br> <br>&nbsp;&nbsp;&nbsp;&nbsp;&nbsp;বন্ধ করা",
                        "utext1": "",
                        "dtext1": "",
                        "text1": "He is <font color='#ED7745'>closing</font> the door. <br>সে দরজা বন্ধ করছে । <br> <br>The door is <font color='#ED7745'>closed</font>. <br>দরজাটা বন্ধ আছে । <br> <br>The company <font color='#ED7745'>closed</font> down the shop. <br>কোম্পানী দোকানটা বন্ধ করে দিলো । <br> <br>Close&nbsp;&nbsp;&nbsp;&nbsp;&nbsp;Closed&nbsp;&nbsp;&nbsp;&nbsp;&nbsp;Closed <br> <br>Translate: তুমি তোমার কান বন্ধ করতে পারো কি ?",
                        "description": ""
                      },
                      {
                        "image1": "pull",
                        "name": "Bvb2-Lesson2 (9)",
                        "ltext1": "",
                        "rtext1": "<br> <br>&nbsp;&nbsp;&nbsp;&nbsp;&nbsp;<font color='#ED7745'>Pull</font> <br> <br> <br>&nbsp;&nbsp;&nbsp;&nbsp;&nbsp;টানা",
                        "utext1": "",
                        "dtext1": "",
                        "text1": "Mijanur is <font color='#ED7745'>pulling</font> the rope. <br>মিজানুর দড়িটা টানছে । <br> <br>The dentist had <font color='#ED7745'>pulled</font> the tooth. <br>দাঁতের ডাক্তার দাঁতটি তুললেন । <br> <br>I only can <font color='#ED7745'>pull</font> you out from this position. <br>আমিই একমাত্র তোমায় এই অবস্থা থেকে বার করতে পারি । <br> <br>Pull&nbsp;&nbsp;&nbsp;&nbsp;&nbsp;Pulled&nbsp;&nbsp;&nbsp;&nbsp;&nbsp;Pulled <br> <br>Translate: টেনো না, পড়ে যাব",
                        "description": ""
                      },
                      {
                        "image1": "push",
                        "name": "Bvb2-Lesson2 (10)",
                        "ltext1": "",
                        "rtext1": "<br> <br>&nbsp;&nbsp;&nbsp;&nbsp;&nbsp;<font color='#ED7745'>Push</font> <br> <br> <br>&nbsp;&nbsp;&nbsp;&nbsp;&nbsp;ঠেলা",
                        "utext1": "",
                        "dtext1": "",
                        "text1": "Tapanbabu is <font color='#ED7745'>pushing</font> the car. <br>তপনবাবু গাড়িটা ঠেলছেন । <br> <br>The team had <font color='#ED7745'>pushed</font> forward. <br>দলটি এগিয়ে গেলো । <br> <br>It was dark, but we <font color='#ED7745'>pushed</font> on. <br>অন্ধকার ছিল, কিন্তু আমরা এগিয়ে গেলাম । <br> <br>Push&nbsp;&nbsp;&nbsp;&nbsp;&nbsp;Pushed&nbsp;&nbsp;&nbsp;&nbsp;&nbsp;Pushed <br> <br>Translate: সে আমায় মেরেছে, আমায় ঠেলেছে",
                        "description": ""
                      }
]