[
                      {
                        "image1": "understand",
                        "name": "Bvb3-Lesson3 (1)",
                        "ltext1": "",
                        "rtext1": "<br> <br>&nbsp;&nbsp;&nbsp;&nbsp;&nbsp;<font color='#ED7745'>Understand</font> <br> <br> <br>&nbsp;&nbsp;&nbsp;&nbsp;&nbsp;বোঝা",
                        "utext1": "",
                        "dtext1": "",
                        "text1": "I must <font color='#ED7745'>understand</font> you. <br>আমায় তোমাকে বুঝতেই হবে । <br> <br>I <font color='#ED7745'>understood</font> that he loves me. <br>আমি বুঝেছিলাম, সে আমায় ভালবাসে । <br> <br>I could not <font color='#ED7745'>understand</font> you, now I can. <br>তোমায় বুঝতে পারতাম না, এখন পারি । <br> <br>Understand&nbsp;&nbsp;&nbsp;&nbsp;&nbsp;Understood&nbsp;&nbsp;&nbsp;&nbsp;&nbsp;Understood <br> <br>Translate: যদি বুঝতে পারো বিষয়টা খুব সোজা",
                        "description": ""
                      },
                      {
                        "image1": "feel",
                        "name": "Bvb3-Lesson3 (2)",
                        "ltext1": "",
                        "rtext1": "<br> <br>&nbsp;&nbsp;&nbsp;&nbsp;&nbsp;<font color='#ED7745'>Feel</font> <br> <br> <br>&nbsp;&nbsp;&nbsp;&nbsp;&nbsp;অনুভব করা",
                        "utext1": "",
                        "dtext1": "",
                        "text1": "Tell me what you are <font color='#ED7745'>feeling</font>. <br>তোমার অনুভব আমায় বল । <br> <br>Dipak <font color='#ED7745'>feels</font> for his friends. <br>দীপক তার বন্ধুদের জন্য ভাবে । <br> <br>I <font color='#ED7745'>felt</font> that God was with me. <br>অনুভব করলাম, ঈশ্বর আমার সঙ্গে আছেন । <br> <br>Feel&nbsp;&nbsp;&nbsp;&nbsp;&nbsp;Felt&nbsp;&nbsp;&nbsp;&nbsp;&nbsp;Felt <br> <br>Translate: গরীবদের কষ্ট তুমি বুঝতে পারো ?",
                        "description": ""
                      },
                      {
                        "image1": "become",
                        "name": "Bvb3-Lesson3 (3)",
                        "ltext1": "",
                        "rtext1": "<br> <br>&nbsp;&nbsp;&nbsp;&nbsp;&nbsp;<font color='#ED7745'>Become</font> <br> <br> <br>&nbsp;&nbsp;&nbsp;&nbsp;&nbsp;হওয়া",
                        "utext1": "",
                        "dtext1": "",
                        "text1": "They have <font color='#ED7745'>become</font> friends. <br>তারা বন্ধু হয়েছে । <br> <br>I wish to <font color='#ED7745'>become</font> a doctor. <br>আমি ডাক্তার হতে ইচ্ছে করি । <br> <br>I heard that he <font color='#ED7745'>became</font> a teacher. <br>আমি শুনেছিলাম, সে শিক্ষক হয়েছে । <br> <br>Become&nbsp;&nbsp;&nbsp;&nbsp;&nbsp;Became&nbsp;&nbsp;&nbsp;&nbsp;&nbsp;Become <br> <br>Translate: জয়ন্ত এখন বড় নেতা হয়ে গেছে",
                        "description": ""
                      },
                      {
                        "image1": "try",
                        "name": "Bvb3-Lesson3 (4)",
                        "ltext1": "",
                        "rtext1": "<br> <br>&nbsp;&nbsp;&nbsp;&nbsp;&nbsp;<font color='#ED7745'>Try</font> <br> <br> <br>&nbsp;&nbsp;&nbsp;&nbsp;&nbsp;চেষ্টা করা",
                        "utext1": "", 
                        "dtext1": "",
                        "text1": "Why shall I not <font color='#ED7745'>try</font> ? <br>কেন আমি চেষ্টা করব না ? <br> <br>The child <font color='#ED7745'>tried</font> to speak. <br>বাচ্চাটি কথা বলতে চেষ্টা করেছিল । <br> <br>He told me, \"<font color='#ED7745'>Try</font>, <font color='#ED7745'>try</font>, <font color='#ED7745'>try</font> again\". <br>সে আমায় বলল, \"চেষ্টা কর, চেষ্টা কর, আবার চেষ্টা কর\" । <br> <br>Try&nbsp;&nbsp;&nbsp;&nbsp;&nbsp;Tried&nbsp;&nbsp;&nbsp;&nbsp;&nbsp;Tried <br> <br>Translate: তুমি কি চেষ্টা করতে চাও না ?",
                        "description": ""
                      },
                      {
                        "image1": "search",
                        "name": "Bvb3-Lesson3 (5)",
                        "ltext1": "",
                        "rtext1": "<br> <br>&nbsp;&nbsp;&nbsp;&nbsp;&nbsp;<font color='#ED7745'>Search</font> <br> <br> <br>&nbsp;&nbsp;&nbsp;&nbsp;&nbsp;খোঁজা",
                        "utext1": "",
                        "dtext1": "",
                        "text1": "The police <font color='#ED7745'>searches</font> houses. <br>পুলিশ বাড়ি তল্লাশ করে । <br> <br>Sankar was <font color='#ED7745'>searching</font> for gold in Africa. <br>শঙ্কর আফ্রিকায় সোনা খুঁজছিল । <br> <br>Rahim looks, but does he <font color='#ED7745'>search</font> ? <br>রহিম তাকায়, কিন্তু খোঁজে কি ? <br> <br>Search&nbsp;&nbsp;&nbsp;&nbsp;&nbsp;Searched&nbsp;&nbsp;&nbsp;&nbsp;&nbsp;Searched <br> <br>Translate: শিক্ষক শুধুই ভালো খোঁজেন",
                        "description": ""
                      },
                      {
                        "image1": "find",
                        "name": "Bvb3-Lesson3 (6)",
                        "ltext1": "",
                        "rtext1": "<br> <br>&nbsp;&nbsp;&nbsp;&nbsp;&nbsp;<font color='#ED7745'>Find</font> <br> <br> <br>&nbsp;&nbsp;&nbsp;&nbsp;&nbsp;খুঁজে পাওয়া",
                        "utext1": "",
                        "dtext1": "",
                        "text1": "I must try to <font color='#ED7745'>find</font> God. <br>আমায় ঈশ্বরকে পেতে চেষ্টা করতেই হবে । <br> <br>I <font color='#ED7745'>found</font> the key. <br>আমি চাবিটা খুঁজে পেলাম । <br> <br>I searched, but did not <font color='#ED7745'>find</font>. <br>আমি খুঁজলাম, কিন্তু পেলাম না । <br> <br>Find&nbsp;&nbsp;&nbsp;&nbsp;&nbsp;Found&nbsp;&nbsp;&nbsp;&nbsp;&nbsp;Found <br> <br>Translate: যদি পেতে চাও তোমায় খুঁজতে হবে",
                        "description": ""
                      },
                      {
                        "image1": "bring",
                        "name": "Bvb3-Lesson3 (7)",
                        "ltext1": "",
                        "rtext1": "<br> <br>&nbsp;&nbsp;&nbsp;&nbsp;&nbsp;<font color='#ED7745'>Bring</font> <br> <br> <br>&nbsp;&nbsp;&nbsp;&nbsp;&nbsp;এনে দেওয়া",
                        "utext1": "",
                        "dtext1": "",
                        "text1": "Can you please <font color='#ED7745'>bring</font> me the book ? <br>অনুগ্রহ করে বইটা আমায় এনে দেবে ? <br> <br>I was <font color='#ED7745'>brought</font> to the king. <br>আমায় রাজার কাছে আনা হল । <br> <br>My mother <font color='#ED7745'>brought</font> me up. <br>আমার মা আমায় বড় করে তুলেছিলেন । <br> <br>Bring&nbsp;&nbsp;&nbsp;&nbsp;&nbsp;Brought&nbsp;&nbsp;&nbsp;&nbsp;&nbsp;Brought <br> <br>Translate: তোমার ছাতাটা এনে দেওয়া উচিৎ",
                        "description": ""
                      },
                      {
                        "image1": "pick",
                        "name": "Bvb3-Lesson3 (8)",
                        "ltext1": "",
                        "rtext1": "<br> <br>&nbsp;&nbsp;&nbsp;&nbsp;&nbsp;<font color='#ED7745'>Pick</font> <br> <br> <br>&nbsp;&nbsp;&nbsp;&nbsp;&nbsp;তুলে নেওয়া",
                        "utext1": "",
                        "dtext1": "",
                        "text1": "I have fallen, please <font color='#ED7745'>pick</font> me up. <br>আমি পড়ে গেছি, আমায় দয়া করে তোল । <br> <br>Have you <font color='#ED7745'>picked</font> morning flowers ? <br>তুমি সকালের ফুল তুলেছো ? <br> <br>If you wanted, I could <font color='#ED7745'>pick</font> you up in car. <br>তুমি চাইলে তোমায় গাড়িতে তুলে নিতাম ।<br> <br>Pick&nbsp;&nbsp;&nbsp;&nbsp;&nbsp;Picked&nbsp;&nbsp;&nbsp;&nbsp;&nbsp;Picked <br> <br>Translate: বাচ্চাটাকে তার মা তুলে নিয়ে গেল",
                        "description": ""
                      },
                      {
                        "image1": "drop",
                        "name": "Bvb3-Lesson3 (9)",
                        "ltext1": "",
                        "rtext1": "<br> <br>&nbsp;&nbsp;&nbsp;&nbsp;&nbsp;<font color='#ED7745'>Drop</font> <br> <br> <br>&nbsp;&nbsp;&nbsp;&nbsp;&nbsp;ফেলে দেওয়া, নামিয়ে দেওয়া",
                        "utext1": "",
                        "dtext1": "",
                        "text1": "You should not <font color='#ED7745'>drop</font> the glass. <br>তোমার গেলাসটা ফেলা উচিত নয় । <br> <br>The catch was <font color='#ED7745'>dropped</font>. <br>ক্যাচটা পড়ে গেল । <br> <br>I shall <font color='#ED7745'>drop</font> you off at Canning. <br>আমি তোমায় ক্যানিং-এ নামিয়ে দেব । <br> <br>Drop&nbsp;&nbsp;&nbsp;&nbsp;&nbsp;Dropped&nbsp;&nbsp;&nbsp;&nbsp;&nbsp;Dropped <br> <br>Translate: শিশিরকে দল থেকে বাদ দেওয়া হয়েছে",
                        "description": ""
                      },
                      {
                        "image1": "share",
                        "name": "Bvb3-Lesson3 (10)",
                        "ltext1": "",
                        "rtext1": "<br> <br>&nbsp;&nbsp;&nbsp;&nbsp;&nbsp;<font color='#ED7745'>Share</font> <br> <br> <br>&nbsp;&nbsp;&nbsp;&nbsp;&nbsp;ভাগ করে নেওয়া",
                        "utext1": "",
                        "dtext1": "",
                        "text1": "Come, let us <font color='#ED7745'>share</font> the egg. <br>এসো, ডিমটা ভাগ করে নিই । <br> <br>Why will you not <font color='#ED7745'>share</font> equally ? <br>কেন সমান ভাগে ভাগ করবে না ? <br> <br><font color='#ED7745'>Sharing</font> makes you happy. <br>ভাগ করে নেওয়া তোমায় খুশী করে । <br> <br>Share&nbsp;&nbsp;&nbsp;&nbsp;&nbsp;Shared&nbsp;&nbsp;&nbsp;&nbsp;&nbsp;Shared <br> <br>Translate: ঘুমোনো কি ভাগ করে নেওয়া যায় ?",
                        "description": ""
                      }
]