[
                      {
                        "image1": "cook",
                        "name": "Bvb3-Lesson2 (1)",
                        "ltext1": "",
                        "rtext1": "<br> <br>&nbsp;&nbsp;&nbsp;&nbsp;&nbsp;<font color='#ED7745'>Cook</font> <br> <br> <br>&nbsp;&nbsp;&nbsp;&nbsp;&nbsp;রান্না করা",
                        "utext1": "",
                        "dtext1": "",
                        "text1": "My mother <font color='#ED7745'>cooks</font> well. <br>আমার মা ভালো রান্না করে । <br> <br>She was <font color='#ED7745'>cooking</font> and I was helping. <br>সে রান্না করছিল ও আমি সাহায্য করছিলাম । <br> <br>The story was <font color='#ED7745'>cooked</font> up. <br>গল্পটা বানানো হয়েছিল । <br> <br>Cook&nbsp;&nbsp;&nbsp;&nbsp;&nbsp;Cooked&nbsp;&nbsp;&nbsp;&nbsp;&nbsp;Cooked <br> <br>Translate: তুমি কি রান্না করতে ভালোবাসো ?",
                        "description": ""
                      },
                      {
                        "image1": "drive",
                        "name": "Bvb3-Lesson2 (2)",
                        "ltext1": "",
                        "rtext1": "<br> <br>&nbsp;&nbsp;&nbsp;&nbsp;&nbsp;<font color='#ED7745'>Drive</font> <br> <br> <br>&nbsp;&nbsp;&nbsp;&nbsp;&nbsp;গাড়ি চালানো, চালানো",
                        "utext1": "",
                        "dtext1": "",
                        "text1": "Souvik likes to <font color='#ED7745'>drive</font>. <br>শৌভিক গাড়ি চালাতে ভালবাসে । <br> <br>I <font color='#ED7745'>drove</font> safely till Canning. <br>আমি ক্যানিং অবধি নিরাপদে চালিয়েছিলাম । <br> <br>He has <font color='#ED7745'>driven</font> me mad. <br>সে আমাকে পাগল করে দিয়েছে । <br> <br>Drive&nbsp;&nbsp;&nbsp;&nbsp;&nbsp;Drove&nbsp;&nbsp;&nbsp;&nbsp;&nbsp;Driven <br> <br>Translate: ভীড়ে গাড়ি চালানো সহজ নয়",
                        "description": ""
                      },
                      {
                        "image1": "paint",
                        "name": "Bvb3-Lesson2 (3)",
                        "ltext1": "",
                        "rtext1": "<br> <br>&nbsp;&nbsp;&nbsp;&nbsp;&nbsp;<font color='#ED7745'>Paint</font> <br> <br> <br>&nbsp;&nbsp;&nbsp;&nbsp;&nbsp;আঁকা, রঙ করা",
                        "utext1": "",
                        "dtext1": "",
                        "text1": "Hussain <font color='#ED7745'>paints</font> wonderfully. <br>হুসেন চমৎকার আঁকে । <br> <br>If you have drawn, why have you not <font color='#ED7745'>painted</font> ? <br>যদি এঁকেছো তো রঙ করোনি কেন ? <br> <br>The wall was <font color='#ED7745'>painted</font> in blue. <br>দেওয়ালটায় নীল রঙ করা হয়েছিল । <br> <br>Paint&nbsp;&nbsp;&nbsp;&nbsp;&nbsp;Painted&nbsp;&nbsp;&nbsp;&nbsp;&nbsp;Painted <br> <br>Translate: তিতলি তুলি দিয়ে ভালো আঁকে",
                        "description": ""
                      },
                      {
                        "image1": "dance",
                        "name": "Bvb3-Lesson2 (4)",
                        "ltext1": "",
                        "rtext1": "<br> <br>&nbsp;&nbsp;&nbsp;&nbsp;&nbsp;<font color='#ED7745'>Dance</font> <br> <br> <br>&nbsp;&nbsp;&nbsp;&nbsp;&nbsp;নাচ করা",
                        "utext1": "",
                        "dtext1": "",
                        "text1": "Learn to stand well before <font color='#ED7745'>dancing</font>. <br>নাচের আগে ঠিক করে দাঁড়াতে শেখো । <br> <br>I had <font color='#ED7745'>danced</font>, then fell down. <br>আমি নাচলাম, তারপর পড়ে গেলাম । <br> <br>Don't <font color='#ED7745'>dance</font> to the tune of a bad man. <br>খারাপ লোকের কথায় নেচো না । <br> <br>Dance&nbsp;&nbsp;&nbsp;&nbsp;&nbsp;Danced&nbsp;&nbsp;&nbsp;&nbsp;&nbsp;Danced <br> <br>Translate: তুমি নাচতে চাইছো না ?",
                        "description": ""
                      },
                      {
                        "image1": "taste",
                        "name": "Bvb3-Lesson2 (5)",
                        "ltext1": "",
                        "rtext1": "<br> <br>&nbsp;&nbsp;&nbsp;&nbsp;&nbsp;<font color='#ED7745'>Taste</font> <br> <br> <br>&nbsp;&nbsp;&nbsp;&nbsp;&nbsp;স্বাদ নেওয়া",
                        "utext1": "",
                        "dtext1": "",
                        "text1": "Roadside food <font color='#ED7745'>tastes</font> well. <br>nরাস্তার খাবার খেতে ভালো । <br> <br>He said that he never <font color='#ED7745'>tasted</font> fuchka. <br>সে বলল যে সে কখনো ফুচকা খেয়ে দেখেনি । <br> <br>The tiger has <font color='#ED7745'>tasted</font> blood of man. <br>বাঘটি মানুষের রক্তের স্বাদ পেয়েছে । <br> <br>Taste&nbsp;&nbsp;&nbsp;&nbsp;&nbsp;Tasted&nbsp;&nbsp;&nbsp;&nbsp;&nbsp;Tasted <br> <br>Translate: ভালো স্বাদ মানেই ভালো খাবার নয়",
                        "description": ""
                      },
                      {
                        "image1": "touch",
                        "name": "Bvb3-Lesson2 (6)",
                        "ltext1": "",
                        "rtext1": "<br> <br>&nbsp;&nbsp;&nbsp;&nbsp;&nbsp;<font color='#ED7745'>Touch</font> <br> <br> <br>&nbsp;&nbsp;&nbsp;&nbsp;&nbsp;ছোঁওয়া",
                        "utext1": "",
                        "dtext1": "",
                        "text1": "He was <font color='#ED7745'>touching</font> the feet of Guru. <br>সে গুরুর পা স্পর্শ করছিল । <br> <br>I am <font color='#ED7745'>touched</font> by your music. <br>তোমার গান আমায় ছুঁয়ে গিয়েছে । <br> <br>I have to <font color='#ED7745'>touch</font> up your paintwork. <br>তোমার রংকরাটা একটু ঠিক করে দিতে হবে । <br> <br>Touch&nbsp;&nbsp;&nbsp;&nbsp;&nbsp;Touched&nbsp;&nbsp;&nbsp;&nbsp;&nbsp;Touched <br> <br>Translate: ফুলটা জোরে ছুঁয়ো না",
                        "description": ""
                      },
                      {
                        "image1": "hold",
                        "name": "Bvb3-Lesson2 (7)",
                        "ltext1": "",
                        "rtext1": "<br> <br>&nbsp;&nbsp;&nbsp;&nbsp;&nbsp;<font color='#ED7745'>Hold</font> <br> <br> <br>&nbsp;&nbsp;&nbsp;&nbsp;&nbsp;ধরা",
                        "utext1": "",
                        "dtext1": "",
                        "text1": "Geeta had <font color='#ED7745'>held</font> it tightly. <br>গীতা শক্ত করে এটা ধরলো । <br> <br>May I <font color='#ED7745'>hold</font> your hand ? <br>আমি কি তোমার হাত ধরতে পারি ? <br> <br>Oh, if I could <font color='#ED7745'>hold</font> Deb's hand ! <br>ইশ, আমি যদি দেবের হাত ধরতে পারতাম ! <br> <br>Hold&nbsp;&nbsp;&nbsp;&nbsp;&nbsp;Held&nbsp;&nbsp;&nbsp;&nbsp;&nbsp;Held <br> <br>Translate: বৃদ্ধ বললেন,\"আমার হাত ধরো\"",
                        "description": ""
                      },
                      {
                        "image1": "wear",
                        "name": "Bvb3-Lesson2 (8)",
                        "ltext1": "",
                        "rtext1": "<br> <br>&nbsp;&nbsp;&nbsp;&nbsp;&nbsp;<font color='#ED7745'>Wear</font> <br> <br> <br>&nbsp;&nbsp;&nbsp;&nbsp;&nbsp;পরিধান করা",
                        "utext1": "",
                        "dtext1": "",
                        "text1": "Rich men <font color='#ED7745'>wear</font> fine dress. <br>ধনী লোকেরা শৌখিন পোষাক পরে । <br> <br>All of them <font color='#ED7745'>wore</font> hat. <br>তারা সবাই টুপি পরেছিল । <br> <br>If you have <font color='#ED7745'>worn</font> watch, tell me the time. <br>যদি ঘড়ি পরে থাকো তো সময়টা বলো । <br> <br>Wear&nbsp;&nbsp;&nbsp;&nbsp;&nbsp;Wore&nbsp;&nbsp;&nbsp;&nbsp;&nbsp;Worn <br> <br>Translate: এটা কী জামা পরেছো ?",
                        "description": ""
                      },
                      {
                        "image1": "watch",
                        "name": "Bvb3-Lesson2 (9)",
                        "ltext1": "",
                        "rtext1": "<br> <br>&nbsp;&nbsp;&nbsp;&nbsp;&nbsp;<font color='#ED7745'>Watch</font> <br> <br> <br>&nbsp;&nbsp;&nbsp;&nbsp;&nbsp;দেখা, লক্ষ্য করা",
                        "utext1": "",
                        "dtext1": "",
                        "text1": "Shree <font color='#ED7745'>watches</font> TV for three hours. <br>শ্রী তিনঘন্টা টিভি দেখে । <br> <br>I hope to <font color='#ED7745'>watch</font> the cinema. <br>আমি সিনেমাটা দেখব আশা করি । <br> <br>I <font color='#ED7745'>watched</font> that he wore a watch. <br>আমি লক্ষ্য করলাম যে সে একটা ঘড়ি পরেছিল । <br> <br>Watch&nbsp;&nbsp;&nbsp;&nbsp;&nbsp;Watched&nbsp;&nbsp;&nbsp;&nbsp;&nbsp;Watched <br> <br>Translate: ছেলেটাকে লক্ষ্য করো",
                        "description": ""
                      },
                      {
                        "image1": "teach",
                        "name": "Bvb3-Lesson2 (10)",
                        "ltext1": "",
                        "rtext1": "<br> <br>&nbsp;&nbsp;&nbsp;&nbsp;&nbsp;<font color='#ED7745'>Teach</font> <br> <br> <br>&nbsp;&nbsp;&nbsp;&nbsp;&nbsp;শেখানো",
                        "utext1": "",
                        "dtext1": "",
                        "text1": "Perhaps he will <font color='#ED7745'>teach</font> me English. <br>বোধহয় সে আমায় ইংরিজি শেখাবে । <br> <br>His brother <font color='#ED7745'>taught</font> me Mathematics. <br>তার ভাই আমায় অঙ্ক শিখিয়েছিল । <br> <br>The hero will <font color='#ED7745'>teach</font> a lesson to the villain. <br>নায়ক খলনায়ককে বেশ শিক্ষা দেবে । <br> <br>Teach&nbsp;&nbsp;&nbsp;&nbsp;&nbsp;Taught&nbsp;&nbsp;&nbsp;&nbsp;&nbsp;Taught <br> <br>Translate: তুমি শেখাতে চাও ?",
                        "description": ""
                      }
]