[
                      {
                        "image1": "listen",
                        "name": "Bvb3-Lesson1 (1)",
                        "ltext1": "",
                        "rtext1": "<br> <br>&nbsp;&nbsp;&nbsp;&nbsp;&nbsp;<font color='#ED7745'>Listen</font> <br> <br> <br>&nbsp;&nbsp;&nbsp;&nbsp;&nbsp;শোনা",
                        "utext1": "",
                        "dtext1": "",
                        "text1": "<font color='#ED7745'>Listen</font> to the song before you sing. <br>গান করার আগে গানটা শোন । <br> <br>You have not <font color='#ED7745'>listened</font> to a word that I have said. <br>আমি যা বলেছি তার একটা কথাও তুমি শোননি । <br> <br>I <font color='#ED7745'>listened</font> to your problems. <br>আমি তোমার সমস্যাগুলো শুনেছিলাম । <br> <br>Listen&nbsp;&nbsp;&nbsp;&nbsp;&nbsp;Listened&nbsp;&nbsp;&nbsp;&nbsp;&nbsp;Listened <br> <br>Translate: তুমি কি আমার কথা শুনবে ?",
                        "description": ""
                      },
                      {
                        "image1": "talk",
                        "name": "Bvb3-Lesson1 (2)",
                        "ltext1": "",
                        "rtext1": "<br> <br>&nbsp;&nbsp;&nbsp;&nbsp;&nbsp;<font color='#ED7745'>Talk</font> <br> <br> <br>&nbsp;&nbsp;&nbsp;&nbsp;&nbsp;কথা বলা",
                        "utext1": "",
                        "dtext1": "",
                        "text1": "<font color='#ED7745'>Talk</font> less, work more. <br>কথা কম বল, কাজ বেশী কর । <br> <br>What are you <font color='#ED7745'>talking</font> about ? <br>তোমরা কি নিয়ে কথা বলছো ? <br> <br>Sujit <font color='#ED7745'>talked</font> big, but does he know the subject ? <br>সুজিত বড় বড় কথা বলেছিল, কিন্তু সে কি বিষয়টা জানে ? <br> <br>Talk&nbsp;&nbsp;&nbsp;&nbsp;&nbsp;Talked&nbsp;&nbsp;&nbsp;&nbsp;&nbsp;Talked <br> <br>Translate: কেন আমার সঙ্গে কথা বলছো না ?",
                        "description": ""
                      },
                      {
                        "image1": "smile",
                        "name": "Bvb3-Lesson1 (3)",
                        "ltext1": "",
                        "rtext1": "<br> <br>&nbsp;&nbsp;&nbsp;&nbsp;&nbsp;<font color='#ED7745'>Smile</font> <br> <br> <br>&nbsp;&nbsp;&nbsp;&nbsp;&nbsp;মৃদু হাসা",
                        "utext1": "",
                        "dtext1": "",
                        "text1": "Keep <font color='#ED7745'>smiling</font>. <br>হেসে যাও । <br> <br>Koushik <font color='#ED7745'>smiled</font> when he said that. <br>সে সেটা বলার সময় কৌশিক মৃদু হেসেছিল । <br> <br>Your joke makes me <font color='#ED7745'>smile</font>. <br>তোমার রসিকতা আমায় হাসায় । <br> <br>Smile&nbsp;&nbsp;&nbsp;&nbsp;&nbsp;Smiled&nbsp;&nbsp;&nbsp;&nbsp;&nbsp;Smiled <br> <br>Translate: সে কি আমায় দেখে হাসলো ?",
                        "description": ""
                      },
                      {
                        "image1": "smell",
                        "name": "Bvb3-Lesson1 (4)",
                        "ltext1": "",
                        "rtext1": "<br> <br>&nbsp;&nbsp;&nbsp;&nbsp;&nbsp;<font color='#ED7745'>Smell</font> <br> <br> <br>&nbsp;&nbsp;&nbsp;&nbsp;&nbsp;শোঁকা",
                        "utext1": "",
                        "dtext1": "",
                        "text1": "Dogs <font color='#ED7745'>smell</font> better than men. <br>কুকুরেরা মানুষের চেয়ে বেশী ভালো গন্ধ শোঁকে । <br> <br>Have you not <font color='#ED7745'>smelt</font> the cake ? <br>তুমি কেকের গন্ধ পাওনি ? <br> <br>Your cooking <font color='#ED7745'>smelled</font> this place up. <br>তোমার রান্না এই জায়গায় গন্ধ ছড়িয়েছে । <br> <br>Smell&nbsp;&nbsp;&nbsp;&nbsp;&nbsp;Smelled&nbsp;&nbsp;&nbsp;&nbsp;&nbsp;Smelt <br> <br>Translate: ফুলের গন্ধ তোমার কেমন লাগে ?",
                        "description": ""
                      },
                      {
                        "image1": "breathe",
                        "name": "Bvb3-Lesson1 (5)",
                        "ltext1": "",
                        "rtext1": "<br> <br>&nbsp;&nbsp;&nbsp;&nbsp;&nbsp;<font color='#ED7745'>Breathe</font> <br> <br> <br>&nbsp;&nbsp;&nbsp;&nbsp;&nbsp;শ্বাস নেওয়া",
                        "utext1": "",
                        "dtext1": "",
                        "text1": "We live because we <font color='#ED7745'>breathe</font>. <br>আমরা বাঁচি, কারণ আমরা শ্বাস নিই । <br> <br>I <font color='#ED7745'>breathed</font> deeply as I was running fast. <br>আমি জোরে ছুটছিলাম বলে জোরে জোরে শ্বাস নিয়েছিলাম । <br> <br>Has Netaji really <font color='#ED7745'>breathed</font> his last ? <br>নেতাজি কি সত্যিই মারা গিয়েছেন ? <br> <br>Breathe&nbsp;&nbsp;&nbsp;&nbsp;&nbsp;Breathed&nbsp;&nbsp;&nbsp;&nbsp;&nbsp;Breathed <br> <br>Translate: শ্বাসপ্রশ্বাসের অনুশীলন জেনে করবে",
                        "description": ""
                      },
                      {
                        "image1": "chew",
                        "name": "Bvb3-Lesson1 (6)",
                        "ltext1": "",
                        "rtext1": "<br> <br>&nbsp;&nbsp;&nbsp;&nbsp;&nbsp;<font color='#ED7745'>Chew</font> <br> <br> <br>&nbsp;&nbsp;&nbsp;&nbsp;&nbsp;চিবোনো",
                        "utext1": "",
                        "dtext1": "",
                        "text1": "<font color='#ED7745'>Chew</font> well to eat well. <br>ভালো করে খেতে ভালো করে চিবোও । <br> <br>Have you ever <font color='#ED7745'>chewed</font> water ? <br>তুমি কি কখনো জল চিবিয়েছো ? <br> <br>The dog <font color='#ED7745'>chewed</font> away a ball all night.<br>কুকুরটা সারা রাত্তির বলটা চিবোলো । <br> <br>Chew&nbsp;&nbsp;&nbsp;&nbsp;&nbsp;Chewed&nbsp;&nbsp;&nbsp;&nbsp;&nbsp;Chewed <br> <br>Translate: বাদাম চিবোতে পারো ?",
                        "description": ""
                      },
                      {
                        "image1": "wash",
                        "name": "Bvb3-Lesson1 (7)",
                        "ltext1": "",
                        "rtext1": "<br> <br>&nbsp;&nbsp;&nbsp;&nbsp;&nbsp;<font color='#ED7745'>Wash</font> <br> <br> <br>&nbsp;&nbsp;&nbsp;&nbsp;&nbsp;ধোওয়া, ভাসানো",
                        "utext1": "",
                        "dtext1": "",
                        "text1": "<font color='#ED7745'>Wash</font> your hands before you eat. <br>খাবার আগে হাত ধোও । <br> <br>The flood <font color='#ED7745'>washed</font> the boat away. <br>বন্যা নৌকোটি ভাসিয়ে নিয়ে গিয়েছিল । <br> <br>He <font color='#ED7745'>washed</font> off the dog with a pipe. <br>সে একটা পাইপ দিয়ে কুকুরটিকে পরিষ্কার করল । <br> <br>Wash&nbsp;&nbsp;&nbsp;&nbsp;&nbsp;Washed&nbsp;&nbsp;&nbsp;&nbsp;&nbsp;Washed <br> <br>Translate: নিজের জামাকাপড় নিজে কাচা  ভালো",
                        "description": ""
                      },
                      {
                        "image1": "bathe",
                        "name": "Bvb3-Lesson1 (8)",
                        "ltext1": "",
                        "rtext1": "<br> <br>&nbsp;&nbsp;&nbsp;&nbsp;&nbsp;<font color='#ED7745'>Bathe</font> <br> <br> <br>&nbsp;&nbsp;&nbsp;&nbsp;&nbsp;স্নান করা",
                        "utext1": "",
                        "dtext1": "",
                        "text1": "I <font color='#ED7745'>bathe</font> at eleven o'clock. <br>আমি এগারোটায় স্নান করি । <br> <br>He keeps <font color='#ED7745'>bathing</font> for long. <br>সে অনেকক্ষণ ধরে স্নান করে । <br> <br>The girl was <font color='#ED7745'>bathed</font> by her mother. <br>মেয়েটির মা তাকে স্নান করালো । <br> <br>Bathe&nbsp;&nbsp;&nbsp;&nbsp;&nbsp;Bathed&nbsp;&nbsp;&nbsp;&nbsp;&nbsp;Bathed <br> <br>Translate: তুমি কি রোজ স্নান করো ?",
                        "description": ""
                      },
                      {
                        "image1": "swim",
                        "name": "Bvb3-Lesson1 (9)",
                        "ltext1": "",
                        "rtext1": "<br> <br>&nbsp;&nbsp;&nbsp;&nbsp;&nbsp;<font color='#ED7745'>Swim</font> <br> <br> <br>&nbsp;&nbsp;&nbsp;&nbsp;&nbsp;সাঁতার কাটা",
                        "utext1": "",
                        "dtext1": "",
                        "text1": "Let us <font color='#ED7745'>swim</font> in the river. <br>চলো, নদীতে সাঁতার কাটি । <br> <br>Why have you <font color='#ED7745'>swam</font> in dirty water ? <br>নোংরা জলে সাঁতার কেটেছো কেন ? <br> <br>Swamiji <font color='#ED7745'>swam</font> against the tide. <br>স্বামিজী স্রোতের বিপক্ষে গিয়েছিলেন । <br> <br>Swim&nbsp;&nbsp;&nbsp;&nbsp;&nbsp;Swam&nbsp;&nbsp;&nbsp;&nbsp;&nbsp;Swam <br> <br>Translate: মাছ কি সাঁতার জানে না ?",
                        "description": ""
                      },
                      {
                        "image1": "clean",
                        "name": "Bvb3-Lesson1 (10)",
                        "ltext1": "",
                        "rtext1": "<br> <br>&nbsp;&nbsp;&nbsp;&nbsp;&nbsp;<font color='#ED7745'>Clean</font> <br> <br> <br>&nbsp;&nbsp;&nbsp;&nbsp;&nbsp;পরিষ্কার করা",
                        "utext1": "",
                        "dtext1": "",
                        "text1": "Take bath, wash body and <font color='#ED7745'>clean</font> everything. <br>স্নান কর, গা ধোও আর সব পরিষ্কার কর । <br> <br>He cried and his mind was <font color='#ED7745'>cleaned</font>. <br>সে কাঁদলো আর তার মন পরিষ্কার হল । <br> <br>I am <font color='#ED7745'>cleaned</font> out ! <br>আমার আর একটাও পয়সা নেই ! <br> <br>Clean&nbsp;&nbsp;&nbsp;&nbsp;&nbsp;Cleaned&nbsp;&nbsp;&nbsp;&nbsp;&nbsp;Cleaned <br> <br>Translate: বাড়ির সামনেটা পরিষ্কার রাখো তো ?",
                        "description": ""
                      }
]