[
                      {
                        "image1": "pass",
                        "name": "Bvb4-Lesson1 (1)",
                        "ltext1": "",
                        "rtext1": "<br> <br>&nbsp;&nbsp;&nbsp;&nbsp;&nbsp;<font color='#ED7745'>Pass</font> <br> <br> <br>&nbsp;&nbsp;&nbsp;&nbsp;&nbsp;পাশ করা",
                        "utext1": "",
                        "dtext1": "",
                        "text1": "Sujit has <font color='#ED7745'>passed</font> in examination. <br>সুজিত পরীক্ষায় পাশ করেছে । <br> <br>The teacher <font color='#ED7745'>passed</font> the student. <br>শিক্ষক ছাত্রটিকে পাশ করিয়ে দিলেন । <br> <br>You did not tell me that you had <font color='#ED7745'>passed</font>. <br>তুমি আমাকে জানাওনি যে তুমি পাশ করে গেছো । <br> <br>Pass&nbsp;&nbsp;&nbsp;&nbsp;&nbsp;Passed&nbsp;&nbsp;&nbsp;&nbsp;&nbsp;Passed <br> <br>Translate: এ পরীক্ষায় পাস করা সহজ",
                        "description": ""
                      },
                      {
                        "image1": "fail",
                        "name": "Bvb4-Lesson1 (2)",
                        "ltext1": "",
                        "rtext1": "<br> <br>&nbsp;&nbsp;&nbsp;&nbsp;&nbsp;<font color='#ED7745'>Fail</font> <br> <br> <br>&nbsp;&nbsp;&nbsp;&nbsp;&nbsp;অকৃতকার্য হওয়া",
                        "utext1": "",
                        "dtext1": "",
                        "text1": "I tried, but <font color='#ED7745'>failed</font>. <br>আমি চেষ্টা করেছিলাম, কিন্তু পারিনি । <br> <br>The car <font color='#ED7745'>failed</font> to start. <br>গাড়িটা চলতে ব্যর্থ হলো । <br> <br>The candidate has <font color='#ED7745'>failed</font> to pass the test. <br>প্রার্থীটি পরীক্ষায় পাশ করতে ব্যর্থ হয়েছে । <br> <br>Fail&nbsp;&nbsp;&nbsp;&nbsp;&nbsp;Failed&nbsp;&nbsp;&nbsp;&nbsp;&nbsp;Failed <br> <br>Translate: তুমি আর কতবার ফেল করবে ?",
                        "description": ""
                      },
                      {
                        "image1": "win",
                        "name": "Bvb4-Lesson1 (3)",
                        "ltext1": "",
                        "rtext1": "<br> <br>&nbsp;&nbsp;&nbsp;&nbsp;&nbsp;<font color='#ED7745'>Win</font> <br> <br> <br>&nbsp;&nbsp;&nbsp;&nbsp;&nbsp;জেতা",
                        "utext1": "",
                        "dtext1": "",
                        "text1": "Go and <font color='#ED7745'>win</font> the game <br>যাও আর খেলাটা জিতে এসো । <br> <br>Amit has <font color='#ED7745'>won</font> a lottery. <br>অমিত একটা লটারী জিতেছে । <br> <br>Sima had <font color='#ED7745'>won</font> her friends to her side.<br>সীমা তার বন্ধুদের নিজের দিকে জিতে নিলো । <br> <br>Win&nbsp;&nbsp;&nbsp;&nbsp;&nbsp;Won&nbsp;&nbsp;&nbsp;&nbsp;&nbsp;Won <br> <br>Translate: এবারে বিশ্বকাপ কে জিতবে ?",
                        "description": ""
                      },
                      {
                        "image1": "lose",
                        "name": "Bvb4-Lesson1 (4)",
                        "ltext1": "",
                        "rtext1": "<br> <br>&nbsp;&nbsp;&nbsp;&nbsp;&nbsp;<font color='#ED7745'>Lose</font> <br> <br> <br>&nbsp;&nbsp;&nbsp;&nbsp;&nbsp;খোয়ানো, হেরে যাওয়া",
                        "utext1": "",
                        "dtext1": "",
                        "text1": "<font color='#ED7745'>Lose</font> weight, danger ahead. <br>ওজন কমাও, সামনে বিপদ । <br> <br>The child was <font color='#ED7745'>lost</font>, but found by police. <br>বাচ্চাটি হারিয়ে গিয়েছিলো, কিন্তু পুলিশ খুঁজে পেলো । <br> <br>The speaker <font color='#ED7745'>lost</font> temper. <br>বক্তা মেজাজ হারালেন । <br> <br>Lose&nbsp;&nbsp;&nbsp;&nbsp;&nbsp;Lost&nbsp;&nbsp;&nbsp;&nbsp;&nbsp;Lost <br> <br>Translate: তুমি কী হারিয়েছো ?",
                        "description": ""
                      },
                      {
                        "image1": "buy",
                        "name": "Bvb4-Lesson1 (5)",
                        "ltext1": "",
                        "rtext1": "<br> <br>&nbsp;&nbsp;&nbsp;&nbsp;&nbsp;<font color='#ED7745'>Buy</font> <br> <br> <br>&nbsp;&nbsp;&nbsp;&nbsp;&nbsp;কেনা",
                        "utext1": "",
                        "dtext1": "",
                        "text1": "I couldn't <font color='#ED7745'>buy</font> this piano. <br>আমি এই পিয়ানোটা কিনতে পারিনি । <br> <br>He wanted to <font color='#ED7745'>buy</font> love with gift. <br>সে উপহার দিয়ে ভালোবাসা কিনতে চেয়েছিলো । <br> <br>This judge cannot be <font color='#ED7745'>bought</font>. <br>এই বিচারপতিকে কেনা যায় না । <br> <br>Buy&nbsp;&nbsp;&nbsp;&nbsp;&nbsp;Bought&nbsp;&nbsp;&nbsp;&nbsp;&nbsp;Bought <br> <br>Translate:আমার জন্যে চা কিনে আনো",
                        "description": ""
                      },
                      {
                        "image1": "sell",
                        "name": "Bvb4-Lesson1 (6)",
                        "ltext1": "",
                        "rtext1": "<br> <br>&nbsp;&nbsp;&nbsp;&nbsp;&nbsp;<font color='#ED7745'>Sell</font> <br> <br> <br>&nbsp;&nbsp;&nbsp;&nbsp;&nbsp;বেচা",
                        "utext1": "",
                        "dtext1": "",
                        "text1": "These books <font color='#ED7745'>sell</font> well in book fair. <br>বইমেলায় এই বইগুলোর ভালো বিক্রী । <br> <br>Grapes are <font color='#ED7745'>sold</font> high in this season. <br>এইসময় আঙ্গুর খুব বিক্রী হয় । <br> <br>Have you <font color='#ED7745'>sold</font> all your ornaments ? <br>তুমি কি তোমার সব গয়না বেচে দিয়েছো ?<br> <br>Sell&nbsp;&nbsp;&nbsp;&nbsp;&nbsp;Sold&nbsp;&nbsp;&nbsp;&nbsp;&nbsp;Sold <br> <br>Translate: যা লাগবে না তা বেচে দাও",
                        "description": ""
                      },
                      {
                        "image1": "add",
                        "name": "Bvb4-Lesson1 (7)",
                        "ltext1": "",
                        "rtext1": "<br> <br>&nbsp;&nbsp;&nbsp;&nbsp;&nbsp;<font color='#ED7745'>Add</font> <br> <br> <br>&nbsp;&nbsp;&nbsp;&nbsp;&nbsp;যোগ করা",
                        "utext1": "",
                        "dtext1": "",
                        "text1": "Let me see how you <font color='#ED7745'>add</font> 27 and 49 ! <br>২৭ আর ৪৯ যোগ করো দেখি ! <br> <br><font color='#ED7745'>Add</font> some extra plates to the table. <br>টেবিলে আরো কয়েকটা প্লেট দাও । <br> <br>Some flowers can be <font color='#ED7745'>added</font> here. <br>এখানে আরো কিছু ফুল দেওয়া যাবে । <br> <br>Add&nbsp;&nbsp;&nbsp;&nbsp;&nbsp;Added&nbsp;&nbsp;&nbsp;&nbsp;&nbsp;Added <br> <br>Translate: নুন আর তেল কি যোগ করা যায় ?",
                        "description": ""
                      },
                      {
                        "image1": "divide",
                        "name": "Bvb4-Lesson1 (8)",
                        "ltext1": "",
                        "rtext1": "<br> <br>&nbsp;&nbsp;&nbsp;&nbsp;&nbsp;<font color='#ED7745'>Divide</font> <br> <br> <br>&nbsp;&nbsp;&nbsp;&nbsp;&nbsp;ভাগ করা",
                        "utext1": "",
                        "dtext1": "",
                        "text1": "Can you <font color='#ED7745'>divide</font> 49 by 7 ? <br>তুমি কি ৪৯ কে ৭ দিয়ে ভাগ করতে পারবে ? <br> <br><font color='#ED7745'>Divide</font> the fruits among your friends. <br>ফলগুলো বন্ধুদের মধ্যে ভাগ করে দাও । <br> <br>The party <font color='#ED7745'>divided</font> on the issue. <br>দল এই বিষয়টা নিয়ে ভাগ হয়ে গেলো । <br> <br>Divide&nbsp;&nbsp;&nbsp;&nbsp;&nbsp;Divided&nbsp;&nbsp;&nbsp;&nbsp;&nbsp;Divided <br> <br>Translate: তোমার কেক কি তুমি ভাগ করবে ?",
                        "description": ""
                      },
                      {
                        "image1": "select",
                        "name": "Bvb4-Lesson1 (9)",
                        "ltext1": "",
                        "rtext1": "<br> <br>&nbsp;&nbsp;&nbsp;&nbsp;&nbsp;<font color='#ED7745'>Select</font> <br> <br> <br>&nbsp;&nbsp;&nbsp;&nbsp;&nbsp;নির্বাচন করা",
                        "utext1": "",
                        "dtext1": "",
                        "text1": "<font color='#ED7745'>Select</font> your aim in life. <br>তোমার জীবনের উদ্দেশ্য ঠিক করো । <br> <br>Ratan was <font color='#ED7745'>selected</font> the captain of the team. <br>রতন দলের অধিনায়ক নির্বাচিত হলো । <br> <br>The leader said, \"<font color='#ED7745'>Select</font> me\". <br>নেতাটি বললেন,\"আমায় নির্বাচিত করুন\" । <br> <br>Select&nbsp;&nbsp;&nbsp;&nbsp;&nbsp;Selected&nbsp;&nbsp;&nbsp;&nbsp;&nbsp;Selected <br> <br>Translate: তোমরা কাকে নির্বাচন করেছো ?",
                        "description": ""
                      },
                      {
                        "image1": "miss",
                        "name": "Bvb4-Lesson1 (10)",
                        "ltext1": "",
                        "rtext1": "<br> <br>&nbsp;&nbsp;&nbsp;&nbsp;&nbsp;<font color='#ED7745'>Miss</font> <br> <br> <br>&nbsp;&nbsp;&nbsp;&nbsp;&nbsp;ভুল করা",
                        "utext1": "",
                        "dtext1": "",
                        "text1": "Don't <font color='#ED7745'>miss</font> the programme. <br>অনুষ্ঠানটা দেখতে ভুলো না । <br> <br>She <font color='#ED7745'>missed</font> her mother a lot. <br>সে তার মায়ের অভাব বোধ করতো খুব । <br> <br>The player <font color='#ED7745'>missed</font> the catch. <br>খেলোয়াড়টি ক্যাচটা ধরতে পারলো না । <br> <br>Miss&nbsp;&nbsp;&nbsp;&nbsp;&nbsp;Missed&nbsp;&nbsp;&nbsp;&nbsp;&nbsp;Missed <br> <br>Translate: কীভাবে এটা তুমি মিস করলে ?",
                        "description": ""
                      }
]