[
                      {
                        "image1": "leave",
                        "name": "Bvb4-Lesson3 (1)",
                        "ltext1": "",
                        "rtext1": "<br> <br>&nbsp;&nbsp;&nbsp;&nbsp;&nbsp;<font color='#ED7745'>Leave</font> <br> <br> <br>&nbsp;&nbsp;&nbsp;&nbsp;&nbsp;ছেড়ে যাওয়া",
                        "utext1": "",
                        "dtext1": "",
                        "text1": "Ten minus two <font color='#ED7745'>leaves</font> eight. <br>দশ থেকে দুই বাদ দিলে আট থাকে । <br> <br>Let us <font color='#ED7745'>leave</font> the place soon. <br>এখান থেকে তাড়াতাড়ি যাওয়া যাক । <br> <br>Someone has <font color='#ED7745'>left</font> the bag here. <br>কেউ এখানে ব্যাগটা ফেলে গেছে । <br> <br>Leave&nbsp;&nbsp;&nbsp;&nbsp;&nbsp;Left&nbsp;&nbsp;&nbsp;&nbsp;&nbsp;Left <br> <br>Translate: আমার বাড়ি ছেড়ে বেরোতে ভালো লাগে না",
                        "description": ""
                      },
                      {
                        "image1": "grow",
                        "name": "Bvb4-Lesson3 (2)",
                        "ltext1": "",
                        "rtext1": "<br> <br>&nbsp;&nbsp;&nbsp;&nbsp;&nbsp;<font color='#ED7745'>Grow</font> <br> <br> <br>&nbsp;&nbsp;&nbsp;&nbsp;&nbsp;বাড়া, বাড়ানো",
                        "utext1": "",
                        "dtext1": "",
                        "text1": "A boy <font color='#ED7745'>grows</font> into a man. <br>ছেলেটা লোকে পরিণত হলো । <br> <br>The business <font color='#ED7745'>grew</font> under new owners. <br>ব্যবসাটা নতুন মালিকদের হাতে গড়ে উঠলো । <br> <br>The plant has <font color='#ED7745'>grown</font> up into a tree now. <br>গাছটা বৃক্ষে পরিণত হয়েছে । <br> <br>Grow&nbsp;&nbsp;&nbsp;&nbsp;&nbsp;Grew&nbsp;&nbsp;&nbsp;&nbsp;&nbsp;Grown <br> <br>Translate: ওঃ, কত বড়ো হয়ে গেছো তুমি !",
                        "description": ""
                      },
                      {
                        "image1": "count",
                        "name": "Bvb4-Lesson3 (3)",
                        "ltext1": "",
                        "rtext1": "<br> <br>&nbsp;&nbsp;&nbsp;&nbsp;&nbsp;<font color='#ED7745'>Count</font> <br> <br> <br>&nbsp;&nbsp;&nbsp;&nbsp;&nbsp;গণনা করা",
                        "utext1": "",
                        "dtext1": "",
                        "text1": "Can you <font color='#ED7745'>count</font> up to 100 ? <br>একশো পর্যন্ত গুনতে পারো ? <br> <br><font color='#ED7745'>Count</font> yourself lucky being in the team. <br>টিমে আছ বলে নিজেকে ভাগ্যবান ভাবো । <br> <br>Their words do not <font color='#ED7745'>count</font>. <br>তাদের কথা কাজে লাগে না । <br> <br>Count&nbsp;&nbsp;&nbsp;&nbsp;&nbsp;Counted&nbsp;&nbsp;&nbsp;&nbsp;&nbsp;Counted <br> <br>Translate: ওঘরে কজন আছে গুণে বলো",
                        "description": ""
                      },
                      {
                        "image1": "fix",
                        "name": "Bvb4-Lesson3 (4)",
                        "ltext1": "",
                        "rtext1": "<br> <br>&nbsp;&nbsp;&nbsp;&nbsp;&nbsp;<font color='#ED7745'>Fix</font> <br> <br> <br>&nbsp;&nbsp;&nbsp;&nbsp;&nbsp;ঠিক করা, স্থির হওয়া",
                        "utext1": "",
                        "dtext1": "",
                        "text1": "You should <font color='#ED7745'>fix</font> the target. <br>তোমার উচিৎ লক্ষ্য স্থির করা । <br> <br>Let us <font color='#ED7745'>fix</font> the picture to the frame. <br>চলো, ছবিটা ফ্রেমে লাগাই । <br> <br>The date of the final is <font color='#ED7745'>fixed</font>. <br>ফাইনালের দিন ঠিক হয়ে গেছে । <br> <br>Fix&nbsp;&nbsp;&nbsp;&nbsp;&nbsp;Fixed&nbsp;&nbsp;&nbsp;&nbsp;&nbsp;Fixed <br> <br>Translate: যাবার দিন ঠিক হয়েছে ?",
                        "description": ""
                      },
                      {
                        "image1": "need",
                        "name": "Bvb4-Lesson3 (5)",
                        "ltext1": "",
                        "rtext1": "<br> <br>&nbsp;&nbsp;&nbsp;&nbsp;&nbsp;<font color='#ED7745'>Need</font> <br> <br> <br>&nbsp;&nbsp;&nbsp;&nbsp;&nbsp;প্রয়োজন বোধ করা",
                        "utext1": "",
                        "dtext1": "",
                        "text1": "I <font color='#ED7745'>need</font> your help. <br>আমি তোমার সাহায্য চাই । <br> <br>Do you really <font color='#ED7745'>need</font> the pen ? <br>তোমার কি পেনটা দরকার ? <br> <br>Your advice is not <font color='#ED7745'>needed</font>. <br>তোমার উপদেশ দরকার নেই । <br> <br>Need&nbsp;&nbsp;&nbsp;&nbsp;&nbsp;Needed&nbsp;&nbsp;&nbsp;&nbsp;&nbsp;Needed <br> <br>Translate: এসময়ে ওর তোমাকে দরকার",
                        "description": ""
                      },
                      {
                        "image1": "fill",
                        "name": "Bvb4-Lesson3 (6)",
                        "ltext1": "",
                        "rtext1": "<br> <br>&nbsp;&nbsp;&nbsp;&nbsp;&nbsp;<font color='#ED7745'>Fill</font> <br> <br> <br>&nbsp;&nbsp;&nbsp;&nbsp;&nbsp;ভর্তি করা",
                        "utext1": "",
                        "dtext1": "",
                        "text1": "<font color='#ED7745'>Fill</font> your life with joy. <br>জীবনকে আনন্দে ভরে তোলো । <br> <br>Suniti had tried to <font color='#ED7745'>fill</font> in the blanks. <br>সুনীতি চেষ্টা করলো শূণ্যস্থান পূরণ করতে । <br> <br>A beautiful music <font color='#ED7745'>filled</font> the room. <br>একটা সুন্দর সঙ্গীতে ঘরটা ভরে গেল । <br> <br>Fill&nbsp;&nbsp;&nbsp;&nbsp;&nbsp;Filled&nbsp;&nbsp;&nbsp;&nbsp;&nbsp;Filled <br> <br>Translate: বালতিটা ভরে আনতো",
                        "description": ""
                      },
                      {
                        "image1": "hate",
                        "name": "Bvb4-Lesson3 (7)",
                        "ltext1": "",
                        "rtext1": "<br> <br>&nbsp;&nbsp;&nbsp;&nbsp;&nbsp;<font color='#ED7745'>Hate</font> <br> <br> <br>&nbsp;&nbsp;&nbsp;&nbsp;&nbsp;ঘৃণা করা",
                        "utext1": "",
                        "dtext1": "",
                        "text1": "I <font color='#ED7745'>hate</font> unfit people. <br>আমি অপটু লোকদের ঘৃণা করি । <br> <br>Can you <font color='#ED7745'>hate</font> her for her ignorance ? <br>তুমি কি তার অজ্ঞানতার জন্য তাকে ঘৃণা করতে পারো ? <br> <br>Crime is <font color='#ED7745'>hated</font> by all. <br>অপরাধকে সবাই ঘৃণা করে । <br> <br>Hate&nbsp;&nbsp;&nbsp;&nbsp;&nbsp;Hated&nbsp;&nbsp;&nbsp;&nbsp;&nbsp;Hated <br> <br>Translate: গরীবকে ঘৃণা করতে নেই",
                        "description": ""
                      },
                      {
                        "image1": "kill",
                        "name": "Bvb4-Lesson3 (8)",
                        "ltext1": "",
                        "rtext1": "<br> <br>&nbsp;&nbsp;&nbsp;&nbsp;&nbsp;<font color='#ED7745'>Kill</font> <br> <br> <br>&nbsp;&nbsp;&nbsp;&nbsp;&nbsp;মেরে ফেলা",
                        "utext1": "",
                        "dtext1": "",
                        "text1": "Too much garlic <font color='#ED7745'>kills</font> the taste of the food. <br>এতো রসুনে রান্নার স্বাদ নষ্ট হয় । <br> <br>My shoes are <font color='#ED7745'>killing</font> me. <br>আমার জুতো আমায় পাগল করছে । <br> <br>The soldier was <font color='#ED7745'>killed</font> in a war. <br>সৈন্যটি যুদ্ধে মারা গেলো । <br> <br>Kill&nbsp;&nbsp;&nbsp;&nbsp;&nbsp;Killed&nbsp;&nbsp;&nbsp;&nbsp;&nbsp;Killed <br> <br>Translate: থামো ! আমায় হাসিয়ে মেরে ফেলবে তুমি",
                        "description": ""
                      },
                      {
                        "image1": "die",
                        "name": "Bvb4-Lesson3 (9)",
                        "ltext1": "",
                        "rtext1": "<br> <br>&nbsp;&nbsp;&nbsp;&nbsp;&nbsp;<font color='#ED7745'>Die</font> <br> <br> <br>&nbsp;&nbsp;&nbsp;&nbsp;&nbsp;মারা যাওয়া",
                        "utext1": "",
                        "dtext1": "",
                        "text1": "Martyrs never <font color='#ED7745'>die</font>. <br>শহীদের মৃত্যু নেই । <br> <br>I am <font color='#ED7745'>dying</font> for a box of chocolates. <br>আমি এক বাক্স চকোলেটের জন্যে পাগল হয়ে যাচ্ছি । <br> <br>Cowards die many times before their <font color='#ED7745'>death</font>. <br>কাপুরুষরা মরার আগে অনেকবার মরে । <br> <br>Die&nbsp;&nbsp;&nbsp;&nbsp;&nbsp;Died&nbsp;&nbsp;&nbsp;&nbsp;&nbsp;Died <br> <br>Translate: উনি কী করে মারা গেলেন ?",
                        "description": ""
                      },
                      {
                        "image1": "finish",
                        "name": "Bvb4-Lesson3 (10)",
                        "ltext1": "",
                        "rtext1": "<br> <br>&nbsp;&nbsp;&nbsp;&nbsp;&nbsp;<font color='#ED7745'>Finish</font> <br> <br> <br>&nbsp;&nbsp;&nbsp;&nbsp;&nbsp;শেষ করা",
                        "utext1": "",
                        "dtext1": "",
                        "text1": "<font color='#ED7745'>Finish</font> your job. <br>তোমার কাজ শেষ করো । <br> <br>Tapan is <font color='#ED7745'>finished</font> because of lying. <br>মিথ্যে বলার জন্য তপন শেষ হয়ে গেল ।<br> <br>Can you <font color='#ED7745'>finish</font> the writing ? <br>তুমি কি লেখাটা শেষ করতে পারো ? <br> <br>Finish&nbsp;&nbsp;&nbsp;&nbsp;&nbsp;Finished&nbsp;&nbsp;&nbsp;&nbsp;&nbsp;Finished <br> <br>Translate: খাওয়া শেষ করে দেখা করো",
                        "description": ""
                      }
]