[
                      {
                        "image1": "send",
                        "name": "Bvb4-Lesson2 (1)",
                        "ltext1": "",
                        "rtext1": "<br> <br>&nbsp;&nbsp;&nbsp;&nbsp;&nbsp;<font color='#ED7745'>Send</font> <br> <br> <br>&nbsp;&nbsp;&nbsp;&nbsp;&nbsp;পাঠানো",
                        "utext1": "",
                        "dtext1": "",
                        "text1": "Can you <font color='#ED7745'>send</font> him there ? <br>তুমি কি তাকে ওখানে পাঠাতে পারো ? <br> <br>The thief was <font color='#ED7745'>sent</font> to prison. <br>চোরটিকে জেলে পাঠানো হলো । <br> <br>People think that Barun was <font color='#ED7745'>sent</font> by God. <br>মানুষ মনে করে বরুণ ঈশ্বরপ্রেরিত ছিল । <br> <br>Send&nbsp;&nbsp;&nbsp;&nbsp;&nbsp;Sent&nbsp;&nbsp;&nbsp;&nbsp;&nbsp;Sent <br> <br>Translate: জয়া জন্মদিনে ফুল পাঠিয়েছিল",
                        "description": ""
                      },
                      {
                        "image1": "show",
                        "name": "Bvb4-Lesson2 (2)",
                        "ltext1": "",
                        "rtext1": "<br> <br>&nbsp;&nbsp;&nbsp;&nbsp;&nbsp;<font color='#ED7745'>Show</font> <br> <br> <br>&nbsp;&nbsp;&nbsp;&nbsp;&nbsp;দেখানো",
                        "utext1": "",
                        "dtext1": "",
                        "text1": "The mother said, \"<font color='#ED7745'>Show</font> me your face\". <br>মা বললো,\"আমায় তোমার মুখ দেখাও\" । <br> <br>Jhuma <font color='#ED7745'>showed</font> the judges her talent. <br>ঝুমা বিচারকদের তার গুণপনা দেখিয়েছিলো । <br> <br>The employee was <font color='#ED7745'>shown</font> the door. <br>কর্মচারীটিকে তাড়িয়ে দেওয়া হলো । <br> <br>Show&nbsp;&nbsp;&nbsp;&nbsp;&nbsp;Showed&nbsp;&nbsp;&nbsp;&nbsp;&nbsp;Shown <br> <br>Translate: তোমার হাতে কী দেখাও",
                        "description": ""
                      },
                      {
                        "image1": "wait",
                        "name": "Bvb4-Lesson2 (3)",
                        "ltext1": "",
                        "rtext1": "<br> <br>&nbsp;&nbsp;&nbsp;&nbsp;&nbsp;<font color='#ED7745'>Wait</font> <br> <br> <br>&nbsp;&nbsp;&nbsp;&nbsp;&nbsp;অপেক্ষা করা",
                        "utext1": "",
                        "dtext1": "",
                        "text1": "Can you not <font color='#ED7745'>wait</font> for me ? <br>তুমি কি আমার জন্য অপেক্ষা করতে পারবে না ? <br> <br><font color='#ED7745'>Wait</font> till the end of the game. <br>খেলার শেষ অবধি অপেক্ষা করো । <br> <br>Babu <font color='#ED7745'>waited</font> there till 9 p.m. <br>বাবু সেখানে রাত ন'টা অবধি অপেক্ষা করেছিল । <br> <br>Wait&nbsp;&nbsp;&nbsp;&nbsp;&nbsp;Waited&nbsp;&nbsp;&nbsp;&nbsp;&nbsp;Waited <br> <br>Translate: অপেক্ষা করো, দেখতে পাবে",
                        "description": ""
                      },
                      {
                        "image1": "save",
                        "name": "Bvb4-Lesson2 (4)",
                        "ltext1": "",
                        "rtext1": "<br> <br>&nbsp;&nbsp;&nbsp;&nbsp;&nbsp;<font color='#ED7745'>Save</font> <br> <br> <br>&nbsp;&nbsp;&nbsp;&nbsp;&nbsp;বাঁচানো, জমানো",
                        "utext1": "",
                        "dtext1": "",
                        "text1": "Save trees, <font color='#ED7745'>save</font> environment. <br>গাছ বাঁচাও, পরিবেশ বাঁচাও । <br> <br>The goalkeeper could <font color='#ED7745'>save</font> the ball. <br>গোলরক্ষক বলটা বাঁচাতে পারলো । <br> <br>The father said, \"<font color='#ED7745'>Save</font> for future\". <br>বাবা বললেন, \"ভবিষ্যতের জন্য জমাও\" । <br> <br>Save&nbsp;&nbsp;&nbsp;&nbsp;&nbsp;Saved&nbsp;&nbsp;&nbsp;&nbsp;&nbsp;Saved <br> <br>Translate: রোগীটিকে বাঁচানো গেলো",
                        "description": ""
                      },
                      {
                        "image1": "plan",
                        "name": "Bvb4-Lesson2 (5)",
                        "ltext1": "",
                        "rtext1": "<br> <br>&nbsp;&nbsp;&nbsp;&nbsp;&nbsp;<font color='#ED7745'>Plan</font> <br> <br> <br>&nbsp;&nbsp;&nbsp;&nbsp;&nbsp;পরিকল্পনা করা",
                        "utext1": "",
                        "dtext1": "",
                        "text1": "The coach <font color='#ED7745'>plans</font> for the game. <br>কোচ খেলার পরিকল্পনা করে । <br> <br>If you fail to plan then you have <font color='#ED7745'>planned</font> to fail. <br>যদি পরিকল্পনা করতে ব্যর্থ হও, তাহলে ব্যর্থ হবার পরিকল্পনা করেছো । <br> <br>Everything cannot be <font color='#ED7745'>planned</font> before.<br>আগে থেকে সব পরিকল্পনা করা যায় না । <br> <br>Plan&nbsp;&nbsp;&nbsp;&nbsp;&nbsp;Planned&nbsp;&nbsp;&nbsp;&nbsp;&nbsp;Planned <br> <br>Translate: তোমার পরিকল্পনাটা কী ?",
                        "description": ""
                      },
                      {
                        "image1": "change",
                        "name": "Bvb4-Lesson2 (6)",
                        "ltext1": "",
                        "rtext1": "<br> <br>&nbsp;&nbsp;&nbsp;&nbsp;&nbsp;<font color='#ED7745'>Change</font> <br> <br> <br>&nbsp;&nbsp;&nbsp;&nbsp;&nbsp;বদল করা/ হওয়া",
                        "utext1": "",
                        "dtext1": "",
                        "text1": "Please <font color='#ED7745'>change</font> your shirt. <br>দয়া করে জামাটা পাল্টাও । <br> <br>He is a <font color='#ED7745'>changed</font> person now. <br>তিনি এখন অন্য মানুষ । <br> <br>Kabita has <font color='#ED7745'>changed</font> her mind. <br>কবিতা তার মত বদল করেছে । <br> <br>Change&nbsp;&nbsp;&nbsp;&nbsp;&nbsp;Changed&nbsp;&nbsp;&nbsp;&nbsp;&nbsp;Changed <br> <br>ranslate: নিতু একেবারে বদলে গেছে",
                        "description": ""
                      },
                      {
                        "image1": "check",
                        "name": "Bvb4-Lesson2 (7)",
                        "ltext1": "",
                        "rtext1": "<br> <br>&nbsp;&nbsp;&nbsp;&nbsp;&nbsp;<font color='#ED7745'>Check</font> <br> <br> <br>&nbsp;&nbsp;&nbsp;&nbsp;&nbsp;পরীক্ষা করা, বাধা দেওয়া",
                        "utext1": "",
                        "dtext1": "",
                        "text1": "The doctor is <font color='#ED7745'>checking</font>  the patient. <br>ডাক্তার রোগীটিকে পরীক্ষা করছেন । <br> <br>The quality of the product is not <font color='#ED7745'>checked</font>. <br>জিনিসটার গুণমান পরীক্ষিত নয় । <br> <br>Can you <font color='#ED7745'>check</font> his bad habits ? <br>তুমি কি তার বাজে স্বভাব আটকাতে পারো ? <br> <br>Check&nbsp;&nbsp;&nbsp;&nbsp;&nbsp;Checked&nbsp;&nbsp;&nbsp;&nbsp;&nbsp;Checked <br> <br>Translate: দেখে নাও, ঠিক আছে কিনা",
                        "description": ""
                      },
                      {
                        "image1": "match",
                        "name": "Bvb4-Lesson2 (8)",
                        "ltext1": "",
                        "rtext1": "<br> <br>&nbsp;&nbsp;&nbsp;&nbsp;&nbsp;<font color='#ED7745'>Match</font> <br> <br> <br>&nbsp;&nbsp;&nbsp;&nbsp;&nbsp;মানানসই করা",
                        "utext1": "",
                        "dtext1": "",
                        "text1": "Please  <font color='#ED7745'>match</font> the answers. <br>দয়া করে উত্তরগুলো মিলিয়ে নাও । <br> <br>The shoes do not <font color='#ED7745'>match</font> with the shirt. <br>জামার সঙ্গে জুতোটা মানায় না । <br> <br>A horse can not be <font color='#ED7745'>matched</font> with a tiger. <br>বাঘের সঙ্গে ঘোড়ার তুলনা চলে না । <br> <br>Match&nbsp;&nbsp;&nbsp;&nbsp;&nbsp;Matched&nbsp;&nbsp;&nbsp;&nbsp;&nbsp;Matched <br> <br>Translate: গেলাসদুটো এখানে মানাচ্ছে না",
                        "description": ""
                      },
                      {
                        "image1": "turn",
                        "name": "Bvb4-Lesson2 (9)",
                        "ltext1": "",
                        "rtext1": "<br> <br>&nbsp;&nbsp;&nbsp;&nbsp;&nbsp;<font color='#ED7745'>Turn</font> <br> <br> <br>&nbsp;&nbsp;&nbsp;&nbsp;&nbsp;ঘোরা, ঘোরানো",
                        "utext1": "",
                        "dtext1": "",
                        "text1": "Irfan tried to <font color='#ED7745'>turn</font> people against Arjun. <br>ইরফান চেষ্টা করেছিলো জনগণকে অর্জুনের বিরুদ্ধে ঘোরাতে । <br> <br>The shirt has <font color='#ED7745'>turned</font> into black. <br>জামাটা কালো রং হয়ে গিয়েছে । <br> <br>He is a writer <font color='#ED7745'>turned</font> actor. <br>সে একজন লেখক থেকে নায়ক । <br> <br>Turn&nbsp;&nbsp;&nbsp;&nbsp;&nbsp;Turned&nbsp;&nbsp;&nbsp;&nbsp;&nbsp;Turned <br> <br>Translate: যতীন ঘুরে আমায় দেখলো",
                        "description": ""
                      },
                      {
                        "image1": "rise",
                        "name": "Bvb4-Lesson2 (10)",
                        "ltext1": "",
                        "rtext1": "<br> <br>&nbsp;&nbsp;&nbsp;&nbsp;&nbsp;<font color='#ED7745'>Rise</font> <br> <br> <br>&nbsp;&nbsp;&nbsp;&nbsp;&nbsp;ওঠা, বাড়া",
                        "utext1": "",
                        "dtext1": "",
                        "text1": "<font color='#ED7745'>Rise</font> early and start your day. <br>সকালে আগে ওঠো আর দিন শুরু করো । <br> <br>Prices of goods are <font color='#ED7745'>rising</font>. <br>জিনিসপত্রের দাম বেড়ে চলেছে । <br> <br>The sun finally had <font color='#ED7745'>risen</font> above the sea. <br>শেষ পর্যন্ত সূর্য সমুদ্রের ওপর দিয়ে উঠলো । <br> <br>Rise&nbsp;&nbsp;&nbsp;&nbsp;&nbsp;Rose&nbsp;&nbsp;&nbsp;&nbsp;&nbsp;Risen <br> <br>Translate: দাম কি বেড়েই যাবে ?",
                        "description": ""
                      }
]