[
                      {
                        "description": "",
                        "image1": "",
                        "name": "BvC2-Lesson3 (1)",
                        "text1": "Get me a glass of water.",
                        "text2": "You are asked to get me a glass of water. <br> <br>এটা নির্দেশ ধরে asked লেখা হল, যদিও ordered-ও লেখা যেত আদেশ ধরে । আরো লক্ষ্য কর, এটা let দিয়ে শুরু করলে Let a glass of water be got for me লিখতে হত, যার চেয়ে You are asked to get me a glass of water শুনতে ভাল । asked-এর বদলে told-ও লেখা যায় ।"
                      },
                      {
                        "description": "",
                        "image1": "",
                        "name": "BvC2-Lesson3 (2)",
                        "text1": "May God bless you.",
                        "text2": "May you be blessed by God. <br> <br>May God bless you অর্থ হল ঈশ্বর তোমায় আশীর্বাদ করুন । bless - আশীর্বাদ (বা কৃপা) । এটা আদেশ, নির্দেশ, অনুরোধ, দাবী, প্রশ্ন - কিছুই নয় । এটা আশা এবং একটি বিশেষ ব্যবহার - May দিয়ে শুরু । passive voice-এ you-কে subject করতে হবে । তাই হল May you be blessed by God ।"
                      },
                      {
                        "description": "",
                        "image1": "",
                        "name": "BvC2-Lesson3 (3)",
                        "text1": "Does tiger eat grass ?",
                        "text2": "Is grass eaten by tiger ? <br> <br>প্রশ্নেরও passive voice হয় । আগে 'passive voice-এর জন্য বাঘ কি ঘাস খায়'-কে সাজিয়ে নিতে হবে 'ঘাস কি বাঘের দ্বারা খাওয়া হয়' । এবার এটার উত্তরটা ভাবো - Grass is eaten by tiger, যেহেতু passive voice-এ grass হবে subject  আর eat-ate-eaten । এখন উত্তরটা প্রশ্ন করলে হবে - Is grass eaten by tiger ? ঠিক এইভাবে পরপর ভাববে । ভুল - Does grass be eaten by tiger ?"
                      },
                      {
                        "description": "",
                        "image1": "",
                        "name": "BvC2-Lesson3 (4)",
                        "text1": "Is a doctor going to examine you ?",
                        "text2": "Are you going to be examined by a doctor ? <br> <br>Passive voice-এর জন্য সাজিয়ে নাও - ডাক্তারের দ্বারা তুমি কি পরীক্ষিত হতে যাচ্ছ । উত্তর হল - ডাক্তারের দ্বারা তুমি পরীক্ষিত হতে যাচ্ছ, যার ইংরিজি you are going to be examined by a doctor । এবার ঘুরিয়ে প্রশ্ন করলে দাঁড়াবে - Are you going to be examined by a doctor ? ভুল - Are you being gone to be examined by a doctor ।"
                      },
                      {
                        "description": "",
                        "image1": "",
                        "name": "BvC2-Lesson3 (5)",
                        "text1": "Have the police found the body ?",
                        "text2": "Has the body been found by the police ? <br> <br>আগের উদাহরণের মত করে ভাবো । 'পুলিশ কি দেহটা খুঁজে পেয়েছে'-কে সাজিয়ে নাও 'পুলিশের দ্বারা দেহটা কি খুঁজে পাওয়া গেছে' । এর উত্তর হল, পুলিশের দ্বারা দেহটা খুঁজে পাওয়া গেছে, যার ইংরিজি The body has been found by the police । এবার এটাকে ঘুরিয়ে প্রশ্ন কর - Has the body been found by the police ? ভুল - Has been the body found by the police ।"
                      },
                      {
                        "description": "",
                        "image1": "",
                        "name": "BvC2-Lesson3 (6",
                        "text1": "Shall I ever forget those happy days ?",
                        "text2": "Will those happy days be ever forgotten by me ? <br> <br>'আমি কি কখনো সেই আনন্দের দিনগুলিকে ভুলতে পারব'-কে সাজিয়ে নাও 'আমার দ্বারা কি সেই আনন্দের দিনগুলি কখনো ভোলা যাবে' । এবার উত্তর - আমার দ্বারা সেই আনন্দের দিনগুলি কখনো ভোলা যাবে, যার ইংরিজি Those happy days will ever be forgotten by me । কারণ forget-forgot-forgotten । এবার ঘুরিয়ে নিলেই প্রশ্নটা চলে আসবে ।"
                      },
                      {
                        "description": "",
                        "image1": "",
                        "name": "BvC2-Lesson3 (7)",
                        "text1": "Did they catch the thief ?",
                        "text2": "Was the thief caught ? <br> <br>'তারা কি চোরটাকে ধরল'-কে সাজিয়ে নাও '[তাদের দ্বারা] কি চোরটা ধরা পড়ল' । অতএব passive voice-এ thief হবে subject । এবার আগে প্রশ্নকে উত্তর করে নাও - The thief was caught (চোরটা ধরা পড়ল) । এবার ঘুরিয়ে প্রশ্ন করে দাও - Was the thief caught । বাদ দেওয়া যেতে পারে - by them ।"
                      },
                      {
                        "description": "",
                        "image1": "",
                        "name": "BvC2-Lesson3 (8)",
                        "text1": "Who did this ?",
                        "text2": "By whom was this done ? <br> <br>'কে এটা করেছে'-কে passive voice-এ সাজিয়ে নাও 'কার দ্বারা এটা করা হয়েছে' । অতএব passive voice-এ this হবে subject ।  এখন উত্তর যদি হত, তাহলে হত this was done by whom । প্রশ্ন বলে হল By whom was this done ।"
                      },
                      {
                        "description": "",
                        "image1": "",
                        "name": "BvC2-Lesson3 (9)",
                        "text1": "Why did your sister write such a letter ?",
                        "text2": "Why was such a letter written by your sister ? <br> <br>'কেন তোমার বোন এমন একটা চিঠি লিখতে গেল'-কে সাজিয়ে নাও 'এমন একটা চিঠি কেন তোমার বোনের দ্বারা লেখা হল' । তাই passive voice-এ subject হল চিঠি । এবার উত্তরটা ভাবো - এমন একটা চিঠি কেন তোমার বোনের দ্বারা লেখা হল, যার ইংরিজি হল Such a letter was written by your sister । প্রশ্নের জন্য ঘুরিয়ে নাও - Why was such a letter written by your sister ? ভুল - Why such a letter was written by your sister ?"
                      },
                      {
                        "description": "",
                        "image1": "",
                        "name": "BvC2-Lesson3 (10)",
                        "text1": "Had you not seen the sky today ?",
                        "text2": "Had not the sky been seen by you today ? <br> <br>'আজ কি তুমি আকাশটা দেখ নি'-কে passive voice করতে হলে সাজিয়ে নাও 'আজ কি আকাশটা তোমার দ্বারা দেখা হয় নি' । এর উত্তর হল - আজ আকাশটা তোমার দ্বারা দেখা হয় নি, যার ইংরিজি The sky had not been seen by you today । ঘোরাও - Had not the sky been seen by you today । ভুল - Had not been the sky seen by you today । ঠিক - Had the sky been not seen by you today ।"
                      },
                      {
                        "description": "",
                        "image1": "",
                        "name": "BvC2-Lesson3 (11)",
                        "text1": "Where is your mother going today ?",
                        "text2": "এটার passive voice হয় না, কারণ active voice-এ কোন object নেই, যাকে passive voice-এ subject করা যায় ।"
                      }
]